/*
Navicat MySQL Data Transfer

Source Server         : localmysql
Source Server Version : 50610
Source Host           : localhost:3306
Source Database       : jeesite

Target Server Type    : MYSQL
Target Server Version : 50610
File Encoding         : 65001

Date: 2013-05-10 15:00:12
*/

SET FOREIGN_KEY_CHECKS=0;

-- ----------------------------
-- Table structure for `act_ge_bytearray`
-- ----------------------------
DROP TABLE IF EXISTS `act_ge_bytearray`;
CREATE TABLE `act_ge_bytearray` (
  `ID_` varchar(64) COLLATE utf8_bin NOT NULL DEFAULT '',
  `REV_` int(11) DEFAULT NULL,
  `NAME_` varchar(255) COLLATE utf8_bin DEFAULT NULL,
  `DEPLOYMENT_ID_` varchar(64) COLLATE utf8_bin DEFAULT NULL,
  `BYTES_` longblob,
  `GENERATED_` tinyint(4) DEFAULT NULL,
  PRIMARY KEY (`ID_`),
  KEY `ACT_FK_BYTEARR_DEPL` (`DEPLOYMENT_ID_`),
  CONSTRAINT `ACT_FK_BYTEARR_DEPL` FOREIGN KEY (`DEPLOYMENT_ID_`) REFERENCES `act_re_deployment` (`ID_`)
) ENGINE=InnoDB DEFAULT CHARSET=utf8 COLLATE=utf8_bin;

-- ----------------------------
-- Records of act_ge_bytearray
-- ----------------------------
INSERT INTO `act_ge_bytearray` VALUES ('2', '1', 'leave.bpmn20.xml', '1', 0x3C3F786D6C2076657273696F6E3D22312E302220656E636F64696E673D225554462D38223F3E0A3C646566696E6974696F6E7320786D6C6E733D22687474703A2F2F7777772E6F6D672E6F72672F737065632F42504D4E2F32303130303532342F4D4F44454C2220786D6C6E733A7873693D22687474703A2F2F7777772E77332E6F72672F323030312F584D4C536368656D612D696E7374616E63652220786D6C6E733A61637469766974693D22687474703A2F2F61637469766974692E6F72672F62706D6E2220786D6C6E733A62706D6E64693D22687474703A2F2F7777772E6F6D672E6F72672F737065632F42504D4E2F32303130303532342F44492220786D6C6E733A6F6D6764633D22687474703A2F2F7777772E6F6D672E6F72672F737065632F44442F32303130303532342F44432220786D6C6E733A6F6D6764693D22687474703A2F2F7777772E6F6D672E6F72672F737065632F44442F32303130303532342F44492220747970654C616E67756167653D22687474703A2F2F7777772E77332E6F72672F323030312F584D4C536368656D61222065787072657373696F6E4C616E67756167653D22687474703A2F2F7777772E77332E6F72672F313939392F585061746822207461726765744E616D6573706163653D22687474703A2F2F7777772E6B6166656974752E6D652F64656D6F2F61637469766974692F6C65617665223E0A20203C70726F636573732069643D226C6561766522206E616D653D22E8AFB7E58187E6B581E7A88B2220697345786563757461626C653D2274727565223E0A202020203C646F63756D656E746174696F6E3EE8AFB7E58187E6B581E7A88BE6BC94E7A4BA3C2F646F63756D656E746174696F6E3E0A202020203C73746172744576656E742069643D2273746172746576656E743122206E616D653D225374617274222061637469766974693A696E69746961746F723D226170706C79557365724964223E3C2F73746172744576656E743E0A202020203C757365725461736B2069643D22646570744C6561646572417564697422206E616D653D22E983A8E997A8E9A286E5AFBCE5AEA1E689B9222061637469766974693A63616E64696461746547726F7570733D22646570744C6561646572223E3C2F757365725461736B3E0A202020203C6578636C7573697665476174657761792069643D226578636C7573697665676174657761793522206E616D653D224578636C75736976652047617465776179223E3C2F6578636C7573697665476174657761793E0A202020203C757365725461736B2069643D226D6F646966794170706C7922206E616D653D22E8B083E695B4E794B3E8AFB7222061637469766974693A61737369676E65653D22247B6170706C795573657249647D223E0A2020202020203C657874656E73696F6E456C656D656E74733E0A20202020202020203C61637469766974693A7461736B4C697374656E6572206576656E743D22636F6D706C657465222064656C656761746545787072657373696F6E3D22247B6C656176654D6F6469667950726F636573736F727D223E3C2F61637469766974693A7461736B4C697374656E65723E0A2020202020203C2F657874656E73696F6E456C656D656E74733E0A202020203C2F757365725461736B3E0A202020203C757365725461736B2069643D226872417564697422206E616D653D22E4BABAE4BA8BE5AEA1E689B9222061637469766974693A63616E64696461746547726F7570733D226872223E3C2F757365725461736B3E0A202020203C6578636C7573697665476174657761792069643D226578636C7573697665676174657761793622206E616D653D224578636C75736976652047617465776179223E3C2F6578636C7573697665476174657761793E0A202020203C757365725461736B2069643D227265706F72744261636B22206E616D653D22E99480E58187222061637469766974693A61737369676E65653D22247B6170706C795573657249647D223E0A2020202020203C657874656E73696F6E456C656D656E74733E0A20202020202020203C61637469766974693A7461736B4C697374656E6572206576656E743D22636F6D706C657465222064656C656761746545787072657373696F6E3D22247B6C656176655265706F727450726F636573736F727D223E3C2F61637469766974693A7461736B4C697374656E65723E0A2020202020203C2F657874656E73696F6E456C656D656E74733E0A202020203C2F757365725461736B3E0A202020203C656E644576656E742069643D22656E646576656E743122206E616D653D22456E64223E3C2F656E644576656E743E0A202020203C6578636C7573697665476174657761792069643D226578636C7573697665676174657761793722206E616D653D224578636C75736976652047617465776179223E3C2F6578636C7573697665476174657761793E0A202020203C73657175656E6365466C6F772069643D22666C6F77322220736F757263655265663D2273746172746576656E743122207461726765745265663D22646570744C65616465724175646974223E3C2F73657175656E6365466C6F773E0A202020203C73657175656E6365466C6F772069643D22666C6F77332220736F757263655265663D22646570744C6561646572417564697422207461726765745265663D226578636C75736976656761746577617935223E3C2F73657175656E6365466C6F773E0A202020203C73657175656E6365466C6F772069643D22666C6F773422206E616D653D22E4B88DE5908CE6848F2220736F757263655265663D226578636C7573697665676174657761793522207461726765745265663D226D6F646966794170706C79223E0A2020202020203C636F6E646974696F6E45787072657373696F6E207873693A747970653D2274466F726D616C45787072657373696F6E223E3C215B43444154415B247B21646570744C6561646572506173737D5D5D3E3C2F636F6E646974696F6E45787072657373696F6E3E0A202020203C2F73657175656E6365466C6F773E0A202020203C73657175656E6365466C6F772069643D22666C6F773522206E616D653D22E5908CE6848F2220736F757263655265663D226578636C7573697665676174657761793522207461726765745265663D2268724175646974223E0A2020202020203C636F6E646974696F6E45787072657373696F6E207873693A747970653D2274466F726D616C45787072657373696F6E223E3C215B43444154415B247B646570744C6561646572506173737D5D5D3E3C2F636F6E646974696F6E45787072657373696F6E3E0A202020203C2F73657175656E6365466C6F773E0A202020203C73657175656E6365466C6F772069643D22666C6F77362220736F757263655265663D226872417564697422207461726765745265663D226578636C75736976656761746577617936223E3C2F73657175656E6365466C6F773E0A202020203C73657175656E6365466C6F772069643D22666C6F773722206E616D653D22E5908CE6848F2220736F757263655265663D226578636C7573697665676174657761793622207461726765745265663D227265706F72744261636B223E0A2020202020203C636F6E646974696F6E45787072657373696F6E207873693A747970653D2274466F726D616C45787072657373696F6E223E3C215B43444154415B247B6872506173737D5D5D3E3C2F636F6E646974696F6E45787072657373696F6E3E0A202020203C2F73657175656E6365466C6F773E0A202020203C73657175656E6365466C6F772069643D22666C6F77382220736F757263655265663D227265706F72744261636B22207461726765745265663D22656E646576656E7431223E3C2F73657175656E6365466C6F773E0A202020203C73657175656E6365466C6F772069643D22666C6F773922206E616D653D22E4B88DE5908CE6848F2220736F757263655265663D226578636C7573697665676174657761793622207461726765745265663D226D6F646966794170706C79223E0A2020202020203C636F6E646974696F6E45787072657373696F6E207873693A747970653D2274466F726D616C45787072657373696F6E223E3C215B43444154415B247B216872506173737D5D5D3E3C2F636F6E646974696F6E45787072657373696F6E3E0A202020203C2F73657175656E6365466C6F773E0A202020203C73657175656E6365466C6F772069643D22666C6F77313022206E616D653D22E9878DE696B0E794B3E8AFB72220736F757263655265663D226578636C7573697665676174657761793722207461726765745265663D22646570744C65616465724175646974223E0A2020202020203C636F6E646974696F6E45787072657373696F6E207873693A747970653D2274466F726D616C45787072657373696F6E223E3C215B43444154415B247B72654170706C797D5D5D3E3C2F636F6E646974696F6E45787072657373696F6E3E0A202020203C2F73657175656E6365466C6F773E0A202020203C73657175656E6365466C6F772069643D22666C6F7731312220736F757263655265663D226D6F646966794170706C7922207461726765745265663D226578636C75736976656761746577617937223E3C2F73657175656E6365466C6F773E0A202020203C73657175656E6365466C6F772069643D22666C6F77313222206E616D653D22E7BB93E69D9FE6B581E7A88B2220736F757263655265663D226578636C7573697665676174657761793722207461726765745265663D22656E646576656E7431223E0A2020202020203C636F6E646974696F6E45787072657373696F6E207873693A747970653D2274466F726D616C45787072657373696F6E223E3C215B43444154415B247B2172654170706C797D5D5D3E3C2F636F6E646974696F6E45787072657373696F6E3E0A202020203C2F73657175656E6365466C6F773E0A20203C2F70726F636573733E0A20203C62706D6E64693A42504D4E4469616772616D2069643D2242504D4E4469616772616D5F6C65617665223E0A202020203C62706D6E64693A42504D4E506C616E652062706D6E456C656D656E743D226C65617665222069643D2242504D4E506C616E655F6C65617665223E0A2020202020203C62706D6E64693A42504D4E53686170652062706D6E456C656D656E743D2273746172746576656E7431222069643D2242504D4E53686170655F73746172746576656E7431223E0A20202020202020203C6F6D6764633A426F756E6473206865696768743D2233352E30222077696474683D2233352E302220783D2231302E302220793D2239302E30223E3C2F6F6D6764633A426F756E64733E0A2020202020203C2F62706D6E64693A42504D4E53686170653E0A2020202020203C62706D6E64693A42504D4E53686170652062706D6E456C656D656E743D22646570744C65616465724175646974222069643D2242504D4E53686170655F646570744C65616465724175646974223E0A20202020202020203C6F6D6764633A426F756E6473206865696768743D2235352E30222077696474683D223130352E302220783D2239302E302220793D2238302E30223E3C2F6F6D6764633A426F756E64733E0A2020202020203C2F62706D6E64693A42504D4E53686170653E0A2020202020203C62706D6E64693A42504D4E53686170652062706D6E456C656D656E743D226578636C75736976656761746577617935222069643D2242504D4E53686170655F6578636C75736976656761746577617935223E0A20202020202020203C6F6D6764633A426F756E6473206865696768743D2234302E30222077696474683D2234302E302220783D223235302E302220793D2238372E30223E3C2F6F6D6764633A426F756E64733E0A2020202020203C2F62706D6E64693A42504D4E53686170653E0A2020202020203C62706D6E64693A42504D4E53686170652062706D6E456C656D656E743D226D6F646966794170706C79222069643D2242504D4E53686170655F6D6F646966794170706C79223E0A20202020202020203C6F6D6764633A426F756E6473206865696768743D2235352E30222077696474683D223130352E302220783D223231382E302220793D223139302E30223E3C2F6F6D6764633A426F756E64733E0A2020202020203C2F62706D6E64693A42504D4E53686170653E0A2020202020203C62706D6E64693A42504D4E53686170652062706D6E456C656D656E743D2268724175646974222069643D2242504D4E53686170655F68724175646974223E0A20202020202020203C6F6D6764633A426F756E6473206865696768743D2235352E30222077696474683D223130352E302220783D223335382E302220793D2238302E30223E3C2F6F6D6764633A426F756E64733E0A2020202020203C2F62706D6E64693A42504D4E53686170653E0A2020202020203C62706D6E64693A42504D4E53686170652062706D6E456C656D656E743D226578636C75736976656761746577617936222069643D2242504D4E53686170655F6578636C75736976656761746577617936223E0A20202020202020203C6F6D6764633A426F756E6473206865696768743D2234302E30222077696474683D2234302E302220783D223439352E302220793D2238372E30223E3C2F6F6D6764633A426F756E64733E0A2020202020203C2F62706D6E64693A42504D4E53686170653E0A2020202020203C62706D6E64693A42504D4E53686170652062706D6E456C656D656E743D227265706F72744261636B222069643D2242504D4E53686170655F7265706F72744261636B223E0A20202020202020203C6F6D6764633A426F756E6473206865696768743D2235352E30222077696474683D223130352E302220783D223539302E302220793D2238302E30223E3C2F6F6D6764633A426F756E64733E0A2020202020203C2F62706D6E64693A42504D4E53686170653E0A2020202020203C62706D6E64693A42504D4E53686170652062706D6E456C656D656E743D22656E646576656E7431222069643D2242504D4E53686170655F656E646576656E7431223E0A20202020202020203C6F6D6764633A426F756E6473206865696768743D2233352E30222077696474683D2233352E302220783D223632352E302220793D223238332E30223E3C2F6F6D6764633A426F756E64733E0A2020202020203C2F62706D6E64693A42504D4E53686170653E0A2020202020203C62706D6E64693A42504D4E53686170652062706D6E456C656D656E743D226578636C75736976656761746577617937222069643D2242504D4E53686170655F6578636C75736976656761746577617937223E0A20202020202020203C6F6D6764633A426F756E6473206865696768743D2234302E30222077696474683D2234302E302220783D223235302E302220793D223238302E30223E3C2F6F6D6764633A426F756E64733E0A2020202020203C2F62706D6E64693A42504D4E53686170653E0A2020202020203C62706D6E64693A42504D4E456467652062706D6E456C656D656E743D22666C6F7732222069643D2242504D4E456467655F666C6F7732223E0A20202020202020203C6F6D6764693A776179706F696E7420783D2234352E302220793D223130372E30223E3C2F6F6D6764693A776179706F696E743E0A20202020202020203C6F6D6764693A776179706F696E7420783D2239302E302220793D223130372E30223E3C2F6F6D6764693A776179706F696E743E0A2020202020203C2F62706D6E64693A42504D4E456467653E0A2020202020203C62706D6E64693A42504D4E456467652062706D6E456C656D656E743D22666C6F7733222069643D2242504D4E456467655F666C6F7733223E0A20202020202020203C6F6D6764693A776179706F696E7420783D223139352E302220793D223130372E30223E3C2F6F6D6764693A776179706F696E743E0A20202020202020203C6F6D6764693A776179706F696E7420783D223235302E302220793D223130372E30223E3C2F6F6D6764693A776179706F696E743E0A2020202020203C2F62706D6E64693A42504D4E456467653E0A2020202020203C62706D6E64693A42504D4E456467652062706D6E456C656D656E743D22666C6F7734222069643D2242504D4E456467655F666C6F7734223E0A20202020202020203C6F6D6764693A776179706F696E7420783D223237302E302220793D223132372E30223E3C2F6F6D6764693A776179706F696E743E0A20202020202020203C6F6D6764693A776179706F696E7420783D223237302E302220793D223139302E30223E3C2F6F6D6764693A776179706F696E743E0A20202020202020203C62706D6E64693A42504D4E4C6162656C3E0A202020202020202020203C6F6D6764633A426F756E6473206865696768743D2231342E30222077696474683D2233362E302220783D2231302E302220793D22302E30223E3C2F6F6D6764633A426F756E64733E0A20202020202020203C2F62706D6E64693A42504D4E4C6162656C3E0A2020202020203C2F62706D6E64693A42504D4E456467653E0A2020202020203C62706D6E64693A42504D4E456467652062706D6E456C656D656E743D22666C6F7735222069643D2242504D4E456467655F666C6F7735223E0A20202020202020203C6F6D6764693A776179706F696E7420783D223239302E302220793D223130372E30223E3C2F6F6D6764693A776179706F696E743E0A20202020202020203C6F6D6764693A776179706F696E7420783D223335382E302220793D223130372E30223E3C2F6F6D6764693A776179706F696E743E0A20202020202020203C62706D6E64693A42504D4E4C6162656C3E0A202020202020202020203C6F6D6764633A426F756E6473206865696768743D2231342E30222077696474683D2232342E302220783D222D32342E302220793D222D31372E30223E3C2F6F6D6764633A426F756E64733E0A20202020202020203C2F62706D6E64693A42504D4E4C6162656C3E0A2020202020203C2F62706D6E64693A42504D4E456467653E0A2020202020203C62706D6E64693A42504D4E456467652062706D6E456C656D656E743D22666C6F7736222069643D2242504D4E456467655F666C6F7736223E0A20202020202020203C6F6D6764693A776179706F696E7420783D223436332E302220793D223130372E30223E3C2F6F6D6764693A776179706F696E743E0A20202020202020203C6F6D6764693A776179706F696E7420783D223439352E302220793D223130372E30223E3C2F6F6D6764693A776179706F696E743E0A2020202020203C2F62706D6E64693A42504D4E456467653E0A2020202020203C62706D6E64693A42504D4E456467652062706D6E456C656D656E743D22666C6F7737222069643D2242504D4E456467655F666C6F7737223E0A20202020202020203C6F6D6764693A776179706F696E7420783D223533352E302220793D223130372E30223E3C2F6F6D6764693A776179706F696E743E0A20202020202020203C6F6D6764693A776179706F696E7420783D223539302E302220793D223130372E30223E3C2F6F6D6764693A776179706F696E743E0A20202020202020203C62706D6E64693A42504D4E4C6162656C3E0A202020202020202020203C6F6D6764633A426F756E6473206865696768743D2231342E30222077696474683D2232342E302220783D222D32322E302220793D222D31372E30223E3C2F6F6D6764633A426F756E64733E0A20202020202020203C2F62706D6E64693A42504D4E4C6162656C3E0A2020202020203C2F62706D6E64693A42504D4E456467653E0A2020202020203C62706D6E64693A42504D4E456467652062706D6E456C656D656E743D22666C6F7738222069643D2242504D4E456467655F666C6F7738223E0A20202020202020203C6F6D6764693A776179706F696E7420783D223634322E302220793D223133352E30223E3C2F6F6D6764693A776179706F696E743E0A20202020202020203C6F6D6764693A776179706F696E7420783D223634322E302220793D223238332E30223E3C2F6F6D6764693A776179706F696E743E0A2020202020203C2F62706D6E64693A42504D4E456467653E0A2020202020203C62706D6E64693A42504D4E456467652062706D6E456C656D656E743D22666C6F7739222069643D2242504D4E456467655F666C6F7739223E0A20202020202020203C6F6D6764693A776179706F696E7420783D223531352E302220793D223132372E30223E3C2F6F6D6764693A776179706F696E743E0A20202020202020203C6F6D6764693A776179706F696E7420783D223531342E302220793D223231372E30223E3C2F6F6D6764693A776179706F696E743E0A20202020202020203C6F6D6764693A776179706F696E7420783D223332332E302220793D223231372E30223E3C2F6F6D6764693A776179706F696E743E0A20202020202020203C62706D6E64693A42504D4E4C6162656C3E0A202020202020202020203C6F6D6764633A426F756E6473206865696768743D2231342E30222077696474683D2233362E302220783D2231302E302220793D22302E30223E3C2F6F6D6764633A426F756E64733E0A20202020202020203C2F62706D6E64693A42504D4E4C6162656C3E0A2020202020203C2F62706D6E64693A42504D4E456467653E0A2020202020203C62706D6E64693A42504D4E456467652062706D6E456C656D656E743D22666C6F773130222069643D2242504D4E456467655F666C6F773130223E0A20202020202020203C6F6D6764693A776179706F696E7420783D223235302E302220793D223330302E30223E3C2F6F6D6764693A776179706F696E743E0A20202020202020203C6F6D6764693A776179706F696E7420783D223134322E302220793D223239392E30223E3C2F6F6D6764693A776179706F696E743E0A20202020202020203C6F6D6764693A776179706F696E7420783D223134322E302220793D223133352E30223E3C2F6F6D6764693A776179706F696E743E0A20202020202020203C62706D6E64693A42504D4E4C6162656C3E0A202020202020202020203C6F6D6764633A426F756E6473206865696768743D2231342E30222077696474683D2234382E302220783D2231302E302220793D22302E30223E3C2F6F6D6764633A426F756E64733E0A20202020202020203C2F62706D6E64693A42504D4E4C6162656C3E0A2020202020203C2F62706D6E64693A42504D4E456467653E0A2020202020203C62706D6E64693A42504D4E456467652062706D6E456C656D656E743D22666C6F773131222069643D2242504D4E456467655F666C6F773131223E0A20202020202020203C6F6D6764693A776179706F696E7420783D223237302E302220793D223234352E30223E3C2F6F6D6764693A776179706F696E743E0A20202020202020203C6F6D6764693A776179706F696E7420783D223237302E302220793D223238302E30223E3C2F6F6D6764693A776179706F696E743E0A2020202020203C2F62706D6E64693A42504D4E456467653E0A2020202020203C62706D6E64693A42504D4E456467652062706D6E456C656D656E743D22666C6F773132222069643D2242504D4E456467655F666C6F773132223E0A20202020202020203C6F6D6764693A776179706F696E7420783D223239302E302220793D223330302E30223E3C2F6F6D6764693A776179706F696E743E0A20202020202020203C6F6D6764693A776179706F696E7420783D223632352E302220793D223330302E30223E3C2F6F6D6764693A776179706F696E743E0A20202020202020203C62706D6E64693A42504D4E4C6162656C3E0A202020202020202020203C6F6D6764633A426F756E6473206865696768743D2231342E30222077696474683D2234382E302220783D2231302E302220793D22302E30223E3C2F6F6D6764633A426F756E64733E0A20202020202020203C2F62706D6E64693A42504D4E4C6162656C3E0A2020202020203C2F62706D6E64693A42504D4E456467653E0A202020203C2F62706D6E64693A42504D4E506C616E653E0A20203C2F62706D6E64693A42504D4E4469616772616D3E0A3C2F646566696E6974696F6E733E, '0');
INSERT INTO `act_ge_bytearray` VALUES ('3', '1', 'leave.png', '1', 0x89504E470D0A1A0A0000000D494844520000043C00000191080200000006B23423000031AC49444154789CEDDD7F6C9CE77D18703A8E6D2688610DEB626548ED6BF78789668988A580F4D72CA758C4015B426041CCE50F8540904441BBD4188696D9E06858E309C39AA95D6AA85BA2121BBC7128E410A893698D9DB289ED6AB623CBB19530B615D3B19D32B195D0B3649F254A7AF78AE75CCFF7F339F2EE9EF7C7E78307C2E978F7F27D9FF7FB7EBFCF9747DE8D250000001936167B07000000BAD1B400000099A669010000324DD3020000649AA6050000C8344D0B000090699A16000020D3342D000040A6695A0000804CD3B400000099A669010000324DD3020000649AA6050000C8344D0B000090699A16000020D3342D000040A6695A0000804CD3B400000099A669010000324DD3020000649AA6050000C8344D0B000090699A16000020D3342D000040A6695A0000804CD3B400000099A669010000324DD3020000649AA6050000C8344D0B000090699A16000020D3342D000040A6695A0000804CD3B400000099A669010000324DD3020000649AA6050000C8344D0B000090699A16000020D3342D000040A6695A0000804CD3B400000099A669010000324DD3020000649AA6050000C8344D0B000090699A16000020D3342D000040A6695A0000804CD3B400000099A669010000324DD3020000649AA6050000C8344D0B000090699A16000020D3342D000040A6695A0000804CD3B400000099A669010000324DD3020000649AA6050000C8344D0B000090699A16000020D3342D000040A6695A0000804CD3B400000099A669010000324DD3020000649AA6050000C8344D0B000090699A16000020D3342D000040A6695A0000804CD3B400000099A669010000324DD3020000649AA6050000C8344D0B000090699A16000020D3342D3D54ABD5858585999999DDBB77572A95B1B24A8F3D9D81E9E9E9F9F9F9B5B5B5D8A7850C718DD4B846F245DCD6885B202F342DDD1C3D7A344DE86955BBEBAEBBEEBDEFBEA74F9D3ABFBE5ECE911E7B3A03478E1CD9BB776F3A2769798B7D72C804D7886B248FC4ADB8057247D3D2DEDADADAECECEC9E3D7B9E7BFEB9F3EBE78DC6F1E24B2FA6E52D9D9CD5D5D5D8278A685C23AE913C12B7E216C8294D4B1B69559B9C9CFCCAE12F9F5F3F67741AF77CED9E9D3B77AEACACC43E5D44E01A718DE491B815B7407E695ADA989D9DDDA86AAF1BDDC7BDF77DE3E69BFF61ECD34504AE11D7481E895B710BE497A6A5D9D1A347F7ECF9E0FA85AA11327EE777FFD51D77FC5EEC93C648B9465C2379246EC52D906B9A9637A956AB954AE5F91756D62FBC66848C33677FBE63C7FB969797639F3A46C435E21AC923712B6E81BCD3B4BCC9FCFCFCECECECFA8557EBE396A97F12F8C6918DCF2AD5B8E38E7F37373717FBD43122AE11D7481E895B710BE49DA6E54DA6A7A78FDCFDBFFEA6AA7D70CF5F27C9B31793A7D693EF9D4B1E3B973C72E6C2C1BBBFF9E72FBCFCD0F9E4FF569387AAC9FDAF26DF783DF9C3FB1FFFD4BE4F47AF3151C6778E1F9B9C9C8C7DEA86ABF68E433EC420718D14F11A2943788BDBE2C52D50369A96379998983879F2D1F50B676B636C6CEC4C929CBD94BC7C21F9D9F9E4D524F997FFFAF3636F79C7AE0F4EBFB09E3C772E79EEF564A59A3C7D21F9D3BF7A6CE30772674B38CE9C3D3D3E3E1EFBD40D51BA98BBF9E69BBF72F8F0EEDDBB8BBDB00BE11A29D8355292F016B7058B5BA08406D0B454ABD5C5C5C5FDFBF74F4F4FEFFE85A9A9A9F49E8585857C55C16DDBB6BD74FA85F50B676A23AD55AF5E4CCE5DBCFCA50B972EFFFB675FFF3F7FF7EFFDFD7FF385DFBF9024AF5C485E5E4F7EB69EA447F88D87BFBB51D8CE9473A4C71EF7C40D4F6D49F7C8778E9F5FBF90FE5BEC855D08D74891AE91F284B7B82D52DC02E5B4A57C94F62A6973323E3E9EB62B698B72E4C8DDF7DEF7CDDAB8E76B5FBFFDF6CFCFCCCCA4A562D7AE5D79F990DD8DE2F44A7DA4FF3D7B2139FD5A72FEE21B0F482BFA7FFAD21FFFDE7FFCD2733FBEFCD95BEB9792F31B05EFC1EF3CD6F4DC528DA216B6C6255D6D6464611771C25D2385B946B213DE23981C715B98B8054A6B93F9E8C48913696D4B7B95B439A917BC4EE3FE071EDCBBF7E39393934B4B4B03DDF9C1DB284EFFAF3E2E17B68BC98BAF263F3993AC27C9F973E7266EBA696CECCAB1B1F18FFCF3BD8D4F7CE4F8A34DCF2DD52864616B5DD20D6F61D7FDEF807B3E66807B12B2ABAE91025C23430DEF0CC6B3B82D46DC0265B6997C74E0C081B403B9F7BE6FF66C579A6A615A23F7EDDB57AD56077E1883B2519C5EAE8FB18D5F2138FD5AF2E357929FBE9E3C72F287D75F7FFD956FBDFA6DD7FDD2CCC7DE54D81EFECEF1A6E7966A14AFB0755AD20DA96FE932814D5F6AFC6F9469778D14E01A19767867309EC56D01E21628B9FEF251DA6FCCCCCCCCCDCDF5D5AE348E3FBAF3CEB41CAEAEAE0EE978B668A338ADD547FADFD72E253FAB5EFE69DC8BAF27F73DBCFCDE1DEFFFA5BFF3CEEBB6FDAD3FFE6F7FFA7A929C3997BC7AEEF213EF3FF670D3734B350A56D8BA2FE986D1B7D426B0ED8F9C3B7D69043F9CEEB4ABAE915C5F232308EF0CC6B3B8CD7BDC02F4918FD28E65D7AE5D0B0B0B9BEE58EABF2D966E676565656807B5796982BE70E1E7F551CBD7696D7B793DF9F9F9E4C7AFAC3FF8F8CA8E7FF0EBB7FCA37FFCD373C94FAAC94FABC9E973495ADAEE7FE8E1A6E7966A14A9B0852CE906DEB704FE64BAF561A39F79D748AEAF91D1847706E359DCE63A6E0192BE9A96999999AD772CF57298F62D19FC3DB1A6E2B4FB969BBFFBFDA71E797CF9D889E5078E2F3FF0E8930F7EF7D45F3CF4BDBF7AFC996F1D7FF2DBC77FF0C0A33F38F6D8938F3FF5A33BFFCBE18FDEFAD1E8054661DBA2F025DD60FB969E3F99AE3F2CE26B2CF57D708DE4F41A19597867309EC56D7EE316A026341F1D3870602BBF15D63A8E1CB97B7A7A7AA8C7B6091B85ED678DE3377FF3D31D7F83A1C13FFBC8479A9E58AA518CC2D6EF926E807D4BEB7AAEED9DA3FCC97427AE919C5E23A30CEF0CC6B3B8CD69DC02D405E5A313274E4C4E4E0EB063A98D4F7DEAD3870E1D1AF611F665A3B09D36FA1D05286C9B5BD20DAA6F095FE4B5DAF437DDF4AE468FB73C8EB8D7C888C33B83F12C6EF318B7008D82F251DAB16CAEDA751FCF3DFFC28D375632F54B62970BDBC5978C7E47DE0B5BEB92EE9EAF7DFDA69B269E3E75AA6DE8BEF8D2E91D3B767CE5F0E141F52DF5F55CEB02AEEDDC469C70D748EEAE91D1877706E359DCE62E6E019AF4CE478B8B8BD3D3D303EF586AE3B39FFDED83070F8EE038036D14B6178D7E47AE0B5BDB25DDF8F8787A506953DDBAB0AB2DE96A8BB041F52D5D26B0FEA5A6355FEB8DD1708DE4EB1A8912DE198C67719BAFB80568D53B1FA585AADF8F64E9EBC596EDDBB78FE038036D14B69F1AFD8EFC16B62E4BBA9AA6855DE3926E807DCB2616795DEE1C2AD7488EAE9158E19DC17816B7398A5B80B67AE4A3B43E6DDBB66D481D4B6DECDCB9F3D8B163A339DA9E360ADB4F8C7E474E0B5BEB92EE953367D32EBAE9775AEA0BBBD6255D2A5D02A6BDF716FB964EBF33D3F6976A9A76A0D3D387C43592976B24627867309EC56D5EE216A0931EF9687E7E7E767676A84DCB17EEB8636E6E6E34475BB3B0B0D0E95362360ADBAAD1EFC85A61EB728AEB3AFD69727A4FDAA8B72EEC8E3FFA68DB25DD3D5FFB7AEB1606F8B99351B846B27C8D08EF4EC46D96E316608B7AE4A37DFBF61D3A7468A84DCBBDF77D332D81A339DAD4934F3E59ABC7D75E7BED9123479ABEAAB015A0B0753FC535DDDF4CA9EDC2EEEAABAF0E59D2657F61D7936B24CBD788F0EE44DC66396E01B6AE473E9A9A9AEA54B706359E3E75EAC61B2BA339DA54B55A7DCB5BDE52AB6D575D75D57BDEF39EC69FCC6D14B6BF36FA1D992A6CDD4F7112F6F6AF6D1776814BBA2C2FEC42B846B27C8D08EF4EC46D96E31660EB7AE4A321BDD971E378E5CCD9B4408EE6686B9A7EABFB6D6F7BDB273EF189DA3B2FA7FFBD78F1C746BF236B85ADCB290EFFC08A2E0BBB9E4BBACC2EEC02B946B27C8D08EF4EC46D96E316608B7AE4A3B40634FE15E690469A16D3E2D7E5C77EA374F1E20B46BF632C4B67B0BB744917FE6E787FB1F497575E7965D316AEB8E28AC387FF24700BB5DF7ECCCBE4048A1E6F791C6323B946847717D163208F634CD30264468F7C343131F1C4C99323685A4673B435D75D775DBD8C4D6F488BEEF2F272F2C64FE39E37FA1D592B6C5D4EF1891327D285DD8B2F9DEE19966DDF4CA9A6ED075CB4DD42FA7DD3EF187B3EFAE61AC9F23522BC3B11B7598E5B802DEA918F86FA212DB531E2BF69595B5BAB95B4B41FFBE4273F99FEBBB0B050FFEA46617B6E13A3FB13EB5FEDF0F3BFA08D747A7AD34642F6AA717F02BF75CF1D1BD919ECA9FB294EC216765D9674810BBB0C2EE9020DE91A19D4D5B4F5C70C3CFE47798D08EF4EA2C76D781CB6DD99887B3882B805D8BA1EF9687676B6F1C3C58631EE7FE0C19D3B778EE66853CF3EFBECF8F8F8D4D454A552999B9B6BFA85EC8DB2F1A3BE464BF3F0A3A6FFD61FD6E9E99D6EB76EA7E746BAAC42DA6EA7E796C327616467B0A7EEA7B8A6FBC2AEED92EE8A2BAE085FD8657049176EE0D7C826C2A9E785D636B663C5FF28AF11E1DD49F4B8ED72EAEBF1D925F0BA0473AC3D1F60DC026C5D8F7C74F0E0C1CF7EF6B787DAB4A44DD1DEBD1F1FC9C1BE617171717E7EBEEDDBF90FA43CF4B5126A7A70D3535AFF1BB81A0BDCB141ADDEB256D8BA9CE2BA4E0BBB4E1FB1F787FFF94B6D3FE0A2756197CD255D5F867D8D045E147DC570C4F81FF13522BC3B891BB721C1DC98E75B4337A40A8C7EFF477E1A01DAEB918FD2EC5FA95486DAB4ECD9B3E7E8D1A3A339DA9E36CAC3B37D8DC6A7D46ED7EF69BDD1E9E9AD1B69FBAC7E77AFEDE31BFA9CFE76B5FB378A7DEA36A37561D76949577B33A54E1FCCD7B8B0CBF2926E203617215B8FDBA6E86D143DFEB3798D08EF462388DBAD44786340367D35EE9EE734B70385D43B1F0DF56FF15F3973362D93B5B7A4CC82CBE5E1D24ABFA3F6ACFA739BFEDB74BBED739B6EB75996056FA7EDAAAE71239D1EDC7DFB3D6720F6A9DBA4D685DDDEBD1F6FBBA4AB8DD6855DDA75A7619CF7255DB84D0749BF17D4E61E1325FE337B8D08EFBA11C46DF780EC149CF5FBBB3C38CA9E478C5B80B67AE7A3A1FE86D8EF7FF18BE9C647709C8136CAC333E1A3F3F2E899C64D75D96CD397EAFFEDF4F44EDF31E4895DBE4BE3163631725DD8BA2CECDA7E6045E3C2AE304BBA705B8993C058EA74C9F40CFE58F19FE56B4478D70CFBFCF60CE9B651DDF4A5883B99B5B80568D53B1F55ABD54AA5328C4F6B49CBE18D375656575747709C81366AC60FB738EA1B69BDD1E9C12D2BB01FB6FE1BFEDD3B2FECDEF498C03D0CFCA6B14FDD96B45DD875F988BDDAC2AE484BBA7003B9467A5E3E3DBF4B533CC78DFF8C5F23C23B197EDC86C46A97B06C2A044D0F8EB5E771E316A049503E5A5858F8E8ADB716FE6596E48DC276AAAFD152814ED537D27AA3EDD3DBDED3FA6FE0161AFFDBF6767D3F03F7307012629FBAAD6A5DD875FF58F1274E9E2CD2922EDC1643A567207509ECEE22C67FF6AF11E13D8253DCE9BCB79686B661D92562A3EC7916E216A051683EFAD0873F7CE4C8DD03EC58D2A2B863C78EB42E0EF5F0FAB5511E9EEE6B343EA576BB7E4FEB8DEE4F6F7D4AD3BFBD166D4F777F58A7EFD27D0F032721F6A91B80F00FE66B1CC558D285DB62A8F47B35F5FBC828F19F8B6BA4E4E13D8253DC3356BBE7EDC6078C3838B31CB70075A1F9686D6D6DE7CE9D83FA8BFCDA9BD83C7DEAD4508F6D1336CAC3537D8DC6A7D46E37149E368FE9F4F4FA733B6D3CF09E4EDFB7EDEDC61DEEB9ABDD2721F6A91B8C7E17768559D285DB5C84F47B29758AEDCE0D49CCF8CFCB3552E6F01EDE990D0FEC2E11DE29FF47DCEDECC42D404D1FF968797939ED5BBA7F4C726021FCD0873F7CCFD7BE3EBCA3DAB4CD352D4D8BA7904EA3ED97DAB61F7D752981DFB7B152367D9792372D493F0BBB222DE9C20D6915D53356C3AFA9D1C77F8EAE91D28677DCA6A567326F7D40A7A78C7EE7639F3A8037F4978FD202B663C78EFB1F7870D31DCB13274FA69D4F363B9664A3B05DBAF4645FA3F129B5DBAD1B69BBD97A9FD3F691AD9B0DDC42E0F76DFB5DBA6FADFB24C43E758314B2B02BD8922EDCE62224FC220AF96A60A08E2CFEF3758D9433BC877766C3E3B035DB377DA9AFFC3FB29D8F7DEA00DED0773E5A5B5B4B0BDEEDB77FBEDFDF8D7EE5CCD9DFFFE2176BBF63368C2319888DF2F003A3DF51BCC2D67D6157BC255D38D74801AE911286B7B82D40DC0225B7997C54AD56D3A6E5A69B26D226A4FE0E33DDC7570E1F4E1FFFD9CFFE765A0E077E0C03B451D8968D7E47210B5BA7855D219774E15C23C5B846CA16DEE2B618710B94D9E6F3D1EAEAEA6DB7DDB66DDBB60F7DF8C3694FD2FA069AE93D77DDF53F3E7AEBADE963F6EEFDF8CACACAE0767B58360ADBF78D7E47510B5BEBC2AEA84BBA70AE91C25C23A50A6F715B98B8054A6BABF9A85AAD2E2E2ECECECEEED8B163ECCDD27BD28E656161616D6D6D20FB3A02E3E3E3AFBDF6E8A54BDF33FA1A052E6C8D0BBB022FE9C2B9468A748D9427BCC56D91E2162827F9E84D2A95CA33CFFCF9A54B278DBE46B10B5B6D61F7F4A953055ED285738D14EC1A2949788BDB82C52D5042F2D19B4C4D4DFDEFA3872E254F18E1E3FBCB7F36313111FBD40D57BA984B173D055ED285738D14EF1AF9D0873E54F8F016B7C58B5BA06C342D6F72E0C081B9B94F442F15F91A7F32FF85D9D9D9D8A76EE8CA708C215C23C5BB46CAF0D374715BBCB805CAA6F8B5AA2F2B2B2B1313BFF25AF5914BC9E346E0989EFEC0E2E262EC5337746558D885708D14EF1A29436C8BDBE2C52D5036C5AF55FDDA7FD9BE4BC9778D90F13F17FEC3CCCC54EC93360A6558D805728D14EC1A29496C8BDB82C52D5036A5A8557DA956ABBB77FFFAB163FF3D491E33BA8FD5D5FB26267E656DEDFED8276D144AB2B00BE11A29D8355292D816B7058B5BA06C4A51ABFAB5BCBC3C3979D3F2F262929C303A8DB4AAA52B80A5A52FC73E5D235292855D20D74891AE91F2C4B6B82D52DC026553965AD5AF63C78EA5B5EDC0817F91248F1AAD6371F18B131395A5A5FF1AFB448D4E791676815C2385B9464A15DBE2B630710B944D896A55BFAAD5EADCDCECEEDDEF9F9FFFB7ABABDF4892E3C6DADA5F2E2CFCFB99993DD3D3BBD3DBB14FD148956A6117C835528C6BA46CB12D6E8B11B740D994AB566DC2D2D2D2ECEC3FDDBEFD6F8F3136B66DDBB533331F4C6B5BECD312C158C91676E15C238DF2788D8C9532B6C56DA33CC62D503665AC5539E5FDF2E31A2BE5C28E3210DB71C9ED0021D4AA7C78E8A187D285C5DADA5AEC1D292F0B3B8A4A6CC765FE0142C895F970C30D37A485EDB77EEBB762EF487959585054623B2EF30F1042AECC813FF8833FA8FDDAF1BBDEF5AE13274EC4DE9D92B2B0A0A8C4765CE61F20845C99756B6B6BE3E3E3B5A6E5EAABAF7EFFFBDF1F7B8F4ACAC282A212DB71997F80107265D64D4F4F37BEC7CB0D37DC303F3F1F7BA7CAC8C282A212DB71997F80107265A6ADADADB5BE37E5BBDFFDEE6AB51A7BD74AC7C282A212DB71997F80107265A67DF9CB5FAE352AEF7DEF7BEB4DCBAFFDDAAF2D2D2DC5DEB5D2B1B0A0A8C4765CE61F20845C9969DFFEF6B7DFF18E77542A956DDBB6A5856DFB8677BEF39D9A96D1B3B0A0A8C4765CE61F20845C9975274E9C585959497E51D8D2DBDE402C0A0B0B8A4A6CC765FE0142C895B9A1B0C565FE292AB11D97F907082157E686C21697F9A7A8C4765CE61F20845C991B0A5B5CE69FA212DB71997F801072656E286C71997F8A4A6CC765FE0142C895B9A1B0C565FE292AB11D97F907082157E686C21697F9A7A8C4765CE61F20845C991B0A5B5CE69FA212DB71997F801072656E286C71997F8A4A6CC765FE0142C895B9A1B0C565FE292AB11D97F907082157E686C21697F9A7A8C4765CE61F20845C991B0A5B5CE69FA212DB71997F801072656E286C71997F8A4A6CC765FE0142C895B9A1B0C565FE292AB11D97F907082157E686C21697F9A7A8C4765CE61F20845C991B0A5B5C51E6DF49670484595CE61F20845C991B0A5B5CDDE77FAC979087F57CCCD00F9252125A71997F801072656E286C71F53BFF6D1FDF65234D5F6AFCAF53CF5009B0B8CC3F4008B9323714B6B806D8B4B47D09A5D397BCD8C2B089ABB8CC3F4008B9323714B6B8FA9AFF4E0F0E7CA5A5F561CE3EC323BAE232FF0021E4CADC50D8E20A9FFFA6174F5A37D2E59596C62D788D85D1105D71997F801072656E286C7105CE7F5307D2F62F557ADEE99516464974C565FE0142C895B9A1B0C51532FF6D7B95D6DB214D8B575A1819D11597F907082157E686C21657F7F96FEA2BDAB62549437FD2FDD7C302BF290C84308BCBFC0384902B7343618B6B647F88DFE917CC04004322B4E232FF0021E4CADC50D8E28AD5B474B91306425CC565FE0142C895B9A1B0C535BCA625F03DC4FADD070824AEE232FF0021E4CADC50D8E232FF1495D88ECBFC0384902B7343618BCBFC5354623B2EF30F1042AECC0D852D2EF34F5189EDB8CC3F4008B9323714B6B8CC3F4525B6E332FF0021E4CADC50D8E232FF1495D88ECBFC0384902B7343618BCBFC5354623B2EF30F1042AECC0D852D2EF34F5189EDB8CC3F4008B9323714B6B8CC3F4525B6E332FF0021E4CADC50D8E232FF1495D88ECBFC0384902B7343618BCBFC5354623B2EF30F1042AECC0D856DF4161616D2691F1F1F9F9C9C4C6F6CDFBE3DFDF7ED6F7FFBF2F272EC5D8381915BE232FF0021E4CADC50D846EFAB5FFDEA588B5B6EB965717131F6AEC1C0C82D71997F801072656E286CA357AD56AFB9E69AC68EE57DEF7BDFF6EDDBD7D6D662EF1A0C8CDC1297F907082157E686C216C5E73EF7B9B7BEF5ADF5A6E5339FF9CCDCDC5CEC9D8241925BE232FF0021E4CADC50D862B9FEFAEB6B1DCBADB7DE5AA954AAD56AEC3D8241925BE232FF0021E4CADC50D862F9D6B7BE75D55557A5F33F3535E5AF59281EB9252EF30F1042AECC0D852DA20F7CE003B5A625F68EC0E0C92D71997F801072656E286C11ADAEAEA6F3EF9D8E2924B9252EF30F1042AECC0D852D2EF34F5189EDB8CC3F4008B93237CA59D8AAD5EAC2C2C2CCCCCCEEDDBB2B954AEBA7A694447AECE90C4C4F4FCFCFCF7BC365066BAC94B9253BCC3F4008B932374A58D88E1E3D9A2ED6D38EE5AEBBEEBAF7BEFB9E3E75EAFCFA7A39477AECE90C1C397264EFDEBDE99CA4AD4BEC9343719430B7648AF907082157E646A90ADBDADADAECECEC9E3D7B9E7BFEB9F3EBE78DC6F1E24B2FA6AD4B3A39ABABABB14F144550AADC9241E61F20845C991BE5296C69C7323939F995C35F3EBF7ECEE834EEF9DA3D3B77EE5C5959897DBAC8BDF2E4966C32FF0021E4CADC284F619B9D9DDDE8585E37BA8F7BEFFBC6CD37FFC3D8A78BDC2B4F6EC926F30F1042AECC8D9214B6A3478FEED9F3C1F50B552364FCCEEFFEAB3BEEF8BDD8278D7C2B496EC92CF30F1042AECC8D3214B66AB55AA9549E7F6165FDC26B46C83873F6E73B76BCCF07C8B01565C82D5966FE0142C895B95186C2363F3F3F3B3BBB7EE1D5FAB865EA9F04BE2970E3B34A35EEB8E3DFCDCDCDC53E75E45819724B96997F801072656E94A1B04D4F4F1FB9FB7FFD4DC7F2C13D7F9D24CF5E4C9E5A4FBE772E79EC5CF2C8990B07EFFEE69FBFF0F243E793FF5B4D1EAA26F7BF9A7CE3F5E40FEF7FFC53FB3E1DBD7F8832BE73FCD8E4E464EC53478E9521B76499F907082157E646190ADBC4C4C4C9938FAE5F385B1BE9219F4992B39792972F243F3B9FBC9A24FFF25F7F7EEC2DEFD8F5C1E917D693E7CE25CFBD9EAC5493A72F247FFA578F6DBCD872B684E3CCD9D3E3E3E3B14F1D395686DC9265E61F20845C991B65286CDBB66D7BE9F40BEB17CED4467AC8AF5E4CCE5DBCFCA50B972EFFFB675FFF3F7FF7EFFDFD7FF385DFBF9024AF5C485E5E4F7EB69EAC25C9371EFEEE46D372A69CA30CB1C1F0889FB8CC3F4008B93237CA50D8361A8F57EA23FDEFD90BC9E9D792F317DF78C0DADADA7FFAD21FFFDE7FFCD2733FBEFCB98AEB9792F31BCDCC83DF79ACE9B9A51A65880D8647FCC465FE0142C895B95186C2B6D178FCBFFAB8DCB45C4C5E7C35F9C999643D49CE9F3B3771D34D6363578E8D8D7FE49FEF6D7CE223C71F6D7A6EA946196283E1113F71997F801072656E94A1B06D341E2FD747EDD7C34EBF96FCF895E4A7AF278F9CFCE1F5D75F7FE55BAF7EDB75BF34F3B137352D0F7FE778D3734B35CA101B0C8FF889CBFC0384902B73A30C856DA3F158AB8FF4BFAF5D4A7E56BDFC4ACB8BAF27F73DBCFCDE1DEFFFA5BFF3CEEBB6FDAD3FFE6F7FFA7A929C3997BC7AEEF213EF3FF670D3734B35CA101B0CC9EAEAEAF6EDDB63EF45A9B97E0142C895B95186C2961EE3850B3FAF8FDA21A77DCBCBEBC9CFCF273F7E65FDC1C75776FC835FBFE51FFDE39F9E4B7E524D7E5A4D4E9F4BD2B6E5FE871E6E7A6EA94619628321595959A9542AB1F7A2D45CBF0021E4CADC2843616B6A3C76DF72F377BFFFD4238F2F1F3BB1FCC0F1E5071E7DF2C1EF9EFA8B87BEF7578F3FF3ADE34F7EFBF80F1E78F407C71E7BF2F1A77E74E77F39FCD15B3F1ABD79D0B4903B478F1E9D9A9A8ABD17A5E6FA05082157E646190ADB46D3F2B3C6F19BBFF9E9B100FFEC231F697A62A94619628321D9BF21F65E949AEB1720845C991B65286C1B4DCB69A3DF5186D86048A6A6A68E1E3D1A7B2F4ACDF50B1042AECC8D3214B6CB4DCBC5978C7E4719628361585D5DAD542AD56A35F68E949AEB1720845C991B65286C1B4DCB8B46BFA30CB1C1301C3C78F0B6DB6E8BBD1765E7FA05082157E646190ADB46D3F253A3DF5186D860E0AAD56AA552595D5D8DBD2365E7FA05082157E646190ADB46D3F213A3DF5186D860E0666767E7E7E763EF05A5C8ED005B2757E646190ADB46D3B26AF43B3AC5C6C2C2C2CACACA68CF21F970F0E0C17DFBF6C5DE0B2E2B436E07D83AB93237CA50D8342D03695AD6D6D63EF6B18FD5DE0CFA5DEF7A97BE8546D56A75767656C7921D65C8ED005B2757E646190ADB46D3F2D746BFA331360E1D3A343E3E5EEB58D21BDBB76FF7470BD4A4DDECC183072B958ADF0ACB9432E47680AD932B73A30C852D3DC68B177F6CF43B6AB1B1BCBCFCABBFFAAB8D9FB9B96BD7AE74851AFBAC12D9D2D2D2810307A6A7A7D360B8EDB6DB34B1595386DC0EB07572656E94A1B06D342D2F18FD8E74DE76EFDE3D06EDA4B1313737B7B8B8B8B6B616FB12A78DB112E47680AD932B73A30C856DEC72D3F2BCD1EFA8C5C6CACACA6FFCC66FFCF22FFF727DB57AEDB5D74E4E4EC63EAB445686D4916B4E104008B93237CA50D8369A96E7063B1AB7D9F6E7D05D1E1CB8D92E770EE388DA7EDFFA1C1E3D7AF4C61B6F7CF7BBDF5D3BBA6BAEB9C6E79DE745CFD74C421ED6F331F18E8FF69C14801072656E94A1B06D2CF17F34F051DF6CEBF66BF7B4EB647ED4F4DF4EDB0CDC60A7ED0CEA001BA731ED52F6EFDF7FC30D374C4E4EA6FF9E387122D609658BDA5EF55D5241D3971AFF5B860492534E0D4008B93237CA50D886B7ACEFD4BD34DD686C395A9B932E3FBDEEF91D877D5CAD93B9B2B2323F3FBFB8B838FAF3C8A074695ADABE84D2E94BAD8F243B9C11801072656E94A1B06D2CF19F1DDEA86DBFA1D378B6FE1D5B9A90679B1E1078BBF1CED66D0EEFB8629F3A06AFD369ED72BAC7BABEB4224EB2C97901082157E646190ADBE595FDA595C18E371A865FDCEE74A3FEC8A67B9A36D5FD76D3D35BB730A45186D8289BA6174F9ABE94747DA5A5710BAD8F216B9C17801072656E94A1B06D2CF19F19F8A86FB6ED32AEF1319DFEEDF2F4C68D343EABFBC3067E80B14F1D83D4D481349DDFB6CD4CDBA6A5ED66C91AE70520845C991B65286C1BCBFA1F0E7CD437DBBAFDDA3DAD0F687C64F73B431EDCF65B0FF600639F3A06A66DAFD27A3BA4696935D43D67739C17801072656E94A1B06DACEC4F0D7CD4375BBBD1F0BA47F33D9D5F2179D376426E77DAC8900E30F6A963009AFA8AB66D49D2D09FB436246D234178649C13041042AECC8D3214B68D95FDD3031FF5CDD66EB4FEDBE9F1ADF777EE6ADA7FAF9EDB1CD401C63E750C5EA7D3DAE574B736366DEF27539C14801072656E94A1B06DACEC9F1AF8F8455FF154FDDFA67BEA0F6B7C7CE3C39A1E1072BB5D6333F843AB7FAFD8A78EC11B60D3D2E54EA273460042C895B95186C236BCA6A5B5BBE8DE6F846FB37B83D4F3F19A163AE9AB69A9F7C64D0F68EA9CBB6C96589C11801072656E94A1B0A5C778E9D293431A4D1BAF2FE31A6F77D2736BADF7373EA0D346067868B14F1DB049AE5F801072656E94A1B06DACEC7F60F43BCA101B5054AE5F801072656E94A1B06D342DCB46BFA30CB10145E5FA05082157E646190ADB46D3F27DA3DF5186D880A272FD0284902B73A30C856D7C7CFCB5D71EBD74E97B465FA30CB10145E5FA05082157E646190A5BA55279E6993FBF74E9A4D1D728436C4051B97E0142C895B95186C2363535F5BF8F1EBA943C61848FEF2FFFD9C4C444EC53076C5219723BC0D6C995B95186C276E0C081B9B94F446F03F235FE64FE0BB3B3B3B14F1DB04965C8ED005B2757E646190ADBCACACAC4C4AFBC567DE452F2B81138A6A73FB0B8B818FBD4019B5486DC0EB07572656E94A4B0EDBF6CDFA5E4BB46C8F89F0BFF6166662AF6490336AF24B91D608BE4CADC284961AB56ABBB77FFFAB163FF3D491E33BA8FD5D5FB26267E656DEDFED8270DD8BC92E476802D922B73A33C856D79797972F2A6E5E5C5243961741A69C79276774B4B5F8E7DBA802D294F6E07D80AB932374A55D88E1D3B96F62D070EFC8B2479D4681D8B8B5F9C98A82C2DFDD7D8270AD8AA52E576804D932B73A36C85AD5AADCECDCDEEDEFDFEF9F97FBBBAFA8D24396EACADFDE5C2C2BF9F99D9333DBD3BBD1DFB14010350B6DC0EB03972656E94B3B02D2D2DCDCEFED3EDDBFFF6186363DBB65D3B33F3C1B46F897D5A8081192B656E07E8975C991B0A5B5C3E0B051806B91D20845C991B0A5B5CE61F1806B90520845C991B0A5B5CE61F1806B90520845C991B0A5B5CE61F1806B90520845C991B0A5B5CE61F1806B90520845C991B0A5B5CE61F1806B90520845C991B0A5B5CE61F1806B90520845C991B0A5B5CE61F1806B90520845C991B0A5B5CE61F1806B90520845C991B0A5B5CE61F1806B90520845C991B0A5B5CE61F1806B90520845C991B0A5B5CE61F1806B90520845C991B0A5B5CE61F1806B90520845C991B0A5B5CE61F1806B90520845C991B0A5B5CE61F1806B90520845C991B0A5B5CE61F1806B90520845C991B0A5B5CE61F1806B90520845C991B0A5B5CE61F1806B90520845C991B0A5B5CE61F1806B90520845C991B0A5B5CE61F1806B90520845C991B0A5B5CE61F1806B90520845C991B0A5B5CE61F1806B90520845C991B0A5B5CE61F1806B90520845C991B0A5B5CE61F1806B90520845C991B0A5B5CE61F1806B90520845C991B0A5B5CE61F1806B90520845C991B0A5B5CE61F1806B90520845C991BFD16B6B106219BDACA9D452DBA0B0B0BE9A18D8F8F4F4E4EA637B66FDF9EFEFBF6B7BF7D797939F6AE010551D4FC09305872656EF42C6C636F16F8989E8FEF72FF58077D1C55B67DF5AB5F6D3DBA5B6EB965717131F6AE010551A49C09303C72656EF455D8C21FDCF665937EBB91A216DD6AB57ACD35D734CEC0FBDEF7BEEDDBB7AFADADC5DE3520C7BC8A0BD0AF62AE350BA97B63D0A5D368EC371A37527FB5A4CB37EA74BBCBF7EDFFC832ED739FFBDC5BDFFAD6FAD17DE6339F999B9B8BBD5340BE791517A05F455B621658CF7E20B0D968EA55421A9BA6DBADCD49F17A9546D75F7F7DED906FBDF5D64AA552AD5663EF11906F5EC505E85791D79A0513D2B4F47C99A5F5FED6D75B7A6EA7F159DD1F560CDFFAD6B7AEBAEAAAF4B8A6A6A6FC1C141808AFE202F4A568EBCB020B695A7ADEEEF4D590E7B6BD5D92975C3EF0810FD49A96D83B021487577101C215738959485B7FA5A5F531C9209A9662BFCC52B3BABA9A1E9ABF910506C8ABB800E18AB9C42CA4BEFA81EE0FEEF94A4B48F3D3F61B15B569490A7D68402C5EC50508641D961B837AA5A5CBBFADDFC82B2D356B6B6BB3B3B3FE4616182CAFE202042AE612B390B6FE4A4BEBCB239D5E30E9F94D9B7EBB6C733B991769AF72F3CD377FE5F0E1DDBB77EB5B80C12A64DA041838B932377AFEC657774D8F4C3ABF8A12F24DDB763B857CA5A5D6B13CF29DE3E7D72FA4FFEA5B802DAA56AB8B8B8BFBF7EF9F9E9EDEFD0B535353E93DF3F3F3ABABABB17710208B8AB6C42CB0F1F171EF2D33628D1D4B6DE85B804D4B7B95B451E9F933A6C9C9C943870E49F8008D342DB951A95456565662EF4589B4762CFA16607396969676EDDAD5B35D6994E67C6F290650A769C98DC9C9C913274EC4DE8BB2E8D4B1E85B80BE54ABD5D9D9D9D6D7527EE7777EF7C891BBEFBDEF9BF571FBED9FDFB3674FD323A7A7A7A51A8044D39223E92A79696929F65E9442F78E45DF02045A5D5D6D7A81E5B39FFDEDA74F9DEA925B5E7CE9F41FDD79E7F6EDDB1B5F72F1132B004D4B6ECCCECECECFCFC7DE8BE20BE958F42D404F2B2B2B69BF51EF3DA6A6A6BAB72B4DADCBEDB77FBEFEDCF1F1F163C78EC53E208098342DB991762C69DF127B2F0A2EBC63D1B7005D54ABD5C6D758BE70C71D8159A571DC75D7FF48DB95FAEB2DDE580C28334D4B6E2C2F2F4F4C4CC4DE8B22EBB763D1B7009DCCCCCCD43B962347EEDE44C752CF30DBB66DAB6D274D35B10F0B201A4D4B9EF85BFCE1D95CC7A26F015A2D2E2E6EF13596C671CFD7BE5EDFDAC18307631F1C401C9A963C49CBD56DB7DD167B2F0AA8B56349570937DD34D1E917D05F7CE9F48E1D3BBE72F8B0BE056835393959FF3B962D762CB551FFFB96EDDBB7FBFC16A09C342D7992D62ABFD63C706D3B96DAEF91DF7863A5B56FA9752CB50584BE0568B2B0B050FFEBF9E79E7F61204DCB2B67CED6DF4FCC8FAE8072D2B4E4CCD2D2925F6B1EA02E1D4B4D53DFD2D8B1E85B80566912A8BFBBF1403A96DA48534D6DB3DBB66D8B7D880011685AF267FFFEFD7ED23610AD1D4BE38F335BFB96D68EA5F587A9FA1628B3F4DAAF278741BDCC521F692EAA6DD967760125A469C9A5B9B9B9A9A9292BE3ADE8F497F78DEFD5D3D8B71C7FF4D1B61DCB3D5FFB7AEB16F42D50600B0B0B2B2B2B6DBF343F3F5F4B0E6912186CC7928E4F7DEAD3B58DA72560B4470C109FA625AF8E1E3D5AA954F6EFDFEF4F5C36A1FB7B85B5ED5BAEBEFAEA908E45DF02C5F6E4934FD632C0B5D75E7BE4C891A6AFEEDBB7AFF6D5ADBF6958EBB8F7BE6FD636BE6BD7AE28C70E1091A625C7D23571DAB4A4ADCBD4D4547AC32F0C040A7977E3B67D4B60C7A26F8102AB56AB6F79CB5B6A79E0AAABAE7ACF7BDED3F8AA4B9A8D6B5FEA9E1F36379E3E75AAB6F134EDC79B008038342DB99756D0A3478FA64D4BFDAF3FE922FCF358BAF42D3D3B167D0B1458D35FBEBDED6D6FFBC4273E517B27E2FA9B1D6FEE439F7A8EFA378D3D0700A326F1512E69C772EF7DDF0C5C1FFCC5D25F5E79E5954D1DCB15575C71F8F09F84FF3AC7EE0D836CBC80ACAAF7339D3EE5698BA3BEFDD8A91460D4243ECAE5C4891369DFF2E24BA77B2E0EDABE57584DDBCF6F69BB85B45D49BF63EC8326A39A969EDD57A281EBD42E0FAB7DA92998C3F69437B9EEBAEBEA1338BD21BDD2979797D32F4D4C4CD4EE7FE2E4C961342DF537648F3D0700A326F1513A217D4B978E25B06FD1B1D053F7A6A5E70FF55B9FD27D3BAD5FB5F6DD84FA9B1AA7FDC9273FF9C9F4DF858585FA57EB2FAB86BFA21B3ED2AC52DBB88F6A014A48C5A28CBAF72D6D3B962BAEB822BC6FD1B1D0536317D1B621E9F4F8B6F777696C5ABF5DCF6DD2C5B3CF3E3B3E3E3E353555A954E6E6E69AFE686D7676B636F37F74E79D036F5A9E3879B2B6F1C9C9C958870F108B8A454975EA5B3A7D82E41FFEE72FB5FDFC96D6BE45C7424F812D44A756A47B03D3F33BF6DC0EDD2D2E2ECECFCFB7FDA89603070ED42676EFDE8F0FBC69F9C21D77D4363E333333F28306884CC5A2BC5AFB964E1D4BEDBDC23A7DEE6463DFA2632144DB9EA16DD3D2F376A73BDB76295BDC6D7A5A5E5EAE4D759A2B5E397376B04D4B9AAF6A1B4F5BA6D8070A306A6A18A5D6DAB7ECDDFBF1B61D4B6DB4F62D7BF6ECA92F4D742CF4A5E7AB1F3D6F77DA42974D757A008352A9546A737BE4C8DD03EC58EA1FD232B6F1D6EDB18F1260D4542CCAAE4BDFD2F6F3581AFB161D0B9B16D230746A453A35339DBE455FCF628BE6E6E66AB3BD63C78E01BED8F2A10F7FB8B6D9E9E9E9D887081081BA05EDFB962E9F2059EB5B742C6C5A53FBD1F3D58F901746EA9B4ADAFDAA58D3FD9A96E1595B5BAB7F9ACA17EEB863201DCBFD0F3C588F0179062827750B2E6BED5BBA7FA0F513274FEA581894EEAF8174E946421ED6DAAE746F90D8BA83070FD65FADDDFA7B1F3F7DEA54BD0BDAB76F5FEC83038843C58237847FEE64E3D0B1B069AD2F8024ED5E24E974A3EDFDDD5B974EFF65E076EDDA553BBF69BF11F259B49DC62B67CED6DF1D24DDD4EAEA6AEC23038843DD82BFD16FDFA26361735AFFC2A4F5D58FD6C7B43EBD534BA369896E6565A5FEC76F69B3D1FD95DB4EE3B9E75FA8772CE3E3E34B4B4BB10F0B201A750BDE24BC6FD1B13028DD7F3DACFBFD9D9EDEB6E7196B678B3B4F27698F519FE4B4E5E8F7E326EF7FE0C1FA6F85A50E1E3C18FB80006252AEA05948DFA263017A5A5C5C6C7C93F41D3B76747A7B8FA617583E7AEBAD8D8DA58E0540D3026D74EF5B742C40A0E5E5E5898989C60E246D5D6EBFFDF34F9C3CD9DAABFCD19D77EED9B3A7F1C169CFE3B7C200124D0B74D2A96FD1B1007D595B5BDBBF7FFFF8F878DB5FCFDBB97367A72FCDCCCCF8CB7B801A4D0B74D4DAB7E85880CD49DB8FD9D9D9B6CD49AB34CF1C3B762CF62E036488A605BA69EC5B742CC01655ABD5858585B47B999C9C6C6A542A95CAF4F4F4A14387BCBA02D04AD3023DD4FA96A74F9DD2B1000044A16981DED25EA552A9E8580000A2D0B400000099A669010000324DD3020000649AA6050000C8344D0B000090699A16000020D3342D000040A6695A0000804CD3B400000099A669010000324DD3020000649AA6050000C8344D0B000090699A16000020D3342D000040A6695A0000804CD3B400000099A669010000324DD3020000649AA6050000C8344D0B000090699A16000020D3342D000040A6695A0000804CD3B400000099A669010000324DD3020000649AA6050000C8344D0B000090699A16000020D3342D000040A6695A0000804CD3B400000099A669010000324DD3020000649AA6050000C8344D0B000090699A16000020D3342D000040A6695A0000804CD3B400000099A669010000324DD3020000649AA6050000C8344D0B000090699A16000020D3342D000040A6695A0000804CD3B400000099A669010000324DD3020000649AA6050000C8344D0B000090699A16000020D3342D000040A6695A0000804CD3B400000099A669010000324DD3020000649AA6050000C8344D0B000090699A16000020D3342D000040A6695A0000804CD3B400000099A669010000324DD3020000649AA6050000C8344D0B000090699A16000020D3342D000040A6695A0000804CD3B400000099A669010000324DD3020000649AA6050000C8344D0B000090699A16000020D3342D000040A6695A0000804CD3B400000099F6FF016D2647BCCE5D0C400000000049454E44AE426082, '0');

-- ----------------------------
-- Table structure for `act_ge_property`
-- ----------------------------
DROP TABLE IF EXISTS `act_ge_property`;
CREATE TABLE `act_ge_property` (
  `NAME_` varchar(64) COLLATE utf8_bin NOT NULL DEFAULT '',
  `VALUE_` varchar(300) COLLATE utf8_bin DEFAULT NULL,
  `REV_` int(11) DEFAULT NULL,
  PRIMARY KEY (`NAME_`)
) ENGINE=InnoDB DEFAULT CHARSET=utf8 COLLATE=utf8_bin;

-- ----------------------------
-- Records of act_ge_property
-- ----------------------------
INSERT INTO `act_ge_property` VALUES ('next.dbid', '501', '6');
INSERT INTO `act_ge_property` VALUES ('schema.history', 'create(5.12)', '1');
INSERT INTO `act_ge_property` VALUES ('schema.version', '5.12', '1');

-- ----------------------------
-- Table structure for `act_hi_actinst`
-- ----------------------------
DROP TABLE IF EXISTS `act_hi_actinst`;
CREATE TABLE `act_hi_actinst` (
  `ID_` varchar(64) COLLATE utf8_bin NOT NULL,
  `PROC_DEF_ID_` varchar(64) COLLATE utf8_bin NOT NULL,
  `PROC_INST_ID_` varchar(64) COLLATE utf8_bin NOT NULL,
  `EXECUTION_ID_` varchar(64) COLLATE utf8_bin NOT NULL,
  `ACT_ID_` varchar(255) COLLATE utf8_bin NOT NULL,
  `TASK_ID_` varchar(64) COLLATE utf8_bin DEFAULT NULL,
  `CALL_PROC_INST_ID_` varchar(64) COLLATE utf8_bin DEFAULT NULL,
  `ACT_NAME_` varchar(255) COLLATE utf8_bin DEFAULT NULL,
  `ACT_TYPE_` varchar(255) COLLATE utf8_bin NOT NULL,
  `ASSIGNEE_` varchar(64) COLLATE utf8_bin DEFAULT NULL,
  `START_TIME_` datetime NOT NULL,
  `END_TIME_` datetime DEFAULT NULL,
  `DURATION_` bigint(20) DEFAULT NULL,
  PRIMARY KEY (`ID_`),
  KEY `ACT_IDX_HI_ACT_INST_START` (`START_TIME_`),
  KEY `ACT_IDX_HI_ACT_INST_END` (`END_TIME_`),
  KEY `ACT_IDX_HI_ACT_INST_PROCINST` (`PROC_INST_ID_`,`ACT_ID_`),
  KEY `ACT_IDX_HI_ACT_INST_EXEC` (`EXECUTION_ID_`,`ACT_ID_`)
) ENGINE=InnoDB DEFAULT CHARSET=utf8 COLLATE=utf8_bin;

-- ----------------------------
-- Records of act_hi_actinst
-- ----------------------------
INSERT INTO `act_hi_actinst` VALUES ('205', 'leave:1:4', '201', '201', 'startevent1', null, null, 'Start', 'startEvent', null, '2013-05-10 11:49:20', '2013-05-10 11:49:20', '11');
INSERT INTO `act_hi_actinst` VALUES ('206', 'leave:1:4', '201', '201', 'deptLeaderAudit', '207', null, '部门领导审批', 'userTask', '2', '2013-05-10 11:49:20', '2013-05-10 12:18:07', '1727447');
INSERT INTO `act_hi_actinst` VALUES ('303', 'leave:1:4', '201', '201', 'exclusivegateway5', null, null, 'Exclusive Gateway', 'exclusiveGateway', null, '2013-05-10 12:18:07', '2013-05-10 12:18:07', '2');
INSERT INTO `act_hi_actinst` VALUES ('304', 'leave:1:4', '201', '201', 'hrAudit', '305', null, '人事审批', 'userTask', '2', '2013-05-10 12:18:07', '2013-05-10 12:18:12', '5480');
INSERT INTO `act_hi_actinst` VALUES ('309', 'leave:1:4', '201', '201', 'exclusivegateway6', null, null, 'Exclusive Gateway', 'exclusiveGateway', null, '2013-05-10 12:18:12', '2013-05-10 12:18:12', '0');
INSERT INTO `act_hi_actinst` VALUES ('310', 'leave:1:4', '201', '201', 'reportBack', '311', null, '销假', 'userTask', '2', '2013-05-10 12:18:12', '2013-05-10 12:18:19', '7557');
INSERT INTO `act_hi_actinst` VALUES ('316', 'leave:1:4', '201', '201', 'endevent1', null, null, 'End', 'endEvent', null, '2013-05-10 12:18:19', '2013-05-10 12:18:19', '0');
INSERT INTO `act_hi_actinst` VALUES ('405', 'leave:1:4', '401', '401', 'startevent1', null, null, 'Start', 'startEvent', null, '2013-05-10 14:07:16', '2013-05-10 14:07:16', '147');
INSERT INTO `act_hi_actinst` VALUES ('406', 'leave:1:4', '401', '401', 'deptLeaderAudit', '407', null, '部门领导审批', 'userTask', '2', '2013-05-10 14:07:16', '2013-05-10 14:07:54', '38354');
INSERT INTO `act_hi_actinst` VALUES ('411', 'leave:1:4', '401', '401', 'exclusivegateway5', null, null, 'Exclusive Gateway', 'exclusiveGateway', null, '2013-05-10 14:07:54', '2013-05-10 14:07:54', '1');
INSERT INTO `act_hi_actinst` VALUES ('412', 'leave:1:4', '401', '401', 'hrAudit', '413', null, '人事审批', 'userTask', '2', '2013-05-10 14:07:54', '2013-05-10 14:08:07', '13919');
INSERT INTO `act_hi_actinst` VALUES ('417', 'leave:1:4', '401', '401', 'exclusivegateway6', null, null, 'Exclusive Gateway', 'exclusiveGateway', null, '2013-05-10 14:08:07', '2013-05-10 14:08:07', '0');
INSERT INTO `act_hi_actinst` VALUES ('418', 'leave:1:4', '401', '401', 'reportBack', '419', null, '销假', 'userTask', '2', '2013-05-10 14:08:07', '2013-05-10 14:08:25', '18211');
INSERT INTO `act_hi_actinst` VALUES ('424', 'leave:1:4', '401', '401', 'endevent1', null, null, 'End', 'endEvent', null, '2013-05-10 14:08:25', '2013-05-10 14:08:25', '0');
INSERT INTO `act_hi_actinst` VALUES ('429', 'leave:1:4', '425', '425', 'startevent1', null, null, 'Start', 'startEvent', null, '2013-05-10 14:22:57', '2013-05-10 14:22:57', '1');
INSERT INTO `act_hi_actinst` VALUES ('430', 'leave:1:4', '425', '425', 'deptLeaderAudit', '431', null, '部门领导审批', 'userTask', '2', '2013-05-10 14:22:57', '2013-05-10 14:27:16', '259639');
INSERT INTO `act_hi_actinst` VALUES ('435', 'leave:1:4', '425', '425', 'exclusivegateway5', null, null, 'Exclusive Gateway', 'exclusiveGateway', null, '2013-05-10 14:27:16', '2013-05-10 14:27:16', '0');
INSERT INTO `act_hi_actinst` VALUES ('436', 'leave:1:4', '425', '425', 'hrAudit', '437', null, '人事审批', 'userTask', '2', '2013-05-10 14:27:16', '2013-05-10 14:27:27', '11391');
INSERT INTO `act_hi_actinst` VALUES ('441', 'leave:1:4', '425', '425', 'exclusivegateway6', null, null, 'Exclusive Gateway', 'exclusiveGateway', null, '2013-05-10 14:27:27', '2013-05-10 14:27:27', '0');
INSERT INTO `act_hi_actinst` VALUES ('442', 'leave:1:4', '425', '425', 'reportBack', '443', null, '销假', 'userTask', '2', '2013-05-10 14:27:27', null, null);
INSERT INTO `act_hi_actinst` VALUES ('448', 'leave:1:4', '444', '444', 'startevent1', null, null, 'Start', 'startEvent', null, '2013-05-10 14:28:16', '2013-05-10 14:28:16', '0');
INSERT INTO `act_hi_actinst` VALUES ('449', 'leave:1:4', '444', '444', 'deptLeaderAudit', '450', null, '部门领导审批', 'userTask', '2', '2013-05-10 14:28:16', '2013-05-10 14:52:59', '1483550');
INSERT INTO `act_hi_actinst` VALUES ('456', 'leave:1:4', '444', '444', 'exclusivegateway5', null, null, 'Exclusive Gateway', 'exclusiveGateway', null, '2013-05-10 14:52:59', '2013-05-10 14:52:59', '0');
INSERT INTO `act_hi_actinst` VALUES ('457', 'leave:1:4', '444', '444', 'modifyApply', '458', null, '调整申请', 'userTask', '2', '2013-05-10 14:52:59', '2013-05-10 14:53:16', '17590');
INSERT INTO `act_hi_actinst` VALUES ('469', 'leave:1:4', '444', '444', 'exclusivegateway7', null, null, 'Exclusive Gateway', 'exclusiveGateway', null, '2013-05-10 14:53:16', '2013-05-10 14:53:16', '0');
INSERT INTO `act_hi_actinst` VALUES ('470', 'leave:1:4', '444', '444', 'deptLeaderAudit', '471', null, '部门领导审批', 'userTask', '2', '2013-05-10 14:53:16', null, null);

-- ----------------------------
-- Table structure for `act_hi_attachment`
-- ----------------------------
DROP TABLE IF EXISTS `act_hi_attachment`;
CREATE TABLE `act_hi_attachment` (
  `ID_` varchar(64) COLLATE utf8_bin NOT NULL,
  `REV_` int(11) DEFAULT NULL,
  `USER_ID_` varchar(255) COLLATE utf8_bin DEFAULT NULL,
  `NAME_` varchar(255) COLLATE utf8_bin DEFAULT NULL,
  `DESCRIPTION_` varchar(4000) COLLATE utf8_bin DEFAULT NULL,
  `TYPE_` varchar(255) COLLATE utf8_bin DEFAULT NULL,
  `TASK_ID_` varchar(64) COLLATE utf8_bin DEFAULT NULL,
  `PROC_INST_ID_` varchar(64) COLLATE utf8_bin DEFAULT NULL,
  `URL_` varchar(4000) COLLATE utf8_bin DEFAULT NULL,
  `CONTENT_ID_` varchar(64) COLLATE utf8_bin DEFAULT NULL,
  PRIMARY KEY (`ID_`)
) ENGINE=InnoDB DEFAULT CHARSET=utf8 COLLATE=utf8_bin;

-- ----------------------------
-- Records of act_hi_attachment
-- ----------------------------

-- ----------------------------
-- Table structure for `act_hi_comment`
-- ----------------------------
DROP TABLE IF EXISTS `act_hi_comment`;
CREATE TABLE `act_hi_comment` (
  `ID_` varchar(64) COLLATE utf8_bin NOT NULL,
  `TYPE_` varchar(255) COLLATE utf8_bin DEFAULT NULL,
  `TIME_` datetime NOT NULL,
  `USER_ID_` varchar(255) COLLATE utf8_bin DEFAULT NULL,
  `TASK_ID_` varchar(64) COLLATE utf8_bin DEFAULT NULL,
  `PROC_INST_ID_` varchar(64) COLLATE utf8_bin DEFAULT NULL,
  `ACTION_` varchar(255) COLLATE utf8_bin DEFAULT NULL,
  `MESSAGE_` varchar(4000) COLLATE utf8_bin DEFAULT NULL,
  `FULL_MSG_` longblob,
  PRIMARY KEY (`ID_`)
) ENGINE=InnoDB DEFAULT CHARSET=utf8 COLLATE=utf8_bin;

-- ----------------------------
-- Records of act_hi_comment
-- ----------------------------

-- ----------------------------
-- Table structure for `act_hi_detail`
-- ----------------------------
DROP TABLE IF EXISTS `act_hi_detail`;
CREATE TABLE `act_hi_detail` (
  `ID_` varchar(64) COLLATE utf8_bin NOT NULL,
  `TYPE_` varchar(255) COLLATE utf8_bin NOT NULL,
  `PROC_INST_ID_` varchar(64) COLLATE utf8_bin DEFAULT NULL,
  `EXECUTION_ID_` varchar(64) COLLATE utf8_bin DEFAULT NULL,
  `TASK_ID_` varchar(64) COLLATE utf8_bin DEFAULT NULL,
  `ACT_INST_ID_` varchar(64) COLLATE utf8_bin DEFAULT NULL,
  `NAME_` varchar(255) COLLATE utf8_bin NOT NULL,
  `VAR_TYPE_` varchar(255) COLLATE utf8_bin DEFAULT NULL,
  `REV_` int(11) DEFAULT NULL,
  `TIME_` datetime NOT NULL,
  `BYTEARRAY_ID_` varchar(64) COLLATE utf8_bin DEFAULT NULL,
  `DOUBLE_` double DEFAULT NULL,
  `LONG_` bigint(20) DEFAULT NULL,
  `TEXT_` varchar(4000) COLLATE utf8_bin DEFAULT NULL,
  `TEXT2_` varchar(4000) COLLATE utf8_bin DEFAULT NULL,
  PRIMARY KEY (`ID_`),
  KEY `ACT_IDX_HI_DETAIL_PROC_INST` (`PROC_INST_ID_`),
  KEY `ACT_IDX_HI_DETAIL_ACT_INST` (`ACT_INST_ID_`),
  KEY `ACT_IDX_HI_DETAIL_TIME` (`TIME_`),
  KEY `ACT_IDX_HI_DETAIL_NAME` (`NAME_`),
  KEY `ACT_IDX_HI_DETAIL_TASK_ID` (`TASK_ID_`)
) ENGINE=InnoDB DEFAULT CHARSET=utf8 COLLATE=utf8_bin;

-- ----------------------------
-- Records of act_hi_detail
-- ----------------------------
INSERT INTO `act_hi_detail` VALUES ('203', 'VariableUpdate', '201', '201', null, null, 'applyUserId', 'string', '0', '2013-05-10 11:49:20', null, null, null, '2', null);
INSERT INTO `act_hi_detail` VALUES ('302', 'VariableUpdate', '201', '201', null, '206', 'deptLeaderPass', 'boolean', '0', '2013-05-10 12:18:07', null, null, '1', null, null);
INSERT INTO `act_hi_detail` VALUES ('308', 'VariableUpdate', '201', '201', null, '304', 'hrPass', 'boolean', '0', '2013-05-10 12:18:12', null, null, '1', null, null);
INSERT INTO `act_hi_detail` VALUES ('313', 'VariableUpdate', '201', '201', null, '310', 'realityEndTime', 'date', '0', '2013-05-10 12:18:19', null, null, '1369455480000', null, null);
INSERT INTO `act_hi_detail` VALUES ('315', 'VariableUpdate', '201', '201', null, '310', 'realityStartTime', 'date', '0', '2013-05-10 12:18:19', null, null, '1368159480000', null, null);
INSERT INTO `act_hi_detail` VALUES ('403', 'VariableUpdate', '401', '401', null, null, 'applyUserId', 'string', '0', '2013-05-10 14:07:16', null, null, null, '2', null);
INSERT INTO `act_hi_detail` VALUES ('410', 'VariableUpdate', '401', '401', null, '406', 'deptLeaderPass', 'boolean', '0', '2013-05-10 14:07:54', null, null, '1', null, null);
INSERT INTO `act_hi_detail` VALUES ('416', 'VariableUpdate', '401', '401', null, '412', 'hrPass', 'boolean', '0', '2013-05-10 14:08:07', null, null, '1', null, null);
INSERT INTO `act_hi_detail` VALUES ('421', 'VariableUpdate', '401', '401', null, '418', 'realityEndTime', 'date', '0', '2013-05-10 14:08:24', null, null, '1368165960000', null, null);
INSERT INTO `act_hi_detail` VALUES ('423', 'VariableUpdate', '401', '401', null, '418', 'realityStartTime', 'date', '0', '2013-05-10 14:08:24', null, null, '1368165960000', null, null);
INSERT INTO `act_hi_detail` VALUES ('427', 'VariableUpdate', '425', '425', null, null, 'applyUserId', 'string', '0', '2013-05-10 14:22:57', null, null, null, '2', null);
INSERT INTO `act_hi_detail` VALUES ('434', 'VariableUpdate', '425', '425', null, '430', 'deptLeaderPass', 'boolean', '0', '2013-05-10 14:27:16', null, null, '1', null, null);
INSERT INTO `act_hi_detail` VALUES ('440', 'VariableUpdate', '425', '425', null, '436', 'hrPass', 'boolean', '0', '2013-05-10 14:27:27', null, null, '1', null, null);
INSERT INTO `act_hi_detail` VALUES ('446', 'VariableUpdate', '444', '444', null, null, 'applyUserId', 'string', '0', '2013-05-10 14:28:16', null, null, null, '2', null);
INSERT INTO `act_hi_detail` VALUES ('453', 'VariableUpdate', '444', '444', null, '449', 'leaderBackReason', 'string', '0', '2013-05-10 14:52:59', null, null, null, 'wwww', null);
INSERT INTO `act_hi_detail` VALUES ('455', 'VariableUpdate', '444', '444', null, '449', 'deptLeaderPass', 'boolean', '0', '2013-05-10 14:52:59', null, null, '0', null, null);
INSERT INTO `act_hi_detail` VALUES ('460', 'VariableUpdate', '444', '444', null, '457', 'startTime', 'date', '0', '2013-05-10 14:53:16', null, null, '1368138501000', null, null);
INSERT INTO `act_hi_detail` VALUES ('462', 'VariableUpdate', '444', '444', null, '457', 'reason', 'string', '0', '2013-05-10 14:53:16', null, null, null, '2525', null);
INSERT INTO `act_hi_detail` VALUES ('464', 'VariableUpdate', '444', '444', null, '457', 'reApply', 'boolean', '0', '2013-05-10 14:53:16', null, null, '1', null, null);
INSERT INTO `act_hi_detail` VALUES ('466', 'VariableUpdate', '444', '444', null, '457', 'endTime', 'date', '0', '2013-05-10 14:53:16', null, null, '1368138496000', null, null);
INSERT INTO `act_hi_detail` VALUES ('468', 'VariableUpdate', '444', '444', null, '457', 'leaveType', 'string', '0', '2013-05-10 14:53:16', null, null, null, 'null', null);

-- ----------------------------
-- Table structure for `act_hi_procinst`
-- ----------------------------
DROP TABLE IF EXISTS `act_hi_procinst`;
CREATE TABLE `act_hi_procinst` (
  `ID_` varchar(64) COLLATE utf8_bin NOT NULL,
  `PROC_INST_ID_` varchar(64) COLLATE utf8_bin NOT NULL,
  `BUSINESS_KEY_` varchar(255) COLLATE utf8_bin DEFAULT NULL,
  `PROC_DEF_ID_` varchar(64) COLLATE utf8_bin NOT NULL,
  `START_TIME_` datetime NOT NULL,
  `END_TIME_` datetime DEFAULT NULL,
  `DURATION_` bigint(20) DEFAULT NULL,
  `START_USER_ID_` varchar(255) COLLATE utf8_bin DEFAULT NULL,
  `START_ACT_ID_` varchar(255) COLLATE utf8_bin DEFAULT NULL,
  `END_ACT_ID_` varchar(255) COLLATE utf8_bin DEFAULT NULL,
  `SUPER_PROCESS_INSTANCE_ID_` varchar(64) COLLATE utf8_bin DEFAULT NULL,
  `DELETE_REASON_` varchar(4000) COLLATE utf8_bin DEFAULT NULL,
  PRIMARY KEY (`ID_`),
  UNIQUE KEY `PROC_INST_ID_` (`PROC_INST_ID_`),
  UNIQUE KEY `ACT_UNIQ_HI_BUS_KEY` (`PROC_DEF_ID_`,`BUSINESS_KEY_`),
  KEY `ACT_IDX_HI_PRO_INST_END` (`END_TIME_`),
  KEY `ACT_IDX_HI_PRO_I_BUSKEY` (`BUSINESS_KEY_`)
) ENGINE=InnoDB DEFAULT CHARSET=utf8 COLLATE=utf8_bin;

-- ----------------------------
-- Records of act_hi_procinst
-- ----------------------------
INSERT INTO `act_hi_procinst` VALUES ('201', '201', '1', 'leave:1:4', '2013-05-10 11:49:20', '2013-05-10 12:18:19', '1739559', '2', 'startevent1', 'endevent1', null, null);
INSERT INTO `act_hi_procinst` VALUES ('401', '401', '2', 'leave:1:4', '2013-05-10 14:07:16', '2013-05-10 14:08:25', '69212', '2', 'startevent1', 'endevent1', null, null);
INSERT INTO `act_hi_procinst` VALUES ('425', '425', '3', 'leave:1:4', '2013-05-10 14:22:57', null, null, '2', 'startevent1', null, null, null);
INSERT INTO `act_hi_procinst` VALUES ('444', '444', '4', 'leave:1:4', '2013-05-10 14:28:16', null, null, '2', 'startevent1', null, null, null);

-- ----------------------------
-- Table structure for `act_hi_taskinst`
-- ----------------------------
DROP TABLE IF EXISTS `act_hi_taskinst`;
CREATE TABLE `act_hi_taskinst` (
  `ID_` varchar(64) COLLATE utf8_bin NOT NULL,
  `PROC_DEF_ID_` varchar(64) COLLATE utf8_bin DEFAULT NULL,
  `TASK_DEF_KEY_` varchar(255) COLLATE utf8_bin DEFAULT NULL,
  `PROC_INST_ID_` varchar(64) COLLATE utf8_bin DEFAULT NULL,
  `EXECUTION_ID_` varchar(64) COLLATE utf8_bin DEFAULT NULL,
  `NAME_` varchar(255) COLLATE utf8_bin DEFAULT NULL,
  `PARENT_TASK_ID_` varchar(64) COLLATE utf8_bin DEFAULT NULL,
  `DESCRIPTION_` varchar(4000) COLLATE utf8_bin DEFAULT NULL,
  `OWNER_` varchar(255) COLLATE utf8_bin DEFAULT NULL,
  `ASSIGNEE_` varchar(255) COLLATE utf8_bin DEFAULT NULL,
  `START_TIME_` datetime NOT NULL,
  `CLAIM_TIME_` datetime DEFAULT NULL,
  `END_TIME_` datetime DEFAULT NULL,
  `DURATION_` bigint(20) DEFAULT NULL,
  `DELETE_REASON_` varchar(4000) COLLATE utf8_bin DEFAULT NULL,
  `PRIORITY_` int(11) DEFAULT NULL,
  `DUE_DATE_` datetime DEFAULT NULL,
  `FORM_KEY_` varchar(255) COLLATE utf8_bin DEFAULT NULL,
  PRIMARY KEY (`ID_`)
) ENGINE=InnoDB DEFAULT CHARSET=utf8 COLLATE=utf8_bin;

-- ----------------------------
-- Records of act_hi_taskinst
-- ----------------------------
INSERT INTO `act_hi_taskinst` VALUES ('207', 'leave:1:4', 'deptLeaderAudit', '201', '201', '部门领导审批', null, null, null, '2', '2013-05-10 11:49:20', '2013-05-10 11:59:38', '2013-05-10 12:18:07', '1727440', 'completed', '50', null, null);
INSERT INTO `act_hi_taskinst` VALUES ('305', 'leave:1:4', 'hrAudit', '201', '201', '人事审批', null, null, null, '2', '2013-05-10 12:18:07', '2013-05-10 12:18:10', '2013-05-10 12:18:12', '5477', 'completed', '50', null, null);
INSERT INTO `act_hi_taskinst` VALUES ('311', 'leave:1:4', 'reportBack', '201', '201', '销假', null, null, null, '2', '2013-05-10 12:18:12', null, '2013-05-10 12:18:19', '7554', 'completed', '50', null, null);
INSERT INTO `act_hi_taskinst` VALUES ('407', 'leave:1:4', 'deptLeaderAudit', '401', '401', '部门领导审批', null, null, null, '2', '2013-05-10 14:07:16', '2013-05-10 14:07:43', '2013-05-10 14:07:54', '38311', 'completed', '50', null, null);
INSERT INTO `act_hi_taskinst` VALUES ('413', 'leave:1:4', 'hrAudit', '401', '401', '人事审批', null, null, null, '2', '2013-05-10 14:07:54', '2013-05-10 14:08:03', '2013-05-10 14:08:07', '13918', 'completed', '50', null, null);
INSERT INTO `act_hi_taskinst` VALUES ('419', 'leave:1:4', 'reportBack', '401', '401', '销假', null, null, null, '2', '2013-05-10 14:08:07', null, '2013-05-10 14:08:25', '18208', 'completed', '50', null, null);
INSERT INTO `act_hi_taskinst` VALUES ('431', 'leave:1:4', 'deptLeaderAudit', '425', '425', '部门领导审批', null, null, null, '2', '2013-05-10 14:22:57', '2013-05-10 14:24:24', '2013-05-10 14:27:16', '259616', 'completed', '50', null, null);
INSERT INTO `act_hi_taskinst` VALUES ('437', 'leave:1:4', 'hrAudit', '425', '425', '人事审批', null, null, null, '2', '2013-05-10 14:27:16', '2013-05-10 14:27:22', '2013-05-10 14:27:27', '11390', 'completed', '50', null, null);
INSERT INTO `act_hi_taskinst` VALUES ('443', 'leave:1:4', 'reportBack', '425', '425', '销假', null, null, null, '2', '2013-05-10 14:27:27', null, null, null, null, '50', null, null);
INSERT INTO `act_hi_taskinst` VALUES ('450', 'leave:1:4', 'deptLeaderAudit', '444', '444', '部门领导审批', null, null, null, '2', '2013-05-10 14:28:16', '2013-05-10 14:29:24', '2013-05-10 14:52:59', '1483516', 'completed', '50', null, null);
INSERT INTO `act_hi_taskinst` VALUES ('458', 'leave:1:4', 'modifyApply', '444', '444', '调整申请', null, null, null, '2', '2013-05-10 14:52:59', null, '2013-05-10 14:53:16', '17589', 'completed', '50', null, null);
INSERT INTO `act_hi_taskinst` VALUES ('471', 'leave:1:4', 'deptLeaderAudit', '444', '444', '部门领导审批', null, null, null, '2', '2013-05-10 14:53:16', '2013-05-10 14:53:30', null, null, null, '50', null, null);

-- ----------------------------
-- Table structure for `act_hi_varinst`
-- ----------------------------
DROP TABLE IF EXISTS `act_hi_varinst`;
CREATE TABLE `act_hi_varinst` (
  `ID_` varchar(64) COLLATE utf8_bin NOT NULL,
  `PROC_INST_ID_` varchar(64) COLLATE utf8_bin DEFAULT NULL,
  `EXECUTION_ID_` varchar(64) COLLATE utf8_bin DEFAULT NULL,
  `TASK_ID_` varchar(64) COLLATE utf8_bin DEFAULT NULL,
  `NAME_` varchar(255) COLLATE utf8_bin NOT NULL,
  `VAR_TYPE_` varchar(100) COLLATE utf8_bin DEFAULT NULL,
  `REV_` int(11) DEFAULT NULL,
  `BYTEARRAY_ID_` varchar(64) COLLATE utf8_bin DEFAULT NULL,
  `DOUBLE_` double DEFAULT NULL,
  `LONG_` bigint(20) DEFAULT NULL,
  `TEXT_` varchar(4000) COLLATE utf8_bin DEFAULT NULL,
  `TEXT2_` varchar(4000) COLLATE utf8_bin DEFAULT NULL,
  PRIMARY KEY (`ID_`),
  KEY `ACT_IDX_HI_PROCVAR_PROC_INST` (`PROC_INST_ID_`),
  KEY `ACT_IDX_HI_PROCVAR_NAME_TYPE` (`NAME_`,`VAR_TYPE_`)
) ENGINE=InnoDB DEFAULT CHARSET=utf8 COLLATE=utf8_bin;

-- ----------------------------
-- Records of act_hi_varinst
-- ----------------------------
INSERT INTO `act_hi_varinst` VALUES ('202', '201', '201', null, 'applyUserId', 'string', '0', null, null, null, '2', null);
INSERT INTO `act_hi_varinst` VALUES ('301', '201', '201', null, 'deptLeaderPass', 'boolean', '0', null, null, '1', null, null);
INSERT INTO `act_hi_varinst` VALUES ('307', '201', '201', null, 'hrPass', 'boolean', '0', null, null, '1', null, null);
INSERT INTO `act_hi_varinst` VALUES ('312', '201', '201', null, 'realityEndTime', 'date', '0', null, null, '1369455480000', null, null);
INSERT INTO `act_hi_varinst` VALUES ('314', '201', '201', null, 'realityStartTime', 'date', '0', null, null, '1368159480000', null, null);
INSERT INTO `act_hi_varinst` VALUES ('402', '401', '401', null, 'applyUserId', 'string', '0', null, null, null, '2', null);
INSERT INTO `act_hi_varinst` VALUES ('409', '401', '401', null, 'deptLeaderPass', 'boolean', '0', null, null, '1', null, null);
INSERT INTO `act_hi_varinst` VALUES ('415', '401', '401', null, 'hrPass', 'boolean', '0', null, null, '1', null, null);
INSERT INTO `act_hi_varinst` VALUES ('420', '401', '401', null, 'realityEndTime', 'date', '0', null, null, '1368165960000', null, null);
INSERT INTO `act_hi_varinst` VALUES ('422', '401', '401', null, 'realityStartTime', 'date', '0', null, null, '1368165960000', null, null);
INSERT INTO `act_hi_varinst` VALUES ('426', '425', '425', null, 'applyUserId', 'string', '0', null, null, null, '2', null);
INSERT INTO `act_hi_varinst` VALUES ('433', '425', '425', null, 'deptLeaderPass', 'boolean', '0', null, null, '1', null, null);
INSERT INTO `act_hi_varinst` VALUES ('439', '425', '425', null, 'hrPass', 'boolean', '0', null, null, '1', null, null);
INSERT INTO `act_hi_varinst` VALUES ('445', '444', '444', null, 'applyUserId', 'string', '0', null, null, null, '2', null);
INSERT INTO `act_hi_varinst` VALUES ('452', '444', '444', null, 'leaderBackReason', 'string', '0', null, null, null, 'wwww', null);
INSERT INTO `act_hi_varinst` VALUES ('454', '444', '444', null, 'deptLeaderPass', 'boolean', '0', null, null, '0', null, null);
INSERT INTO `act_hi_varinst` VALUES ('459', '444', '444', null, 'startTime', 'date', '0', null, null, '1368138501000', null, null);
INSERT INTO `act_hi_varinst` VALUES ('461', '444', '444', null, 'reason', 'string', '0', null, null, null, '2525', null);
INSERT INTO `act_hi_varinst` VALUES ('463', '444', '444', null, 'reApply', 'boolean', '0', null, null, '1', null, null);
INSERT INTO `act_hi_varinst` VALUES ('465', '444', '444', null, 'endTime', 'date', '0', null, null, '1368138496000', null, null);
INSERT INTO `act_hi_varinst` VALUES ('467', '444', '444', null, 'leaveType', 'string', '0', null, null, null, 'null', null);

-- ----------------------------
-- Table structure for `act_id_group`
-- ----------------------------
DROP TABLE IF EXISTS `act_id_group`;
CREATE TABLE `act_id_group` (
  `ID_` varchar(64) COLLATE utf8_bin NOT NULL DEFAULT '',
  `REV_` int(11) DEFAULT NULL,
  `NAME_` varchar(255) COLLATE utf8_bin DEFAULT NULL,
  `TYPE_` varchar(255) COLLATE utf8_bin DEFAULT NULL,
  PRIMARY KEY (`ID_`)
) ENGINE=InnoDB DEFAULT CHARSET=utf8 COLLATE=utf8_bin;

-- ----------------------------
-- Records of act_id_group
-- ----------------------------
INSERT INTO `act_id_group` VALUES ('admin', '3', '系统管理员', 'assignment');
INSERT INTO `act_id_group` VALUES ('deptLeader', '1', '部门领导', 'assignment');
INSERT INTO `act_id_group` VALUES ('hr', '1', '人事', 'assignment');
INSERT INTO `act_id_group` VALUES ('user', '1', '普通用户', 'assignment');

-- ----------------------------
-- Table structure for `act_id_info`
-- ----------------------------
DROP TABLE IF EXISTS `act_id_info`;
CREATE TABLE `act_id_info` (
  `ID_` varchar(64) COLLATE utf8_bin NOT NULL DEFAULT '',
  `REV_` int(11) DEFAULT NULL,
  `USER_ID_` varchar(64) COLLATE utf8_bin DEFAULT NULL,
  `TYPE_` varchar(64) COLLATE utf8_bin DEFAULT NULL,
  `KEY_` varchar(255) COLLATE utf8_bin DEFAULT NULL,
  `VALUE_` varchar(255) COLLATE utf8_bin DEFAULT NULL,
  `PASSWORD_` longblob,
  `PARENT_ID_` varchar(255) COLLATE utf8_bin DEFAULT NULL,
  PRIMARY KEY (`ID_`)
) ENGINE=InnoDB DEFAULT CHARSET=utf8 COLLATE=utf8_bin;

-- ----------------------------
-- Records of act_id_info
-- ----------------------------

-- ----------------------------
-- Table structure for `act_id_membership`
-- ----------------------------
DROP TABLE IF EXISTS `act_id_membership`;
CREATE TABLE `act_id_membership` (
  `USER_ID_` varchar(64) COLLATE utf8_bin NOT NULL DEFAULT '',
  `GROUP_ID_` varchar(64) COLLATE utf8_bin NOT NULL DEFAULT '',
  PRIMARY KEY (`USER_ID_`,`GROUP_ID_`),
  KEY `ACT_FK_MEMB_GROUP` (`GROUP_ID_`),
  CONSTRAINT `ACT_FK_MEMB_USER` FOREIGN KEY (`USER_ID_`) REFERENCES `act_id_user` (`ID_`),
  CONSTRAINT `ACT_FK_MEMB_GROUP` FOREIGN KEY (`GROUP_ID_`) REFERENCES `act_id_group` (`ID_`)
) ENGINE=InnoDB DEFAULT CHARSET=utf8 COLLATE=utf8_bin;

-- ----------------------------
-- Records of act_id_membership
-- ----------------------------
INSERT INTO `act_id_membership` VALUES ('2', 'admin');
INSERT INTO `act_id_membership` VALUES ('2', 'deptLeader');
INSERT INTO `act_id_membership` VALUES ('2', 'hr');
INSERT INTO `act_id_membership` VALUES ('2', 'user');

-- ----------------------------
-- Table structure for `act_id_user`
-- ----------------------------
DROP TABLE IF EXISTS `act_id_user`;
CREATE TABLE `act_id_user` (
  `ID_` varchar(64) COLLATE utf8_bin NOT NULL DEFAULT '',
  `REV_` int(11) DEFAULT NULL,
  `FIRST_` varchar(255) COLLATE utf8_bin DEFAULT NULL,
  `LAST_` varchar(255) COLLATE utf8_bin DEFAULT NULL,
  `EMAIL_` varchar(255) COLLATE utf8_bin DEFAULT NULL,
  `PWD_` varchar(255) COLLATE utf8_bin DEFAULT NULL,
  `PICTURE_ID_` varchar(64) COLLATE utf8_bin DEFAULT NULL,
  PRIMARY KEY (`ID_`)
) ENGINE=InnoDB DEFAULT CHARSET=utf8 COLLATE=utf8_bin;

-- ----------------------------
-- Records of act_id_user
-- ----------------------------
INSERT INTO `act_id_user` VALUES ('2', '1', '管理员', '', 'thinkgem@163.com', '', null);

-- ----------------------------
-- Table structure for `act_re_deployment`
-- ----------------------------
DROP TABLE IF EXISTS `act_re_deployment`;
CREATE TABLE `act_re_deployment` (
  `ID_` varchar(64) COLLATE utf8_bin NOT NULL DEFAULT '',
  `NAME_` varchar(255) COLLATE utf8_bin DEFAULT NULL,
  `CATEGORY_` varchar(255) COLLATE utf8_bin DEFAULT NULL,
  `DEPLOY_TIME_` timestamp NOT NULL DEFAULT CURRENT_TIMESTAMP ON UPDATE CURRENT_TIMESTAMP,
  PRIMARY KEY (`ID_`)
) ENGINE=InnoDB DEFAULT CHARSET=utf8 COLLATE=utf8_bin;

-- ----------------------------
-- Records of act_re_deployment
-- ----------------------------
INSERT INTO `act_re_deployment` VALUES ('1', 'SpringAutoDeployment', null, '2013-05-10 11:00:51');

-- ----------------------------
-- Table structure for `act_re_model`
-- ----------------------------
DROP TABLE IF EXISTS `act_re_model`;
CREATE TABLE `act_re_model` (
  `ID_` varchar(64) COLLATE utf8_bin NOT NULL,
  `REV_` int(11) DEFAULT NULL,
  `NAME_` varchar(255) COLLATE utf8_bin DEFAULT NULL,
  `KEY_` varchar(255) COLLATE utf8_bin DEFAULT NULL,
  `CATEGORY_` varchar(255) COLLATE utf8_bin DEFAULT NULL,
  `CREATE_TIME_` timestamp NULL DEFAULT NULL,
  `LAST_UPDATE_TIME_` timestamp NULL DEFAULT NULL,
  `VERSION_` int(11) DEFAULT NULL,
  `META_INFO_` varchar(4000) COLLATE utf8_bin DEFAULT NULL,
  `DEPLOYMENT_ID_` varchar(64) COLLATE utf8_bin DEFAULT NULL,
  `EDITOR_SOURCE_VALUE_ID_` varchar(64) COLLATE utf8_bin DEFAULT NULL,
  `EDITOR_SOURCE_EXTRA_VALUE_ID_` varchar(64) COLLATE utf8_bin DEFAULT NULL,
  PRIMARY KEY (`ID_`),
  KEY `ACT_FK_MODEL_SOURCE` (`EDITOR_SOURCE_VALUE_ID_`),
  KEY `ACT_FK_MODEL_SOURCE_EXTRA` (`EDITOR_SOURCE_EXTRA_VALUE_ID_`),
  KEY `ACT_FK_MODEL_DEPLOYMENT` (`DEPLOYMENT_ID_`),
  CONSTRAINT `ACT_FK_MODEL_DEPLOYMENT` FOREIGN KEY (`DEPLOYMENT_ID_`) REFERENCES `act_re_deployment` (`ID_`),
  CONSTRAINT `ACT_FK_MODEL_SOURCE` FOREIGN KEY (`EDITOR_SOURCE_VALUE_ID_`) REFERENCES `act_ge_bytearray` (`ID_`),
  CONSTRAINT `ACT_FK_MODEL_SOURCE_EXTRA` FOREIGN KEY (`EDITOR_SOURCE_EXTRA_VALUE_ID_`) REFERENCES `act_ge_bytearray` (`ID_`)
) ENGINE=InnoDB DEFAULT CHARSET=utf8 COLLATE=utf8_bin;

-- ----------------------------
-- Records of act_re_model
-- ----------------------------

-- ----------------------------
-- Table structure for `act_re_procdef`
-- ----------------------------
DROP TABLE IF EXISTS `act_re_procdef`;
CREATE TABLE `act_re_procdef` (
  `ID_` varchar(64) COLLATE utf8_bin NOT NULL,
  `REV_` int(11) DEFAULT NULL,
  `CATEGORY_` varchar(255) COLLATE utf8_bin DEFAULT NULL,
  `NAME_` varchar(255) COLLATE utf8_bin DEFAULT NULL,
  `KEY_` varchar(255) COLLATE utf8_bin NOT NULL,
  `VERSION_` int(11) NOT NULL,
  `DEPLOYMENT_ID_` varchar(64) COLLATE utf8_bin DEFAULT NULL,
  `RESOURCE_NAME_` varchar(4000) COLLATE utf8_bin DEFAULT NULL,
  `DGRM_RESOURCE_NAME_` varchar(4000) COLLATE utf8_bin DEFAULT NULL,
  `DESCRIPTION_` varchar(4000) COLLATE utf8_bin DEFAULT NULL,
  `HAS_START_FORM_KEY_` tinyint(4) DEFAULT NULL,
  `SUSPENSION_STATE_` int(11) DEFAULT NULL,
  PRIMARY KEY (`ID_`),
  UNIQUE KEY `ACT_UNIQ_PROCDEF` (`KEY_`,`VERSION_`)
) ENGINE=InnoDB DEFAULT CHARSET=utf8 COLLATE=utf8_bin;

-- ----------------------------
-- Records of act_re_procdef
-- ----------------------------
INSERT INTO `act_re_procdef` VALUES ('leave:1:4', '5', 'http://www.kafeitu.me/demo/activiti/leave', '请假流程', 'leave', '1', '1', 'leave.bpmn20.xml', 'leave.png', '请假流程演示', '0', '1');

-- ----------------------------
-- Table structure for `act_ru_event_subscr`
-- ----------------------------
DROP TABLE IF EXISTS `act_ru_event_subscr`;
CREATE TABLE `act_ru_event_subscr` (
  `ID_` varchar(64) COLLATE utf8_bin NOT NULL,
  `REV_` int(11) DEFAULT NULL,
  `EVENT_TYPE_` varchar(255) COLLATE utf8_bin NOT NULL,
  `EVENT_NAME_` varchar(255) COLLATE utf8_bin DEFAULT NULL,
  `EXECUTION_ID_` varchar(64) COLLATE utf8_bin DEFAULT NULL,
  `PROC_INST_ID_` varchar(64) COLLATE utf8_bin DEFAULT NULL,
  `ACTIVITY_ID_` varchar(64) COLLATE utf8_bin DEFAULT NULL,
  `CONFIGURATION_` varchar(255) COLLATE utf8_bin DEFAULT NULL,
  `CREATED_` timestamp NOT NULL DEFAULT CURRENT_TIMESTAMP ON UPDATE CURRENT_TIMESTAMP,
  PRIMARY KEY (`ID_`),
  KEY `ACT_IDX_EVENT_SUBSCR_CONFIG_` (`CONFIGURATION_`),
  KEY `ACT_FK_EVENT_EXEC` (`EXECUTION_ID_`),
  CONSTRAINT `ACT_FK_EVENT_EXEC` FOREIGN KEY (`EXECUTION_ID_`) REFERENCES `act_ru_execution` (`ID_`)
) ENGINE=InnoDB DEFAULT CHARSET=utf8 COLLATE=utf8_bin;

-- ----------------------------
-- Records of act_ru_event_subscr
-- ----------------------------

-- ----------------------------
-- Table structure for `act_ru_execution`
-- ----------------------------
DROP TABLE IF EXISTS `act_ru_execution`;
CREATE TABLE `act_ru_execution` (
  `ID_` varchar(64) COLLATE utf8_bin NOT NULL DEFAULT '',
  `REV_` int(11) DEFAULT NULL,
  `PROC_INST_ID_` varchar(64) COLLATE utf8_bin DEFAULT NULL,
  `BUSINESS_KEY_` varchar(255) COLLATE utf8_bin DEFAULT NULL,
  `PARENT_ID_` varchar(64) COLLATE utf8_bin DEFAULT NULL,
  `PROC_DEF_ID_` varchar(64) COLLATE utf8_bin DEFAULT NULL,
  `SUPER_EXEC_` varchar(64) COLLATE utf8_bin DEFAULT NULL,
  `ACT_ID_` varchar(255) COLLATE utf8_bin DEFAULT NULL,
  `IS_ACTIVE_` tinyint(4) DEFAULT NULL,
  `IS_CONCURRENT_` tinyint(4) DEFAULT NULL,
  `IS_SCOPE_` tinyint(4) DEFAULT NULL,
  `IS_EVENT_SCOPE_` tinyint(4) DEFAULT NULL,
  `SUSPENSION_STATE_` int(11) DEFAULT NULL,
  `CACHED_ENT_STATE_` int(11) DEFAULT NULL,
  PRIMARY KEY (`ID_`),
  UNIQUE KEY `ACT_UNIQ_RU_BUS_KEY` (`PROC_DEF_ID_`,`BUSINESS_KEY_`),
  KEY `ACT_IDX_EXEC_BUSKEY` (`BUSINESS_KEY_`),
  KEY `ACT_FK_EXE_PROCINST` (`PROC_INST_ID_`),
  KEY `ACT_FK_EXE_PARENT` (`PARENT_ID_`),
  KEY `ACT_FK_EXE_SUPER` (`SUPER_EXEC_`),
  CONSTRAINT `ACT_FK_EXE_PROCDEF` FOREIGN KEY (`PROC_DEF_ID_`) REFERENCES `act_re_procdef` (`ID_`),
  CONSTRAINT `ACT_FK_EXE_PARENT` FOREIGN KEY (`PARENT_ID_`) REFERENCES `act_ru_execution` (`ID_`),
  CONSTRAINT `ACT_FK_EXE_PROCINST` FOREIGN KEY (`PROC_INST_ID_`) REFERENCES `act_ru_execution` (`ID_`) ON DELETE CASCADE ON UPDATE CASCADE,
  CONSTRAINT `ACT_FK_EXE_SUPER` FOREIGN KEY (`SUPER_EXEC_`) REFERENCES `act_ru_execution` (`ID_`)
) ENGINE=InnoDB DEFAULT CHARSET=utf8 COLLATE=utf8_bin;

-- ----------------------------
-- Records of act_ru_execution
-- ----------------------------
INSERT INTO `act_ru_execution` VALUES ('425', '3', '425', '3', null, 'leave:1:4', null, 'reportBack', '1', '0', '1', '0', '1', '2');
INSERT INTO `act_ru_execution` VALUES ('444', '3', '444', '4', null, 'leave:1:4', null, 'deptLeaderAudit', '1', '0', '1', '0', '1', '2');

-- ----------------------------
-- Table structure for `act_ru_identitylink`
-- ----------------------------
DROP TABLE IF EXISTS `act_ru_identitylink`;
CREATE TABLE `act_ru_identitylink` (
  `ID_` varchar(64) COLLATE utf8_bin NOT NULL DEFAULT '',
  `REV_` int(11) DEFAULT NULL,
  `GROUP_ID_` varchar(255) COLLATE utf8_bin DEFAULT NULL,
  `TYPE_` varchar(255) COLLATE utf8_bin DEFAULT NULL,
  `USER_ID_` varchar(255) COLLATE utf8_bin DEFAULT NULL,
  `TASK_ID_` varchar(64) COLLATE utf8_bin DEFAULT NULL,
  `PROC_INST_ID_` varchar(64) COLLATE utf8_bin DEFAULT NULL,
  `PROC_DEF_ID_` varchar(64) COLLATE utf8_bin DEFAULT NULL,
  PRIMARY KEY (`ID_`),
  KEY `ACT_IDX_IDENT_LNK_USER` (`USER_ID_`),
  KEY `ACT_IDX_IDENT_LNK_GROUP` (`GROUP_ID_`),
  KEY `ACT_IDX_ATHRZ_PROCEDEF` (`PROC_DEF_ID_`),
  KEY `ACT_FK_TSKASS_TASK` (`TASK_ID_`),
  KEY `ACT_FK_IDL_PROCINST` (`PROC_INST_ID_`),
  CONSTRAINT `ACT_FK_IDL_PROCINST` FOREIGN KEY (`PROC_INST_ID_`) REFERENCES `act_ru_execution` (`ID_`),
  CONSTRAINT `ACT_FK_ATHRZ_PROCEDEF` FOREIGN KEY (`PROC_DEF_ID_`) REFERENCES `act_re_procdef` (`ID_`),
  CONSTRAINT `ACT_FK_TSKASS_TASK` FOREIGN KEY (`TASK_ID_`) REFERENCES `act_ru_task` (`ID_`)
) ENGINE=InnoDB DEFAULT CHARSET=utf8 COLLATE=utf8_bin;

-- ----------------------------
-- Records of act_ru_identitylink
-- ----------------------------
INSERT INTO `act_ru_identitylink` VALUES ('428', '1', null, 'starter', '2', null, '425', null);
INSERT INTO `act_ru_identitylink` VALUES ('447', '1', null, 'starter', '2', null, '444', null);
INSERT INTO `act_ru_identitylink` VALUES ('472', '1', 'deptLeader', 'candidate', null, '471', null, null);

-- ----------------------------
-- Table structure for `act_ru_job`
-- ----------------------------
DROP TABLE IF EXISTS `act_ru_job`;
CREATE TABLE `act_ru_job` (
  `ID_` varchar(64) COLLATE utf8_bin NOT NULL,
  `REV_` int(11) DEFAULT NULL,
  `TYPE_` varchar(255) COLLATE utf8_bin NOT NULL,
  `LOCK_EXP_TIME_` timestamp NULL DEFAULT NULL,
  `LOCK_OWNER_` varchar(255) COLLATE utf8_bin DEFAULT NULL,
  `EXCLUSIVE_` tinyint(1) DEFAULT NULL,
  `EXECUTION_ID_` varchar(64) COLLATE utf8_bin DEFAULT NULL,
  `PROCESS_INSTANCE_ID_` varchar(64) COLLATE utf8_bin DEFAULT NULL,
  `PROC_DEF_ID_` varchar(64) COLLATE utf8_bin DEFAULT NULL,
  `RETRIES_` int(11) DEFAULT NULL,
  `EXCEPTION_STACK_ID_` varchar(64) COLLATE utf8_bin DEFAULT NULL,
  `EXCEPTION_MSG_` varchar(4000) COLLATE utf8_bin DEFAULT NULL,
  `DUEDATE_` timestamp NULL DEFAULT NULL,
  `REPEAT_` varchar(255) COLLATE utf8_bin DEFAULT NULL,
  `HANDLER_TYPE_` varchar(255) COLLATE utf8_bin DEFAULT NULL,
  `HANDLER_CFG_` varchar(4000) COLLATE utf8_bin DEFAULT NULL,
  PRIMARY KEY (`ID_`),
  KEY `ACT_FK_JOB_EXCEPTION` (`EXCEPTION_STACK_ID_`),
  CONSTRAINT `ACT_FK_JOB_EXCEPTION` FOREIGN KEY (`EXCEPTION_STACK_ID_`) REFERENCES `act_ge_bytearray` (`ID_`)
) ENGINE=InnoDB DEFAULT CHARSET=utf8 COLLATE=utf8_bin;

-- ----------------------------
-- Records of act_ru_job
-- ----------------------------

-- ----------------------------
-- Table structure for `act_ru_task`
-- ----------------------------
DROP TABLE IF EXISTS `act_ru_task`;
CREATE TABLE `act_ru_task` (
  `ID_` varchar(64) COLLATE utf8_bin NOT NULL DEFAULT '',
  `REV_` int(11) DEFAULT NULL,
  `EXECUTION_ID_` varchar(64) COLLATE utf8_bin DEFAULT NULL,
  `PROC_INST_ID_` varchar(64) COLLATE utf8_bin DEFAULT NULL,
  `PROC_DEF_ID_` varchar(64) COLLATE utf8_bin DEFAULT NULL,
  `NAME_` varchar(255) COLLATE utf8_bin DEFAULT NULL,
  `PARENT_TASK_ID_` varchar(64) COLLATE utf8_bin DEFAULT NULL,
  `DESCRIPTION_` varchar(4000) COLLATE utf8_bin DEFAULT NULL,
  `TASK_DEF_KEY_` varchar(255) COLLATE utf8_bin DEFAULT NULL,
  `OWNER_` varchar(255) COLLATE utf8_bin DEFAULT NULL,
  `ASSIGNEE_` varchar(255) COLLATE utf8_bin DEFAULT NULL,
  `DELEGATION_` varchar(64) COLLATE utf8_bin DEFAULT NULL,
  `PRIORITY_` int(11) DEFAULT NULL,
  `CREATE_TIME_` timestamp NOT NULL DEFAULT CURRENT_TIMESTAMP ON UPDATE CURRENT_TIMESTAMP,
  `DUE_DATE_` datetime DEFAULT NULL,
  `SUSPENSION_STATE_` int(11) DEFAULT NULL,
  PRIMARY KEY (`ID_`),
  KEY `ACT_IDX_TASK_CREATE` (`CREATE_TIME_`),
  KEY `ACT_FK_TASK_EXE` (`EXECUTION_ID_`),
  KEY `ACT_FK_TASK_PROCINST` (`PROC_INST_ID_`),
  KEY `ACT_FK_TASK_PROCDEF` (`PROC_DEF_ID_`),
  CONSTRAINT `ACT_FK_TASK_PROCDEF` FOREIGN KEY (`PROC_DEF_ID_`) REFERENCES `act_re_procdef` (`ID_`),
  CONSTRAINT `ACT_FK_TASK_EXE` FOREIGN KEY (`EXECUTION_ID_`) REFERENCES `act_ru_execution` (`ID_`),
  CONSTRAINT `ACT_FK_TASK_PROCINST` FOREIGN KEY (`PROC_INST_ID_`) REFERENCES `act_ru_execution` (`ID_`)
) ENGINE=InnoDB DEFAULT CHARSET=utf8 COLLATE=utf8_bin;

-- ----------------------------
-- Records of act_ru_task
-- ----------------------------
INSERT INTO `act_ru_task` VALUES ('443', '1', '425', '425', 'leave:1:4', '销假', null, null, 'reportBack', null, '2', null, '50', '2013-05-10 14:27:27', null, '1');
INSERT INTO `act_ru_task` VALUES ('471', '2', '444', '444', 'leave:1:4', '部门领导审批', null, null, 'deptLeaderAudit', null, '2', null, '50', '2013-05-10 14:53:16', null, '1');

-- ----------------------------
-- Table structure for `act_ru_variable`
-- ----------------------------
DROP TABLE IF EXISTS `act_ru_variable`;
CREATE TABLE `act_ru_variable` (
  `ID_` varchar(64) COLLATE utf8_bin NOT NULL,
  `REV_` int(11) DEFAULT NULL,
  `TYPE_` varchar(255) COLLATE utf8_bin NOT NULL,
  `NAME_` varchar(255) COLLATE utf8_bin NOT NULL,
  `EXECUTION_ID_` varchar(64) COLLATE utf8_bin DEFAULT NULL,
  `PROC_INST_ID_` varchar(64) COLLATE utf8_bin DEFAULT NULL,
  `TASK_ID_` varchar(64) COLLATE utf8_bin DEFAULT NULL,
  `BYTEARRAY_ID_` varchar(64) COLLATE utf8_bin DEFAULT NULL,
  `DOUBLE_` double DEFAULT NULL,
  `LONG_` bigint(20) DEFAULT NULL,
  `TEXT_` varchar(4000) COLLATE utf8_bin DEFAULT NULL,
  `TEXT2_` varchar(4000) COLLATE utf8_bin DEFAULT NULL,
  PRIMARY KEY (`ID_`),
  KEY `ACT_IDX_VARIABLE_TASK_ID` (`TASK_ID_`),
  KEY `ACT_FK_VAR_EXE` (`EXECUTION_ID_`),
  KEY `ACT_FK_VAR_PROCINST` (`PROC_INST_ID_`),
  KEY `ACT_FK_VAR_BYTEARRAY` (`BYTEARRAY_ID_`),
  CONSTRAINT `ACT_FK_VAR_BYTEARRAY` FOREIGN KEY (`BYTEARRAY_ID_`) REFERENCES `act_ge_bytearray` (`ID_`),
  CONSTRAINT `ACT_FK_VAR_EXE` FOREIGN KEY (`EXECUTION_ID_`) REFERENCES `act_ru_execution` (`ID_`),
  CONSTRAINT `ACT_FK_VAR_PROCINST` FOREIGN KEY (`PROC_INST_ID_`) REFERENCES `act_ru_execution` (`ID_`)
) ENGINE=InnoDB DEFAULT CHARSET=utf8 COLLATE=utf8_bin;

-- ----------------------------
-- Records of act_ru_variable
-- ----------------------------
INSERT INTO `act_ru_variable` VALUES ('426', '1', 'string', 'applyUserId', '425', '425', null, null, null, null, '2', null);
INSERT INTO `act_ru_variable` VALUES ('433', '1', 'boolean', 'deptLeaderPass', '425', '425', null, null, null, '1', null, null);
INSERT INTO `act_ru_variable` VALUES ('439', '1', 'boolean', 'hrPass', '425', '425', null, null, null, '1', null, null);
INSERT INTO `act_ru_variable` VALUES ('445', '1', 'string', 'applyUserId', '444', '444', null, null, null, null, '2', null);
INSERT INTO `act_ru_variable` VALUES ('452', '1', 'string', 'leaderBackReason', '444', '444', null, null, null, null, 'wwww', null);
INSERT INTO `act_ru_variable` VALUES ('454', '1', 'boolean', 'deptLeaderPass', '444', '444', null, null, null, '0', null, null);
INSERT INTO `act_ru_variable` VALUES ('459', '1', 'date', 'startTime', '444', '444', null, null, null, '1368138501000', null, null);
INSERT INTO `act_ru_variable` VALUES ('461', '1', 'string', 'reason', '444', '444', null, null, null, null, '2525', null);
INSERT INTO `act_ru_variable` VALUES ('463', '1', 'boolean', 'reApply', '444', '444', null, null, null, '1', null, null);
INSERT INTO `act_ru_variable` VALUES ('465', '1', 'date', 'endTime', '444', '444', null, null, null, '1368138496000', null, null);
INSERT INTO `act_ru_variable` VALUES ('467', '1', 'string', 'leaveType', '444', '444', null, null, null, null, 'null', null);

-- ----------------------------
-- Table structure for `cms_article`
-- ----------------------------
DROP TABLE IF EXISTS `cms_article`;
CREATE TABLE `cms_article` (
  `id` bigint(20) NOT NULL AUTO_INCREMENT COMMENT '编号',
  `category_id` bigint(20) NOT NULL COMMENT '分类编号',
  `user_id` bigint(20) NOT NULL COMMENT '发布者',
  `title` varchar(255) NOT NULL COMMENT '标题',
  `color` varchar(50) DEFAULT '' COMMENT '标题颜色（red：红色；green：绿色；blue：蓝色；yellow：黄色；orange：橙色）',
  `thumb` varchar(255) DEFAULT '' COMMENT '缩略图',
  `keywords` varchar(255) DEFAULT '' COMMENT '关键字',
  `desciption` varchar(255) DEFAULT '' COMMENT '描述、摘要',
  `status` char(1) DEFAULT '' COMMENT '状态（0：发布；1：作废；2：审核；）',
  `weight` int(11) DEFAULT '0' COMMENT '权重，越大越靠前',
  `hits` int(11) DEFAULT '0' COMMENT '点击数',
  `posid` varchar(10) DEFAULT NULL COMMENT '推荐位，多选（1：首页焦点图；2：栏目页文章推荐；）',
  `input_date` timestamp NOT NULL DEFAULT CURRENT_TIMESTAMP COMMENT '录入时间',
  `update_date` timestamp NOT NULL DEFAULT '0000-00-00 00:00:00' COMMENT '更新时间',
  PRIMARY KEY (`id`),
  KEY `user_id` (`user_id`),
  KEY `title` (`title`),
  KEY `keywords` (`keywords`),
  KEY `status` (`status`),
  KEY `weight` (`weight`),
  KEY `input_date` (`input_date`),
  KEY `update_date` (`update_date`)
) ENGINE=InnoDB AUTO_INCREMENT=54 DEFAULT CHARSET=utf8 COMMENT='内容管理文章模型表';

-- ----------------------------
-- Records of cms_article
-- ----------------------------
INSERT INTO `cms_article` VALUES ('1', '3', '1', '文章标题标题标题标题', 'green', '', '关键字1,关键字2', '', '0', '0', '0', '', '2013-05-10 09:20:55', '2012-10-07 00:00:00');
INSERT INTO `cms_article` VALUES ('2', '3', '1', '文章标题标题标题标题', 'red', '', '关键字1,关键字2', '', '0', '0', '2', '', '2013-05-10 09:20:55', '2012-10-07 00:00:00');
INSERT INTO `cms_article` VALUES ('3', '3', '1', '文章标题标题标题标题', '', '', '关键字1,关键字2', '', '0', '0', '0', '', '2013-05-10 09:20:55', '2012-10-07 00:00:00');
INSERT INTO `cms_article` VALUES ('4', '3', '1', '文章标题标题标题标题', 'green', '', '关键字1,关键字2', '', '0', '0', '0', '', '2013-05-10 09:20:55', '2012-10-07 00:00:00');
INSERT INTO `cms_article` VALUES ('5', '3', '1', '文章标题标题标题标题', '', '', '关键字1,关键字2', '', '0', '0', '1', '', '2013-05-10 09:20:55', '2012-10-07 00:00:00');
INSERT INTO `cms_article` VALUES ('6', '3', '1', '文章标题标题标题标题', '', '', '关键字1,关键字2', '', '0', '0', '0', '', '2013-05-10 09:20:55', '2012-10-07 00:00:00');
INSERT INTO `cms_article` VALUES ('7', '4', '1', '文章标题标题标题标题', '', '', '关键字1,关键字2', '', '0', '0', '0', '', '2013-05-10 09:20:55', '2012-10-07 00:00:00');
INSERT INTO `cms_article` VALUES ('8', '4', '1', '文章标题标题标题标题', 'blue', '', '关键字1,关键字2', '', '0', '0', '0', '', '2013-05-10 09:20:55', '2012-10-07 00:00:00');
INSERT INTO `cms_article` VALUES ('9', '4', '1', '文章标题标题标题标题', '', '', '关键字1,关键字2', '', '0', '0', '0', '', '2013-05-10 09:20:55', '2012-10-07 00:00:00');
INSERT INTO `cms_article` VALUES ('10', '4', '1', '文章标题标题标题标题', '', '', '关键字1,关键字2', '', '0', '0', '0', '', '2013-05-10 09:20:55', '2012-10-07 00:00:00');
INSERT INTO `cms_article` VALUES ('11', '5', '1', '文章标题标题标题标题', '', '', '关键字1,关键字2', '', '0', '0', '0', '', '2013-05-10 09:20:55', '2012-10-07 00:00:00');
INSERT INTO `cms_article` VALUES ('12', '5', '1', '文章标题标题标题标题', '', '', '关键字1,关键字2', '', '0', '0', '0', '', '2013-05-10 09:20:55', '2012-10-07 00:00:00');
INSERT INTO `cms_article` VALUES ('13', '5', '1', '文章标题标题标题标题', '', '', '关键字1,关键字2', '', '0', '0', '0', '', '2013-05-10 09:20:55', '2012-10-07 00:00:00');
INSERT INTO `cms_article` VALUES ('14', '7', '1', '文章标题标题标题标题', '', '', '关键字1,关键字2', '', '0', '0', '0', '', '2013-05-10 09:20:55', '2012-10-07 00:00:00');
INSERT INTO `cms_article` VALUES ('15', '7', '1', '文章标题标题标题标题', '', '', '关键字1,关键字2', '', '0', '0', '0', '', '2013-05-10 09:20:55', '2012-10-07 00:00:00');
INSERT INTO `cms_article` VALUES ('16', '7', '1', '文章标题标题标题标题', '', '', '关键字1,关键字2', '', '0', '0', '0', '', '2013-05-10 09:20:55', '2012-10-07 00:00:00');
INSERT INTO `cms_article` VALUES ('17', '7', '1', '文章标题标题标题标题', '', '', '关键字1,关键字2', '', '0', '0', '0', '', '2013-05-10 09:20:55', '2012-10-07 00:00:00');
INSERT INTO `cms_article` VALUES ('18', '8', '1', '文章标题标题标题标题', '', '', '关键字1,关键字2', '', '0', '0', '0', '', '2013-05-10 09:20:55', '2012-10-07 00:00:00');
INSERT INTO `cms_article` VALUES ('19', '8', '1', '文章标题标题标题标题', '', '', '关键字1,关键字2', '', '0', '0', '0', '', '2013-05-10 09:20:55', '2012-10-07 00:00:00');
INSERT INTO `cms_article` VALUES ('20', '8', '1', '文章标题标题标题标题', '', '', '关键字1,关键字2', '', '0', '0', '0', '', '2013-05-10 09:20:55', '2012-10-07 00:00:00');
INSERT INTO `cms_article` VALUES ('21', '8', '1', '文章标题标题标题标题', '', '', '关键字1,关键字2', '', '0', '0', '0', '', '2013-05-10 09:20:55', '2012-10-07 00:00:00');
INSERT INTO `cms_article` VALUES ('22', '9', '1', '文章标题标题标题标题', '', '', '关键字1,关键字2', '', '0', '0', '0', '', '2013-05-10 09:20:55', '2012-10-07 00:00:00');
INSERT INTO `cms_article` VALUES ('23', '9', '1', '文章标题标题标题标题', '', '', '关键字1,关键字2', '', '0', '0', '0', '', '2013-05-10 09:20:55', '2012-10-07 00:00:00');
INSERT INTO `cms_article` VALUES ('24', '9', '1', '文章标题标题标题标题', '', '', '关键字1,关键字2', '', '0', '0', '0', '', '2013-05-10 09:20:55', '2012-10-07 00:00:00');
INSERT INTO `cms_article` VALUES ('25', '9', '1', '文章标题标题标题标题', '', '', '关键字1,关键字2', '', '0', '0', '0', '', '2013-05-10 09:20:55', '2012-10-07 00:00:00');
INSERT INTO `cms_article` VALUES ('26', '9', '1', '文章标题标题标题标题', '', '', '关键字1,关键字2', '', '0', '0', '0', '', '2013-05-10 09:20:55', '2012-10-07 00:00:00');
INSERT INTO `cms_article` VALUES ('27', '11', '1', '文章标题标题标题标题', '', '', '关键字1,关键字2', '', '0', '0', '0', '', '2013-05-10 09:20:55', '2012-10-07 00:00:00');
INSERT INTO `cms_article` VALUES ('28', '11', '1', '文章标题标题标题标题', '', '', '关键字1,关键字2', '', '0', '0', '0', '', '2013-05-10 09:20:55', '2012-10-07 00:00:00');
INSERT INTO `cms_article` VALUES ('29', '11', '1', '文章标题标题标题标题', '', '', '关键字1,关键字2', '', '0', '0', '0', '', '2013-05-10 09:20:55', '2012-10-07 00:00:00');
INSERT INTO `cms_article` VALUES ('30', '11', '1', '文章标题标题标题标题', '', '', '关键字1,关键字2', '', '0', '0', '0', '', '2013-05-10 09:20:55', '2012-10-07 00:00:00');
INSERT INTO `cms_article` VALUES ('31', '11', '1', '文章标题标题标题标题', '', '', '关键字1,关键字2', '', '0', '0', '0', '', '2013-05-10 09:20:55', '2012-10-07 00:00:00');
INSERT INTO `cms_article` VALUES ('32', '12', '1', '文章标题标题标题标题', '', '', '关键字1,关键字2', '', '0', '0', '0', '', '2013-05-10 09:20:55', '2012-10-07 00:00:00');
INSERT INTO `cms_article` VALUES ('33', '12', '1', '文章标题标题标题标题', '', '', '关键字1,关键字2', '', '0', '0', '0', '', '2013-05-10 09:20:55', '2012-10-07 00:00:00');
INSERT INTO `cms_article` VALUES ('34', '12', '1', '文章标题标题标题标题', '', '', '关键字1,关键字2', '', '0', '0', '0', '', '2013-05-10 09:20:55', '2012-10-07 00:00:00');
INSERT INTO `cms_article` VALUES ('35', '12', '1', '文章标题标题标题标题', '', '', '关键字1,关键字2', '', '0', '0', '0', '', '2013-05-10 09:20:55', '2012-10-07 00:00:00');
INSERT INTO `cms_article` VALUES ('36', '12', '1', '文章标题标题标题标题', '', '', '关键字1,关键字2', '', '0', '0', '0', '', '2013-05-10 09:20:55', '2012-10-07 00:00:00');
INSERT INTO `cms_article` VALUES ('37', '13', '1', '文章标题标题标题标题', '', '', '关键字1,关键字2', '', '0', '0', '0', '', '2013-05-10 09:20:55', '2012-10-07 00:00:00');
INSERT INTO `cms_article` VALUES ('38', '13', '1', '文章标题标题标题标题', '', '', '关键字1,关键字2', '', '0', '0', '0', '', '2013-05-10 09:20:55', '2012-10-07 00:00:00');
INSERT INTO `cms_article` VALUES ('39', '13', '1', '文章标题标题标题标题', '', '', '关键字1,关键字2', '', '0', '0', '0', '', '2013-05-10 09:20:55', '2012-10-07 00:00:00');
INSERT INTO `cms_article` VALUES ('40', '13', '1', '文章标题标题标题标题', '', '', '关键字1,关键字2', '', '0', '0', '1', '', '2013-05-10 09:20:55', '2012-10-07 00:00:00');
INSERT INTO `cms_article` VALUES ('41', '14', '1', '文章标题标题标题标题', '', '', '关键字1,关键字2', '', '0', '0', '0', '', '2013-05-10 09:20:55', '2012-10-07 00:00:00');
INSERT INTO `cms_article` VALUES ('42', '14', '1', '文章标题标题标题标题', '', '', '关键字1,关键字2', '', '0', '0', '0', '', '2013-05-10 09:20:55', '2012-10-07 00:00:00');
INSERT INTO `cms_article` VALUES ('43', '14', '1', '文章标题标题标题标题', '', '', '关键字1,关键字2', '', '0', '0', '0', '', '2013-05-10 09:20:55', '2012-10-07 00:00:00');
INSERT INTO `cms_article` VALUES ('44', '14', '1', '文章标题标题标题标题', '', '', '关键字1,关键字2', '', '0', '0', '0', '', '2013-05-10 09:20:55', '2012-10-07 00:00:00');
INSERT INTO `cms_article` VALUES ('45', '14', '1', '文章标题标题标题标题', '', '', '关键字1,关键字2', '', '0', '0', '0', '', '2013-05-10 09:20:55', '2012-10-07 00:00:00');
INSERT INTO `cms_article` VALUES ('46', '15', '1', '文章标题标题标题标题', '', '', '关键字1,关键字2', '', '0', '0', '0', '', '2013-05-10 09:20:55', '2012-10-07 00:00:00');
INSERT INTO `cms_article` VALUES ('47', '15', '1', '文章标题标题标题标题', '', '', '关键字1,关键字2', '', '0', '0', '0', '', '2013-05-10 09:20:55', '2012-10-07 00:00:00');
INSERT INTO `cms_article` VALUES ('48', '15', '1', '文章标题标题标题标题', '', '', '关键字1,关键字2', '', '0', '0', '0', '', '2013-05-10 09:20:55', '2012-10-07 00:00:00');
INSERT INTO `cms_article` VALUES ('49', '16', '1', '文章标题标题标题标题', '', '', '关键字1,关键字2', '', '0', '0', '0', '', '2013-05-10 09:20:55', '2012-10-07 00:00:00');
INSERT INTO `cms_article` VALUES ('50', '17', '1', '文章标题标题标题标题', '', '', '关键字1,关键字2', '', '0', '0', '0', '', '2013-05-10 09:20:55', '2012-10-07 00:00:00');
INSERT INTO `cms_article` VALUES ('51', '17', '1', '文章标题标题标题标题', '', '', '关键字1,关键字2', '', '0', '0', '1', '', '2013-05-10 09:20:55', '2012-10-07 00:00:00');
INSERT INTO `cms_article` VALUES ('52', '26', '1', '文章标题标题标题标题', '', '', '关键字1,关键字2', '', '0', '0', '0', '', '2013-05-10 09:20:55', '2012-10-07 00:00:00');
INSERT INTO `cms_article` VALUES ('53', '26', '1', '文章标题标题标题标题', '', '', '关键字1,关键字2', '', '0', '0', '0', '', '2013-05-10 09:20:55', '2012-10-07 00:00:00');

-- ----------------------------
-- Table structure for `cms_article_data`
-- ----------------------------
DROP TABLE IF EXISTS `cms_article_data`;
CREATE TABLE `cms_article_data` (
  `id` bigint(20) NOT NULL AUTO_INCREMENT COMMENT '编号',
  `content` mediumtext COMMENT '内容',
  `copyfrom` varchar(255) DEFAULT NULL COMMENT '来源',
  `relation` varchar(255) DEFAULT NULL COMMENT '相关文章',
  `allow_comment` char(1) DEFAULT NULL COMMENT '是否允许评论',
  PRIMARY KEY (`id`)
) ENGINE=InnoDB AUTO_INCREMENT=54 DEFAULT CHARSET=utf8 COMMENT='内容管理文章模型表';

-- ----------------------------
-- Records of cms_article_data
-- ----------------------------
INSERT INTO `cms_article_data` VALUES ('1', '文章内容内容内容内容', '来源', '1,2,3', '1');
INSERT INTO `cms_article_data` VALUES ('2', '文章内容内容内容内容', '来源', '1,2,3', '1');
INSERT INTO `cms_article_data` VALUES ('3', '文章内容内容内容内容', '来源', '1,2,3', '1');
INSERT INTO `cms_article_data` VALUES ('4', '文章内容内容内容内容', '来源', '1,2,3', '1');
INSERT INTO `cms_article_data` VALUES ('5', '文章内容内容内容内容', '来源', '1,2,3', '1');
INSERT INTO `cms_article_data` VALUES ('6', '文章内容内容内容内容', '来源', '1,2,3', '1');
INSERT INTO `cms_article_data` VALUES ('7', '文章内容内容内容内容', '来源', '1,2,3', '1');
INSERT INTO `cms_article_data` VALUES ('8', '文章内容内容内容内容', '来源', '1,2,3', '1');
INSERT INTO `cms_article_data` VALUES ('9', '文章内容内容内容内容', '来源', '1,2,3', '1');
INSERT INTO `cms_article_data` VALUES ('10', '文章内容内容内容内容', '来源', '1,2,3', '1');
INSERT INTO `cms_article_data` VALUES ('11', '文章内容内容内容内容', '来源', '1,2,3', '1');
INSERT INTO `cms_article_data` VALUES ('12', '文章内容内容内容内容', '来源', '1,2,3', '1');
INSERT INTO `cms_article_data` VALUES ('13', '文章内容内容内容内容', '来源', '1,2,3', '1');
INSERT INTO `cms_article_data` VALUES ('14', '文章内容内容内容内容', '来源', '1,2,3', '1');
INSERT INTO `cms_article_data` VALUES ('15', '文章内容内容内容内容', '来源', '1,2,3', '1');
INSERT INTO `cms_article_data` VALUES ('16', '文章内容内容内容内容', '来源', '1,2,3', '1');
INSERT INTO `cms_article_data` VALUES ('17', '文章内容内容内容内容', '来源', '1,2,3', '1');
INSERT INTO `cms_article_data` VALUES ('18', '文章内容内容内容内容', '来源', '1,2,3', '1');
INSERT INTO `cms_article_data` VALUES ('19', '文章内容内容内容内容', '来源', '1,2,3', '1');
INSERT INTO `cms_article_data` VALUES ('20', '文章内容内容内容内容', '来源', '1,2,3', '1');
INSERT INTO `cms_article_data` VALUES ('21', '文章内容内容内容内容', '来源', '1,2,3', '1');
INSERT INTO `cms_article_data` VALUES ('22', '文章内容内容内容内容', '来源', '1,2,3', '1');
INSERT INTO `cms_article_data` VALUES ('23', '文章内容内容内容内容', '来源', '1,2,3', '1');
INSERT INTO `cms_article_data` VALUES ('24', '文章内容内容内容内容', '来源', '1,2,3', '1');
INSERT INTO `cms_article_data` VALUES ('25', '文章内容内容内容内容', '来源', '1,2,3', '1');
INSERT INTO `cms_article_data` VALUES ('26', '文章内容内容内容内容', '来源', '1,2,3', '1');
INSERT INTO `cms_article_data` VALUES ('27', '文章内容内容内容内容', '来源', '1,2,3', '1');
INSERT INTO `cms_article_data` VALUES ('28', '文章内容内容内容内容', '来源', '1,2,3', '1');
INSERT INTO `cms_article_data` VALUES ('29', '文章内容内容内容内容', '来源', '1,2,3', '1');
INSERT INTO `cms_article_data` VALUES ('30', '文章内容内容内容内容', '来源', '1,2,3', '1');
INSERT INTO `cms_article_data` VALUES ('31', '文章内容内容内容内容', '来源', '1,2,3', '1');
INSERT INTO `cms_article_data` VALUES ('32', '文章内容内容内容内容', '来源', '1,2,3', '1');
INSERT INTO `cms_article_data` VALUES ('33', '文章内容内容内容内容', '来源', '1,2,3', '1');
INSERT INTO `cms_article_data` VALUES ('34', '文章内容内容内容内容', '来源', '1,2,3', '1');
INSERT INTO `cms_article_data` VALUES ('35', '文章内容内容内容内容', '来源', '1,2,3', '1');
INSERT INTO `cms_article_data` VALUES ('36', '文章内容内容内容内容', '来源', '1,2,3', '1');
INSERT INTO `cms_article_data` VALUES ('37', '文章内容内容内容内容', '来源', '1,2,3', '1');
INSERT INTO `cms_article_data` VALUES ('38', '文章内容内容内容内容', '来源', '1,2,3', '1');
INSERT INTO `cms_article_data` VALUES ('39', '文章内容内容内容内容', '来源', '1,2,3', '1');
INSERT INTO `cms_article_data` VALUES ('40', '文章内容内容内容内容', '来源', '1,2,3', '1');
INSERT INTO `cms_article_data` VALUES ('41', '文章内容内容内容内容', '来源', '1,2,3', '1');
INSERT INTO `cms_article_data` VALUES ('42', '文章内容内容内容内容', '来源', '1,2,3', '1');
INSERT INTO `cms_article_data` VALUES ('43', '文章内容内容内容内容', '来源', '1,2,3', '1');
INSERT INTO `cms_article_data` VALUES ('44', '文章内容内容内容内容', '来源', '1,2,3', '1');
INSERT INTO `cms_article_data` VALUES ('45', '文章内容内容内容内容', '来源', '1,2,3', '1');
INSERT INTO `cms_article_data` VALUES ('46', '文章内容内容内容内容', '来源', '1,2,3', '1');
INSERT INTO `cms_article_data` VALUES ('47', '文章内容内容内容内容', '来源', '1,2,3', '1');
INSERT INTO `cms_article_data` VALUES ('48', '文章内容内容内容内容', '来源', '1,2,3', '1');
INSERT INTO `cms_article_data` VALUES ('49', '文章内容内容内容内容', '来源', '1,2,3', '1');
INSERT INTO `cms_article_data` VALUES ('50', '文章内容内容内容内容', '来源', '1,2,3', '1');
INSERT INTO `cms_article_data` VALUES ('51', '文章内容内容内容内容', '来源', '1,2,3', '1');
INSERT INTO `cms_article_data` VALUES ('52', '文章内容内容内容内容', '来源', '1,2,3', '1');
INSERT INTO `cms_article_data` VALUES ('53', '文章内容内容内容内容', '来源', '1,2,3', '1');

-- ----------------------------
-- Table structure for `cms_category`
-- ----------------------------
DROP TABLE IF EXISTS `cms_category`;
CREATE TABLE `cms_category` (
  `id` bigint(20) NOT NULL AUTO_INCREMENT COMMENT '编号',
  `site_id` bigint(20) DEFAULT '1' COMMENT '站点编号',
  `parent_id` bigint(20) NOT NULL COMMENT '父级编号',
  `parent_ids` varchar(255) NOT NULL COMMENT '所有父级编号',
  `module` varchar(20) NOT NULL COMMENT '栏目模块（article：文章；picture：图片；download：下载；link：链接；special：专题）',
  `name` varchar(100) NOT NULL COMMENT '栏目名称',
  `image` varchar(255) DEFAULT '' COMMENT '栏目图片',
  `href` varchar(255) NOT NULL COMMENT '链接',
  `target` varchar(20) NOT NULL COMMENT '目标（ _blank、_self、_parent、_top）',
  `desciption` varchar(255) DEFAULT '' COMMENT '描述，填写有助于搜索引擎优化',
  `keywords` varchar(255) DEFAULT '' COMMENT '关键字，填写有助于搜索引擎优化',
  `sort` int(11) DEFAULT '30' COMMENT '排序（升序）',
  `in_menu` char(1) DEFAULT '1' COMMENT '是否在导航中显示（1：显示；0：不显示）',
  `in_list` char(1) DEFAULT '1' COMMENT '是否在分类页中显示列表（1：显示；0：不显示）',
  `show_modes` char(1) DEFAULT '0' COMMENT '展现方式（0:有子栏目显示栏目列表，无子栏目显示内容列表;1：首栏目内容列表；2：栏目第一条内容）',
  `allow_comment` char(1) DEFAULT NULL COMMENT '是否允许评论',
  `user_id` bigint(20) NOT NULL COMMENT '创建者',
  `del_flag` char(1) DEFAULT '0' COMMENT '删除标记（0：正常；1：删除）',
  PRIMARY KEY (`id`),
  KEY `parent_id` (`parent_id`),
  KEY `parent_ids` (`parent_ids`),
  KEY `module` (`module`),
  KEY `name` (`name`),
  KEY `sort` (`sort`),
  KEY `user_id` (`user_id`),
  KEY `del_flag` (`del_flag`)
) ENGINE=InnoDB AUTO_INCREMENT=28 DEFAULT CHARSET=utf8 COMMENT='内容管理栏目表';

-- ----------------------------
-- Records of cms_category
-- ----------------------------
INSERT INTO `cms_category` VALUES ('1', '0', '0', '0,', '', '顶级栏目', '', '', '', '', '', '0', '1', '1', '0', '0', '1', '0');
INSERT INTO `cms_category` VALUES ('2', '1', '1', '0,1,', 'article', '组织机构', '', '', '', '', '', '10', '1', '1', '0', '0', '1', '0');
INSERT INTO `cms_category` VALUES ('3', '1', '2', '0,1,2,', 'article', '网站简介', '', '', '', '', '', '30', '1', '1', '0', '0', '1', '0');
INSERT INTO `cms_category` VALUES ('4', '1', '2', '0,1,2,', 'article', '内部机构', '', '', '', '', '', '40', '1', '1', '0', '0', '1', '0');
INSERT INTO `cms_category` VALUES ('5', '1', '2', '0,1,2,', 'article', '地方机构', '', '', '', '', '', '50', '1', '1', '0', '0', '1', '0');
INSERT INTO `cms_category` VALUES ('6', '1', '1', '0,1,', 'article', '质量检验', '', '', '', '', '', '20', '1', '1', '1', '1', '1', '0');
INSERT INTO `cms_category` VALUES ('7', '1', '6', '0,1,6,', 'article', '产品质量', '', '', '', '', '', '30', '1', '1', '0', '1', '1', '0');
INSERT INTO `cms_category` VALUES ('8', '1', '6', '0,1,6,', 'article', '技术质量', '', '', '', '', '', '40', '1', '1', '0', '1', '1', '0');
INSERT INTO `cms_category` VALUES ('9', '1', '6', '0,1,6,', 'article', '工程质量', '', '', '', '', '', '50', '1', '1', '0', '1', '1', '0');
INSERT INTO `cms_category` VALUES ('10', '1', '1', '0,1,', 'article', '软件介绍', '', '', '', '', '', '20', '1', '1', '0', '1', '1', '0');
INSERT INTO `cms_category` VALUES ('11', '1', '10', '0,1,10,', 'article', '网络工具', '', '', '', '', '', '30', '1', '1', '0', '1', '1', '0');
INSERT INTO `cms_category` VALUES ('12', '1', '10', '0,1,10,', 'article', '浏览工具', '', '', '', '', '', '40', '1', '1', '0', '1', '1', '0');
INSERT INTO `cms_category` VALUES ('13', '1', '10', '0,1,10,', 'article', '浏览辅助', '', '', '', '', '', '50', '1', '1', '0', '1', '1', '0');
INSERT INTO `cms_category` VALUES ('14', '1', '10', '0,1,10,', 'article', '网络优化', '', '', '', '', '', '50', '1', '1', '0', '1', '1', '0');
INSERT INTO `cms_category` VALUES ('15', '1', '10', '0,1,10,', 'article', '邮件处理', '', '', '', '', '', '50', '1', '1', '0', '1', '1', '0');
INSERT INTO `cms_category` VALUES ('16', '1', '10', '0,1,10,', 'article', '下载工具', '', '', '', '', '', '50', '1', '1', '0', '1', '1', '0');
INSERT INTO `cms_category` VALUES ('17', '1', '10', '0,1,10,', 'article', '搜索工具', '', '', '', '', '', '50', '1', '1', '2', '1', '1', '0');
INSERT INTO `cms_category` VALUES ('18', '1', '1', '0,1,', 'link', '友情链接', '', '', '', '', '', '90', '1', '1', '0', '1', '1', '0');
INSERT INTO `cms_category` VALUES ('19', '1', '18', '0,1,18,', 'link', '常用网站', '', '', '', '', '', '50', '1', '1', '0', '1', '1', '0');
INSERT INTO `cms_category` VALUES ('20', '1', '18', '0,1,18,', 'link', '门户网站', '', '', '', '', '', '50', '1', '1', '0', '1', '1', '0');
INSERT INTO `cms_category` VALUES ('21', '1', '18', '0,1,18,', 'link', '购物网站', '', '', '', '', '', '50', '1', '1', '0', '1', '1', '0');
INSERT INTO `cms_category` VALUES ('22', '1', '18', '0,1,18,', 'link', '交友社区', '', '', '', '', '', '50', '1', '1', '0', '1', '1', '0');
INSERT INTO `cms_category` VALUES ('23', '1', '18', '0,1,18,', 'link', '音乐视频', '', '', '', '', '', '50', '1', '1', '0', '1', '1', '0');
INSERT INTO `cms_category` VALUES ('24', '1', '1', '0,1,', '', '百度一下', '', 'http://www.baidu.com', '_blank', '', '', '90', '1', '1', '0', '1', '1', '0');
INSERT INTO `cms_category` VALUES ('25', '1', '1', '0,1,', '', '全文检索', '', '/search', '', '', '', '90', '0', '1', '0', '1', '1', '0');
INSERT INTO `cms_category` VALUES ('26', '2', '1', '0,1,', 'article', '测试栏目', '', '', '', '', '', '90', '1', '1', '0', '1', '1', '0');
INSERT INTO `cms_category` VALUES ('27', '1', '1', '0,1,', '', '公共留言', '', '/guestbook', '', '', '', '90', '1', '1', '0', '1', '1', '0');

-- ----------------------------
-- Table structure for `cms_comment`
-- ----------------------------
DROP TABLE IF EXISTS `cms_comment`;
CREATE TABLE `cms_comment` (
  `id` bigint(20) NOT NULL AUTO_INCREMENT COMMENT '编号',
  `module` varchar(20) NOT NULL COMMENT '内容模型（article：文章；picture：图片；download：下载）',
  `content_id` bigint(20) NOT NULL COMMENT '归属分类内容的编号（Article.id、Photo.id、Download.id）',
  `title` varchar(255) DEFAULT NULL COMMENT '归属分类内容的标题（Article.title、Photo.title、Download.title）',
  `content` varchar(255) DEFAULT NULL COMMENT '评论内容',
  `name` varchar(100) DEFAULT NULL COMMENT '评论姓名',
  `ip` varchar(100) DEFAULT NULL COMMENT '评论IP',
  `create_date` timestamp NOT NULL DEFAULT CURRENT_TIMESTAMP COMMENT '评论时间',
  `audit_user_id` bigint(20) DEFAULT NULL COMMENT '审核人',
  `audit_date` timestamp NULL DEFAULT NULL COMMENT '审核时间',
  `status` char(1) DEFAULT '0' COMMENT '删除标记（0：发布；1：作废；2：审核；）',
  PRIMARY KEY (`id`),
  KEY `module` (`module`),
  KEY `content_id` (`content_id`),
  KEY `status` (`status`)
) ENGINE=InnoDB DEFAULT CHARSET=utf8 COMMENT='内容管理内容评论表';

-- ----------------------------
-- Records of cms_comment
-- ----------------------------

-- ----------------------------
-- Table structure for `cms_guestbook`
-- ----------------------------
DROP TABLE IF EXISTS `cms_guestbook`;
CREATE TABLE `cms_guestbook` (
  `id` bigint(20) NOT NULL AUTO_INCREMENT COMMENT '编号',
  `type` varchar(100) NOT NULL COMMENT '留言分类（咨询、建议、投诉、其它）',
  `content` varchar(255) NOT NULL COMMENT '留言内容',
  `name` varchar(100) NOT NULL COMMENT '姓名',
  `email` varchar(100) NOT NULL COMMENT '邮箱',
  `phone` varchar(100) NOT NULL COMMENT '电话',
  `workunit` varchar(100) NOT NULL COMMENT '单位',
  `ip` varchar(100) NOT NULL COMMENT 'IP',
  `create_date` timestamp NOT NULL DEFAULT CURRENT_TIMESTAMP COMMENT '留言时间',
  `re_user_id` bigint(20) DEFAULT NULL COMMENT '回复人',
  `re_date` timestamp NULL DEFAULT NULL COMMENT '回复时间',
  `re_content` varchar(100) DEFAULT NULL COMMENT '回复内容',
  `status` char(1) DEFAULT '0' COMMENT '状态（0：发布；1：作废；2：审核；）',
  PRIMARY KEY (`id`),
  KEY `status` (`status`)
) ENGINE=InnoDB DEFAULT CHARSET=utf8 COMMENT='内容管理留言本表';

-- ----------------------------
-- Records of cms_guestbook
-- ----------------------------

-- ----------------------------
-- Table structure for `cms_link`
-- ----------------------------
DROP TABLE IF EXISTS `cms_link`;
CREATE TABLE `cms_link` (
  `id` bigint(20) NOT NULL AUTO_INCREMENT COMMENT '编号',
  `category_id` bigint(20) NOT NULL COMMENT '分类编号',
  `user_id` bigint(20) NOT NULL COMMENT '发布者',
  `title` varchar(255) NOT NULL COMMENT '链接名称',
  `color` varchar(50) DEFAULT '' COMMENT '标题颜色（red：红色；green：绿色；blue：蓝色；yellow：黄色；orange：橙色）',
  `image` varchar(255) DEFAULT '' COMMENT '如果上传了图片，则显示为图片链接',
  `href` varchar(255) DEFAULT '' COMMENT '链接地址',
  `remarks` varchar(255) DEFAULT '' COMMENT '备注',
  `status` char(1) DEFAULT '' COMMENT '状态（0：发布；1：作废；2：审核；）',
  `weight` int(11) DEFAULT '0' COMMENT '权重，越大越靠前',
  `input_date` timestamp NOT NULL DEFAULT CURRENT_TIMESTAMP COMMENT '录入时间',
  `update_date` timestamp NOT NULL DEFAULT '0000-00-00 00:00:00' COMMENT '更新时间',
  PRIMARY KEY (`id`),
  KEY `user_id` (`user_id`),
  KEY `title` (`title`),
  KEY `status` (`status`),
  KEY `weight` (`weight`),
  KEY `input_date` (`input_date`),
  KEY `update_date` (`update_date`)
) ENGINE=InnoDB AUTO_INCREMENT=13 DEFAULT CHARSET=utf8 COMMENT='内容管理链接模型表';

-- ----------------------------
-- Records of cms_link
-- ----------------------------
INSERT INTO `cms_link` VALUES ('1', '19', '1', 'JeeSite', '', '', 'http://thinkgem.github.com/jeesite', '', '0', '0', '2013-05-10 09:20:55', '2012-10-07 00:00:00');
INSERT INTO `cms_link` VALUES ('2', '19', '1', 'ThinkGem', '', '', 'http://thinkgem.iteye.com/', '', '0', '0', '2013-05-10 09:20:55', '2012-10-07 00:00:00');
INSERT INTO `cms_link` VALUES ('3', '19', '1', '百度一下', '', '', 'http://www.baidu.com', '', '0', '0', '2013-05-10 09:20:55', '2012-10-07 00:00:00');
INSERT INTO `cms_link` VALUES ('4', '19', '1', '谷歌搜索', '', '', 'http://www.google.com', '', '0', '0', '2013-05-10 09:20:55', '2012-10-07 00:00:00');
INSERT INTO `cms_link` VALUES ('5', '20', '1', '新浪网', '', '', 'http://www.sina.com.cn', '', '0', '0', '2013-05-10 09:20:55', '2012-10-07 00:00:00');
INSERT INTO `cms_link` VALUES ('6', '20', '1', '腾讯网', '', '', 'http://www.qq.com/', '', '0', '0', '2013-05-10 09:20:55', '2012-10-07 00:00:00');
INSERT INTO `cms_link` VALUES ('7', '21', '1', '淘宝网', '', '', 'http://www.taobao.com/', '', '0', '0', '2013-05-10 09:20:55', '2012-10-07 00:00:00');
INSERT INTO `cms_link` VALUES ('8', '21', '1', '新华网', '', '', 'http://www.xinhuanet.com/', '', '0', '0', '2013-05-10 09:20:55', '2012-10-07 00:00:00');
INSERT INTO `cms_link` VALUES ('9', '22', '1', '赶集网', '', '', 'http://www.ganji.com/', '', '0', '0', '2013-05-10 09:20:55', '2012-10-07 00:00:00');
INSERT INTO `cms_link` VALUES ('10', '22', '1', '58同城', '', '', 'http://www.58.com/', '', '0', '0', '2013-05-10 09:20:55', '2012-10-07 00:00:00');
INSERT INTO `cms_link` VALUES ('11', '23', '1', '视频大全', '', '', 'http://v.360.cn/', '', '0', '0', '2013-05-10 09:20:55', '2012-10-07 00:00:00');
INSERT INTO `cms_link` VALUES ('12', '23', '1', '凤凰网', '', '', 'http://www.ifeng.com/', '', '0', '0', '2013-05-10 09:20:55', '2012-10-07 00:00:00');

-- ----------------------------
-- Table structure for `cms_site`
-- ----------------------------
DROP TABLE IF EXISTS `cms_site`;
CREATE TABLE `cms_site` (
  `id` bigint(20) NOT NULL AUTO_INCREMENT COMMENT '编号',
  `name` varchar(100) NOT NULL COMMENT '站点名称',
  `title` varchar(100) NOT NULL COMMENT '站点标题',
  `desciption` varchar(255) DEFAULT '' COMMENT '描述，填写有助于搜索引擎优化',
  `keywords` varchar(255) DEFAULT '' COMMENT '关键字，填写有助于搜索引擎优化',
  `theme` varchar(255) DEFAULT 'default' COMMENT '主题',
  `copyright` mediumtext COMMENT '版权信息',
  `del_flag` char(1) DEFAULT '0' COMMENT '删除标记（0：正常；1：删除）',
  PRIMARY KEY (`id`),
  KEY `del_flag` (`del_flag`)
) ENGINE=InnoDB AUTO_INCREMENT=3 DEFAULT CHARSET=utf8 COMMENT='内容管理站点配置表';

-- ----------------------------
-- Records of cms_site
-- ----------------------------
INSERT INTO `cms_site` VALUES ('1', '默认站点', 'JeeSite Web', 'JeeSite', 'JeeSite', 'basic', 'Copyright &copy; 2012-2013 <a href=\'http://thinkgem.iteye.com\' target=\'_blank\'>ThinkGem</a> - Powered By <a href=\'https://github.com/thinkgem/jeesite\' target=\'_blank\'>JeeSite</a> V1.0', '0');
INSERT INTO `cms_site` VALUES ('2', '子站点测试', 'JeeSite Subsite', 'JeeSite subsite', 'JeeSite subsite', 'basic', 'Copyright &copy; 2012-2013 <a href=\'http://thinkgem.iteye.com\' target=\'_blank\'>ThinkGem</a> - Powered By <a href=\'https://github.com/thinkgem/jeesite\' target=\'_blank\'>JeeSite</a> V1.0', '0');

-- ----------------------------
-- Table structure for `oa_leave`
-- ----------------------------
DROP TABLE IF EXISTS `oa_leave`;
CREATE TABLE `oa_leave` (
  `id` bigint(20) NOT NULL AUTO_INCREMENT,
  `process_instance_id` varchar(64) CHARACTER SET utf8 COLLATE utf8_bin DEFAULT NULL,
  `user_id` bigint(20) NOT NULL,
  `start_time` timestamp NOT NULL DEFAULT CURRENT_TIMESTAMP ON UPDATE CURRENT_TIMESTAMP,
  `end_time` timestamp NOT NULL DEFAULT '0000-00-00 00:00:00',
  `leave_type` varchar(20) CHARACTER SET utf8 COLLATE utf8_bin DEFAULT NULL,
  `reason` varchar(2000) CHARACTER SET utf8 COLLATE utf8_bin DEFAULT NULL,
  `apply_time` timestamp NOT NULL DEFAULT '0000-00-00 00:00:00',
  `reality_start_time` timestamp NOT NULL DEFAULT '0000-00-00 00:00:00',
  `reality_end_time` timestamp NOT NULL DEFAULT '0000-00-00 00:00:00',
  `create_date` timestamp NOT NULL DEFAULT '0000-00-00 00:00:00' ON UPDATE CURRENT_TIMESTAMP,
  PRIMARY KEY (`id`)
) ENGINE=InnoDB AUTO_INCREMENT=5 DEFAULT CHARSET=utf8;

-- ----------------------------
-- Records of oa_leave
-- ----------------------------
INSERT INTO `oa_leave` VALUES ('1', '201', '2', '2013-05-10 11:39:52', '2013-05-10 11:39:52', '公休', '爱爱爱', '2013-05-10 11:39:52', '2013-05-10 12:18:00', '2013-05-25 12:18:00', '2013-05-10 11:39:52');
INSERT INTO `oa_leave` VALUES ('2', '401', '2', '2013-05-10 14:07:19', '2013-05-10 14:07:13', '公休', '大秦网', '2013-05-10 14:07:13', '2013-05-10 14:06:00', '2013-05-10 14:06:00', '2013-05-10 14:07:19');
INSERT INTO `oa_leave` VALUES ('3', '425', '2', '2013-05-10 14:23:10', '2013-05-10 14:22:56', '婚假', '婚假', '2013-05-10 14:22:56', '2013-05-10 14:22:56', '2013-05-10 14:22:56', '2013-05-10 14:23:10');
INSERT INTO `oa_leave` VALUES ('4', '444', '2', '2013-05-10 06:28:21', '2013-05-10 06:28:16', 'null', '2525', '2013-05-10 14:28:16', '2013-05-10 14:28:16', '2013-05-10 14:28:16', '2013-05-10 14:28:21');

-- ----------------------------
-- Table structure for `sys_area`
-- ----------------------------
DROP TABLE IF EXISTS `sys_area`;
CREATE TABLE `sys_area` (
  `id` bigint(20) NOT NULL AUTO_INCREMENT COMMENT '编号',
  `parent_id` bigint(20) NOT NULL COMMENT '父级编号',
  `parent_ids` varchar(255) NOT NULL COMMENT '所有父级编号',
  `code` varchar(100) DEFAULT NULL COMMENT '区域编码',
  `name` varchar(100) DEFAULT NULL COMMENT '区域名称',
  `remarks` varchar(255) DEFAULT NULL COMMENT '备注',
  `del_flag` char(1) DEFAULT '0' COMMENT '删除标记（0：正常；1：删除）',
  PRIMARY KEY (`id`),
  KEY `parent_id` (`parent_id`),
  KEY `parent_ids` (`parent_ids`),
  KEY `del_flag` (`del_flag`)
) ENGINE=InnoDB AUTO_INCREMENT=6 DEFAULT CHARSET=utf8 COMMENT='系统区域表';

-- ----------------------------
-- Records of sys_area
-- ----------------------------
INSERT INTO `sys_area` VALUES ('1', '0', '0,', '', '顶级区域', '', '0');
INSERT INTO `sys_area` VALUES ('2', '1', '0,1,', '370000', '山东省分公司', '', '0');
INSERT INTO `sys_area` VALUES ('3', '1', '0,1,', '110000', '北京市总公司', '', '0');
INSERT INTO `sys_area` VALUES ('4', '2', '0,1,2,', '370531', '济南分公司', '', '0');
INSERT INTO `sys_area` VALUES ('5', '2', '0,1,2,', '370532', '青岛分公司', '', '0');

-- ----------------------------
-- Table structure for `sys_dict`
-- ----------------------------
DROP TABLE IF EXISTS `sys_dict`;
CREATE TABLE `sys_dict` (
  `id` bigint(20) NOT NULL AUTO_INCREMENT COMMENT '编号',
  `label` varchar(100) NOT NULL COMMENT '标签',
  `value` varchar(100) NOT NULL COMMENT '键值',
  `type` varchar(100) NOT NULL COMMENT '类型',
  `desciption` varchar(100) NOT NULL COMMENT '描述',
  `sort` int(11) NOT NULL COMMENT '排序（升序）',
  `del_flag` char(1) DEFAULT '0' COMMENT '删除标记（0：正常；1：删除）',
  PRIMARY KEY (`id`),
  KEY `value` (`value`),
  KEY `label` (`label`),
  KEY `del_flag` (`del_flag`)
) ENGINE=InnoDB AUTO_INCREMENT=45 DEFAULT CHARSET=utf8 COMMENT='系统字典表';

-- ----------------------------
-- Records of sys_dict
-- ----------------------------
INSERT INTO `sys_dict` VALUES ('1', '正常', '0', 'del_flag', '删除标记', '10', '0');
INSERT INTO `sys_dict` VALUES ('2', '删除', '1', 'del_flag', '删除标记', '20', '0');
INSERT INTO `sys_dict` VALUES ('3', '显示', '1', 'show_hide', '显示/隐藏', '10', '0');
INSERT INTO `sys_dict` VALUES ('4', '隐藏', '0', 'show_hide', '显示/隐藏', '20', '0');
INSERT INTO `sys_dict` VALUES ('5', '是', '1', 'yes_no', '是/否', '10', '0');
INSERT INTO `sys_dict` VALUES ('6', '否', '0', 'yes_no', '是/否', '20', '0');
INSERT INTO `sys_dict` VALUES ('7', '红色', 'red', 'color', '颜色值', '10', '0');
INSERT INTO `sys_dict` VALUES ('8', '绿色', 'green', 'color', '颜色值', '20', '0');
INSERT INTO `sys_dict` VALUES ('9', '蓝色', 'blue', 'color', '颜色值', '30', '0');
INSERT INTO `sys_dict` VALUES ('10', '黄色', 'yellow', 'color', '颜色值', '40', '0');
INSERT INTO `sys_dict` VALUES ('11', '橙色', 'orange', 'color', '颜色值', '50', '0');
INSERT INTO `sys_dict` VALUES ('12', '系统管理', '1', 'sys_user_type', '用户类型', '10', '0');
INSERT INTO `sys_dict` VALUES ('13', '部门经理', '2', 'sys_user_type', '用户类型', '20', '0');
INSERT INTO `sys_dict` VALUES ('14', '普通用户', '3', 'sys_user_type', '用户类型', '30', '0');
INSERT INTO `sys_dict` VALUES ('15', '基础主题', 'basic', 'cms_theme', '站点主题', '10', '0');
INSERT INTO `sys_dict` VALUES ('16', '蓝色主题', 'blue', 'cms_theme', '站点主题', '20', '1');
INSERT INTO `sys_dict` VALUES ('17', '红色主题', 'red', 'cms_theme', '站点主题', '30', '1');
INSERT INTO `sys_dict` VALUES ('18', '文章模型', 'article', 'cms_module', '栏目模型', '10', '0');
INSERT INTO `sys_dict` VALUES ('19', '图片模型', 'picture', 'cms_module', '栏目模型', '20', '1');
INSERT INTO `sys_dict` VALUES ('20', '下载模型', 'download', 'cms_module', '栏目模型', '30', '1');
INSERT INTO `sys_dict` VALUES ('21', '链接模型', 'link', 'cms_module', '栏目模型', '40', '0');
INSERT INTO `sys_dict` VALUES ('22', '专题模型', 'special', 'cms_module', '栏目模型', '50', '1');
INSERT INTO `sys_dict` VALUES ('23', '默认展现方式', '0', 'cms_show_modes', '展现方式', '20', '0');
INSERT INTO `sys_dict` VALUES ('24', '首栏目内容列表', '1', 'cms_show_modes', '展现方式', '20', '0');
INSERT INTO `sys_dict` VALUES ('25', '栏目第一条内容', '2', 'cms_show_modes', '展现方式', '30', '0');
INSERT INTO `sys_dict` VALUES ('26', '发布', '0', 'cms_status', '内容状态', '10', '0');
INSERT INTO `sys_dict` VALUES ('27', '删除', '1', 'cms_status', '内容状态', '20', '0');
INSERT INTO `sys_dict` VALUES ('28', '审核', '2', 'cms_status', '内容状态', '15', '0');
INSERT INTO `sys_dict` VALUES ('29', '首页焦点图', '1', 'cms_posid', '推荐位', '30', '0');
INSERT INTO `sys_dict` VALUES ('30', '栏目页文章推荐', '2', 'cms_posid', '推荐位', '30', '0');
INSERT INTO `sys_dict` VALUES ('31', '咨询', '1', 'cms_guestbook', '留言板分类', '30', '0');
INSERT INTO `sys_dict` VALUES ('32', '建议', '2', 'cms_guestbook', '留言板分类', '30', '0');
INSERT INTO `sys_dict` VALUES ('33', '投诉', '3', 'cms_guestbook', '留言板分类', '30', '0');
INSERT INTO `sys_dict` VALUES ('34', '其它', '4', 'cms_guestbook', '留言板分类', '30', '0');
INSERT INTO `sys_dict` VALUES ('35', '默认主题', 'default', 'theme', '主题方案', '10', '0');
INSERT INTO `sys_dict` VALUES ('36', '天蓝主题', 'cerulean', 'theme', '主题方案', '20', '0');
INSERT INTO `sys_dict` VALUES ('37', '橙色主题', 'readable', 'theme', '主题方案', '30', '0');
INSERT INTO `sys_dict` VALUES ('38', '红色主题', 'united', 'theme', '主题方案', '40', '0');
INSERT INTO `sys_dict` VALUES ('39', 'Win8主题', 'cosmo', 'theme', '主题方案', '50', '0');
INSERT INTO `sys_dict` VALUES ('40', '公休', '公休', 'oa_leave_type', '请假类型', '30', '0');
INSERT INTO `sys_dict` VALUES ('41', '事假', '事假', 'oa_leave_type', '请假类型', '40', '0');
INSERT INTO `sys_dict` VALUES ('42', '婚假', '婚假', 'oa_leave_type', '请假类型', '50', '0');
INSERT INTO `sys_dict` VALUES ('43', '病假', '病假', 'oa_leave_type', '请假类型', '70', '0');
INSERT INTO `sys_dict` VALUES ('44', '调休', '调休', 'oa_leave_type', '请假类型', '80', '0');

-- ----------------------------
-- Table structure for `sys_menu`
-- ----------------------------
DROP TABLE IF EXISTS `sys_menu`;
CREATE TABLE `sys_menu` (
  `id` bigint(20) NOT NULL AUTO_INCREMENT COMMENT '编号',
  `parent_id` bigint(20) NOT NULL COMMENT '父级编号',
  `parent_ids` varchar(255) NOT NULL COMMENT '所有父级编号',
  `name` varchar(100) NOT NULL COMMENT '菜单名称',
  `href` varchar(255) NOT NULL COMMENT '链接',
  `target` varchar(20) NOT NULL COMMENT '目标（mainFrame、 _blank、_self、_parent、_top）',
  `icon` varchar(100) NOT NULL COMMENT '图标',
  `sort` int(11) NOT NULL COMMENT '排序（升序）',
  `is_show` char(1) NOT NULL COMMENT '是否在菜单中显示（1：显示；0：不显示）',
  `permission` varchar(200) NOT NULL COMMENT '权限标识',
  `user_id` bigint(20) NOT NULL COMMENT '创建者',
  `del_flag` char(1) DEFAULT '0' COMMENT '删除标记（0：正常；1：删除）',
  PRIMARY KEY (`id`),
  KEY `parent_id` (`parent_id`),
  KEY `parent_ids` (`parent_ids`),
  KEY `user_id` (`user_id`),
  KEY `del_flag` (`del_flag`)
) ENGINE=InnoDB AUTO_INCREMENT=68 DEFAULT CHARSET=utf8 COMMENT='系统菜单表';

-- ----------------------------
-- Records of sys_menu
-- ----------------------------
INSERT INTO `sys_menu` VALUES ('1', '0', '0,', '顶级菜单', '', '', '', '0', '1', '', '1', '0');
INSERT INTO `sys_menu` VALUES ('2', '1', '0,1,', '系统设置', '', '', '', '900', '1', '', '1', '0');
INSERT INTO `sys_menu` VALUES ('3', '2', '0,1,2,', '系统设置', '', '', '', '980', '1', '', '1', '0');
INSERT INTO `sys_menu` VALUES ('4', '3', '0,1,2,3,', '菜单管理', '/sys/menu/', '', 'list-alt', '30', '1', '', '1', '0');
INSERT INTO `sys_menu` VALUES ('5', '4', '0,1,2,3,4,', '查看', '', '', '', '30', '0', 'sys:menu:view', '1', '0');
INSERT INTO `sys_menu` VALUES ('6', '4', '0,1,2,3,4,', '修改', '', '', '', '30', '0', 'sys:menu:edit', '1', '0');
INSERT INTO `sys_menu` VALUES ('7', '3', '0,1,2,3,', '角色管理', '/sys/role/', '', 'lock', '50', '1', '', '1', '0');
INSERT INTO `sys_menu` VALUES ('8', '7', '0,1,2,3,7,', '查看', '', '', '', '30', '0', 'sys:role:view', '1', '0');
INSERT INTO `sys_menu` VALUES ('9', '7', '0,1,2,3,7,', '修改', '', '', '', '30', '0', 'sys:role:edit', '1', '0');
INSERT INTO `sys_menu` VALUES ('10', '3', '0,1,2,3,', '字典管理', '/sys/dict/', '', 'th-list', '60', '1', '', '1', '0');
INSERT INTO `sys_menu` VALUES ('11', '10', '0,1,2,3,10,', '查看', '', '', '', '30', '0', 'sys:dict:view', '1', '0');
INSERT INTO `sys_menu` VALUES ('12', '10', '0,1,2,3,10,', '修改', '', '', '', '30', '0', 'sys:dict:edit', '1', '0');
INSERT INTO `sys_menu` VALUES ('13', '2', '0,1,2,', '机构用户', '', '', '', '970', '1', '', '1', '0');
INSERT INTO `sys_menu` VALUES ('14', '13', '0,1,2,13,', '区域管理', '/sys/area/', '', 'th', '50', '1', '', '1', '0');
INSERT INTO `sys_menu` VALUES ('15', '14', '0,1,2,13,14,', '查看', '', '', '', '30', '0', 'sys:area:view', '1', '0');
INSERT INTO `sys_menu` VALUES ('16', '14', '0,1,2,13,14,', '修改', '', '', '', '30', '0', 'sys:area:edit', '1', '0');
INSERT INTO `sys_menu` VALUES ('17', '13', '0,1,2,13,', '部门管理', '/sys/office/', '', 'th-large', '40', '1', '', '1', '0');
INSERT INTO `sys_menu` VALUES ('18', '17', '0,1,2,13,17,', '查看', '', '', '', '30', '0', 'sys:office:view', '1', '0');
INSERT INTO `sys_menu` VALUES ('19', '17', '0,1,2,13,17,', '修改', '', '', '', '30', '0', 'sys:office:edit', '1', '0');
INSERT INTO `sys_menu` VALUES ('20', '13', '0,1,2,13,', '用户管理', '/sys/user/', '', 'user', '30', '1', '', '1', '0');
INSERT INTO `sys_menu` VALUES ('21', '20', '0,1,2,13,20,', '查看', '', '', '', '30', '0', 'sys:user:view', '1', '0');
INSERT INTO `sys_menu` VALUES ('22', '20', '0,1,2,13,20,', '修改', '', '', '', '30', '0', 'sys:user:edit', '1', '0');
INSERT INTO `sys_menu` VALUES ('23', '2', '0,1,2,', '关于帮助', '', '', '', '990', '1', '', '1', '0');
INSERT INTO `sys_menu` VALUES ('24', '23', '0,1,2,23', '项目首页', 'http://jeesite.com', '_blank', '', '30', '1', '', '1', '0');
INSERT INTO `sys_menu` VALUES ('25', '23', '0,1,2,23', '项目维基', 'https://github.com/thinkgem/jeesite/wiki', '_blank', '', '50', '1', '', '1', '0');
INSERT INTO `sys_menu` VALUES ('26', '23', '0,1,2,23', '问题反馈', 'https://github.com/thinkgem/jeesite/issues/new', '_blank', '', '80', '1', '', '1', '0');
INSERT INTO `sys_menu` VALUES ('27', '1', '0,1,', '我的面板', '', '', '', '100', '1', '', '1', '0');
INSERT INTO `sys_menu` VALUES ('28', '27', '0,1,27,', '个人信息', '', '', '', '990', '1', '', '1', '0');
INSERT INTO `sys_menu` VALUES ('29', '28', '0,1,27,28,', '个人信息', '/sys/user/info', '', 'home', '30', '1', '', '1', '0');
INSERT INTO `sys_menu` VALUES ('30', '28', '0,1,27,28,', '修改密码', '/sys/user/modifyPwd', '', 'lock', '40', '1', '', '1', '0');
INSERT INTO `sys_menu` VALUES ('31', '1', '0,1,', '内容管理', '', '', '', '500', '1', '', '1', '0');
INSERT INTO `sys_menu` VALUES ('32', '31', '0,1,31,', '栏目设置', '', '', '', '990', '1', '', '1', '0');
INSERT INTO `sys_menu` VALUES ('33', '32', '0,1,31,32', '栏目管理', '/cms/category/', '', 'align-justify', '30', '1', '', '1', '0');
INSERT INTO `sys_menu` VALUES ('34', '33', '0,1,31,32,33,', '查看', '', '', '', '30', '0', 'cms:category:view', '1', '0');
INSERT INTO `sys_menu` VALUES ('35', '33', '0,1,31,32,33,', '修改', '', '', '', '30', '0', 'cms:category:edit', '1', '0');
INSERT INTO `sys_menu` VALUES ('36', '32', '0,1,31,32', '站点设置', '/cms/site/', '', 'certificate', '40', '1', '', '1', '0');
INSERT INTO `sys_menu` VALUES ('37', '36', '0,1,31,32,36,', '查看', '', '', '', '30', '0', 'cms:site:view', '1', '0');
INSERT INTO `sys_menu` VALUES ('38', '36', '0,1,31,32,36,', '修改', '', '', '', '30', '0', 'cms:site:edit', '1', '0');
INSERT INTO `sys_menu` VALUES ('39', '32', '0,1,31,32', '切换站点', '/cms/site/select', '', 'retweet', '50', '1', 'cms:site:select', '1', '0');
INSERT INTO `sys_menu` VALUES ('40', '31', '0,1,31,', '内容管理', '', '', '', '500', '1', 'cms:view', '1', '0');
INSERT INTO `sys_menu` VALUES ('41', '40', '0,1,31,40,', '内容发布', '/cms/', '', 'briefcase', '30', '1', '', '1', '0');
INSERT INTO `sys_menu` VALUES ('42', '41', '0,1,31,40,41,', '文章模型', '/cms/article/', '', 'file', '40', '0', '', '1', '0');
INSERT INTO `sys_menu` VALUES ('43', '42', '0,1,31,40,41,42,', '查看', '', '', '', '30', '0', 'cms:article:view', '1', '0');
INSERT INTO `sys_menu` VALUES ('44', '42', '0,1,31,40,41,42,', '修改', '', '', '', '30', '0', 'cms:article:edit', '1', '0');
INSERT INTO `sys_menu` VALUES ('45', '42', '0,1,31,40,41,42,', '审核', '', '', '', '30', '0', 'cms:article:audit', '1', '0');
INSERT INTO `sys_menu` VALUES ('46', '41', '0,1,31,40,41,', '链接模型', '/cms/link/', '', 'random', '60', '0', '', '1', '0');
INSERT INTO `sys_menu` VALUES ('47', '46', '0,1,31,40,41,46,', '查看', '', '', '', '30', '0', 'cms:link:view', '1', '0');
INSERT INTO `sys_menu` VALUES ('48', '46', '0,1,31,40,41,46,', '修改', '', '', '', '30', '0', 'cms:link:edit', '1', '0');
INSERT INTO `sys_menu` VALUES ('49', '46', '0,1,31,40,41,46,', '审核', '', '', '', '30', '0', 'cms:link:audit', '1', '0');
INSERT INTO `sys_menu` VALUES ('50', '40', '0,1,31,40,', '评论管理', '/cms/comment/?status=2', '', 'comment', '40', '1', '', '1', '0');
INSERT INTO `sys_menu` VALUES ('51', '50', '0,1,31,40,50,', '查看', '', '', '', '30', '0', 'cms:comment:view', '1', '0');
INSERT INTO `sys_menu` VALUES ('52', '50', '0,1,31,40,50,', '审核', '', '', '', '30', '0', 'cms:comment:edit', '1', '0');
INSERT INTO `sys_menu` VALUES ('53', '40', '0,1,31,40,', '公共留言', '/cms/guestbook/?status=2', '', 'glass', '80', '1', '', '1', '0');
INSERT INTO `sys_menu` VALUES ('54', '53', '0,1,31,40,53,', '查看', '', '', '', '30', '0', 'cms:guestbook:view', '1', '0');
INSERT INTO `sys_menu` VALUES ('55', '53', '0,1,31,40,53,', '审核', '', '', '', '30', '0', 'cms:guestbook:edit', '1', '0');
INSERT INTO `sys_menu` VALUES ('56', '40', '0,1,31,40,', '文件管理', '/../static/ckfinder/ckfinder.html', '', 'folder-open', '90', '1', '', '1', '0');
INSERT INTO `sys_menu` VALUES ('57', '56', '0,1,31,40,56,', '查看', '', '', '', '30', '0', 'cms:ckfinder:view', '1', '0');
INSERT INTO `sys_menu` VALUES ('58', '56', '0,1,31,40,56,', '上传', '', '', '', '30', '0', 'cms:ckfinder:upload', '1', '0');
INSERT INTO `sys_menu` VALUES ('59', '56', '0,1,31,40,56,', '修改', '', '', '', '30', '0', 'cms:ckfinder:edit', '1', '0');
INSERT INTO `sys_menu` VALUES ('60', '1', '0,1,', '在线办公', '', '', '', '300', '1', '', '1', '0');
INSERT INTO `sys_menu` VALUES ('61', '60', '0,1,60,', '个人办公', '', '', '', '600', '1', '', '1', '0');
INSERT INTO `sys_menu` VALUES ('62', '61', '0,1,60,61,', '请假办理', '/oa/leave', '', 'leaf', '30', '1', '', '1', '0');
INSERT INTO `sys_menu` VALUES ('63', '62', '0,1,60,61,62,', '查看', '', '', '', '30', '0', 'oa:leave:view', '1', '0');
INSERT INTO `sys_menu` VALUES ('64', '62', '0,1,60,61,62,', '修改', '', '', '', '30', '0', 'oa:leave:edit', '1', '0');
INSERT INTO `sys_menu` VALUES ('65', '3', '0,1,2,3,', '流程管理', '/sys/workflow/processList', '', 'tasks', '80', '1', '', '2', '0');
INSERT INTO `sys_menu` VALUES ('66', '65', '0,1,2,3,65,', '查看', '', '', '', '30', '0', 'sys:workflow:processList:view', '2', '0');
INSERT INTO `sys_menu` VALUES ('67', '65', '0,1,2,3,65,', '修改', '', '', '', '30', '0', 'sys:workflow:processList:edit', '2', '0');

-- ----------------------------
-- Table structure for `sys_office`
-- ----------------------------
DROP TABLE IF EXISTS `sys_office`;
CREATE TABLE `sys_office` (
  `id` bigint(20) NOT NULL AUTO_INCREMENT COMMENT '编号',
  `parent_id` bigint(20) NOT NULL COMMENT '父级编号',
  `parent_ids` varchar(255) NOT NULL COMMENT '所有父级编号',
  `area_id` bigint(20) NOT NULL COMMENT '归属区域',
  `code` varchar(100) DEFAULT NULL COMMENT '区域编码',
  `name` varchar(100) NOT NULL COMMENT '部门名称',
  `remarks` varchar(255) DEFAULT NULL COMMENT '备注',
  `del_flag` char(1) DEFAULT '0' COMMENT '删除标记（0：正常；1：删除）',
  PRIMARY KEY (`id`),
  KEY `parent_id` (`parent_id`),
  KEY `parent_ids` (`parent_ids`),
  KEY `del_flag` (`del_flag`)
) ENGINE=InnoDB AUTO_INCREMENT=10 DEFAULT CHARSET=utf8 COMMENT='系统部门表';

-- ----------------------------
-- Records of sys_office
-- ----------------------------
INSERT INTO `sys_office` VALUES ('1', '0', '0,', '1', '', '顶级部门', '', '0');
INSERT INTO `sys_office` VALUES ('2', '1', '0,1,', '1', '0001', '系统管理', '', '0');
INSERT INTO `sys_office` VALUES ('3', '1', '0,1,', '1', '0002', '系统维护', '', '0');
INSERT INTO `sys_office` VALUES ('4', '2', '0,1,2,', '1', '000101', '系统管理1', '', '0');
INSERT INTO `sys_office` VALUES ('5', '2', '0,1,2,', '1', '000102', '系统管理2', '', '0');
INSERT INTO `sys_office` VALUES ('6', '3', '0,1,3,', '1', '000201', '系统维护1', '', '0');
INSERT INTO `sys_office` VALUES ('7', '3', '0,1,3,', '1', '000202', '系统维护2', '', '0');
INSERT INTO `sys_office` VALUES ('8', '4', '0,1,2,4,', '1', '1123', '常去', '', '0');
INSERT INTO `sys_office` VALUES ('9', '2', '0,1,2,', '1', '1123', '1123', '', '0');

-- ----------------------------
-- Table structure for `sys_role`
-- ----------------------------
DROP TABLE IF EXISTS `sys_role`;
CREATE TABLE `sys_role` (
  `id` bigint(20) NOT NULL AUTO_INCREMENT COMMENT '编号',
  `name` varchar(100) NOT NULL COMMENT '名称',
  `user_id` bigint(20) NOT NULL COMMENT '创建者',
  `del_flag` char(1) DEFAULT '0' COMMENT '删除标记（0：正常；1：删除）',
  `enname` varchar(255) NOT NULL COMMENT '英文名称',
  `role_type` varchar(255) NOT NULL COMMENT '角色类型',
  PRIMARY KEY (`id`),
  KEY `user_id` (`user_id`),
  KEY `del_flag` (`del_flag`)
) ENGINE=InnoDB AUTO_INCREMENT=5 DEFAULT CHARSET=utf8 COMMENT='系统角色表';

-- ----------------------------
-- Records of sys_role
-- ----------------------------
INSERT INTO `sys_role` VALUES ('1', '系统管理员', '1', '0', 'admin', 'assignment');
INSERT INTO `sys_role` VALUES ('2', '普通用户', '1', '0', 'user', 'assignment');
INSERT INTO `sys_role` VALUES ('3', '部门领导', '1', '0', 'deptLeader', 'assignment');
INSERT INTO `sys_role` VALUES ('4', '人事', '1', '0', 'hr', 'assignment');

-- ----------------------------
-- Table structure for `sys_role_category`
-- ----------------------------
DROP TABLE IF EXISTS `sys_role_category`;
CREATE TABLE `sys_role_category` (
  `role_id` bigint(20) NOT NULL COMMENT '角色编号',
  `category_id` bigint(20) NOT NULL COMMENT '内容分类编号',
  PRIMARY KEY (`role_id`,`category_id`)
) ENGINE=InnoDB DEFAULT CHARSET=utf8 COMMENT='系统角色与内容分类关联表';

-- ----------------------------
-- Records of sys_role_category
-- ----------------------------
INSERT INTO `sys_role_category` VALUES ('1', '1');
INSERT INTO `sys_role_category` VALUES ('1', '2');
INSERT INTO `sys_role_category` VALUES ('1', '3');
INSERT INTO `sys_role_category` VALUES ('1', '4');
INSERT INTO `sys_role_category` VALUES ('1', '5');
INSERT INTO `sys_role_category` VALUES ('1', '6');
INSERT INTO `sys_role_category` VALUES ('1', '7');
INSERT INTO `sys_role_category` VALUES ('1', '8');
INSERT INTO `sys_role_category` VALUES ('1', '9');
INSERT INTO `sys_role_category` VALUES ('1', '10');
INSERT INTO `sys_role_category` VALUES ('1', '11');
INSERT INTO `sys_role_category` VALUES ('1', '12');
INSERT INTO `sys_role_category` VALUES ('1', '13');
INSERT INTO `sys_role_category` VALUES ('1', '14');
INSERT INTO `sys_role_category` VALUES ('1', '15');
INSERT INTO `sys_role_category` VALUES ('1', '16');
INSERT INTO `sys_role_category` VALUES ('1', '17');
INSERT INTO `sys_role_category` VALUES ('1', '18');
INSERT INTO `sys_role_category` VALUES ('1', '19');
INSERT INTO `sys_role_category` VALUES ('1', '20');
INSERT INTO `sys_role_category` VALUES ('1', '21');
INSERT INTO `sys_role_category` VALUES ('1', '22');
INSERT INTO `sys_role_category` VALUES ('1', '23');
INSERT INTO `sys_role_category` VALUES ('1', '24');
INSERT INTO `sys_role_category` VALUES ('1', '25');
INSERT INTO `sys_role_category` VALUES ('1', '26');
INSERT INTO `sys_role_category` VALUES ('1', '27');
INSERT INTO `sys_role_category` VALUES ('2', '1');
INSERT INTO `sys_role_category` VALUES ('2', '2');
INSERT INTO `sys_role_category` VALUES ('2', '3');
INSERT INTO `sys_role_category` VALUES ('2', '4');
INSERT INTO `sys_role_category` VALUES ('2', '5');
INSERT INTO `sys_role_category` VALUES ('2', '6');
INSERT INTO `sys_role_category` VALUES ('2', '7');
INSERT INTO `sys_role_category` VALUES ('2', '8');
INSERT INTO `sys_role_category` VALUES ('2', '9');
INSERT INTO `sys_role_category` VALUES ('2', '10');
INSERT INTO `sys_role_category` VALUES ('2', '11');
INSERT INTO `sys_role_category` VALUES ('2', '12');
INSERT INTO `sys_role_category` VALUES ('2', '13');
INSERT INTO `sys_role_category` VALUES ('2', '14');
INSERT INTO `sys_role_category` VALUES ('2', '15');
INSERT INTO `sys_role_category` VALUES ('2', '16');
INSERT INTO `sys_role_category` VALUES ('2', '17');
INSERT INTO `sys_role_category` VALUES ('2', '18');
INSERT INTO `sys_role_category` VALUES ('2', '19');
INSERT INTO `sys_role_category` VALUES ('2', '20');
INSERT INTO `sys_role_category` VALUES ('2', '21');
INSERT INTO `sys_role_category` VALUES ('2', '22');
INSERT INTO `sys_role_category` VALUES ('2', '23');
INSERT INTO `sys_role_category` VALUES ('2', '24');
INSERT INTO `sys_role_category` VALUES ('2', '25');
INSERT INTO `sys_role_category` VALUES ('2', '26');
INSERT INTO `sys_role_category` VALUES ('2', '27');

-- ----------------------------
-- Table structure for `sys_role_menu`
-- ----------------------------
DROP TABLE IF EXISTS `sys_role_menu`;
CREATE TABLE `sys_role_menu` (
  `role_id` bigint(20) NOT NULL COMMENT '角色编号',
  `menu_id` bigint(20) NOT NULL COMMENT '菜单编号',
  PRIMARY KEY (`role_id`,`menu_id`)
) ENGINE=InnoDB DEFAULT CHARSET=utf8 COMMENT='系统角色与菜单关联表';

-- ----------------------------
-- Records of sys_role_menu
-- ----------------------------
INSERT INTO `sys_role_menu` VALUES ('1', '1');
INSERT INTO `sys_role_menu` VALUES ('1', '2');
INSERT INTO `sys_role_menu` VALUES ('1', '3');
INSERT INTO `sys_role_menu` VALUES ('1', '4');
INSERT INTO `sys_role_menu` VALUES ('1', '5');
INSERT INTO `sys_role_menu` VALUES ('1', '6');
INSERT INTO `sys_role_menu` VALUES ('1', '7');
INSERT INTO `sys_role_menu` VALUES ('1', '8');
INSERT INTO `sys_role_menu` VALUES ('1', '9');
INSERT INTO `sys_role_menu` VALUES ('1', '10');
INSERT INTO `sys_role_menu` VALUES ('1', '11');
INSERT INTO `sys_role_menu` VALUES ('1', '12');
INSERT INTO `sys_role_menu` VALUES ('1', '13');
INSERT INTO `sys_role_menu` VALUES ('1', '14');
INSERT INTO `sys_role_menu` VALUES ('1', '15');
INSERT INTO `sys_role_menu` VALUES ('1', '16');
INSERT INTO `sys_role_menu` VALUES ('1', '17');
INSERT INTO `sys_role_menu` VALUES ('1', '18');
INSERT INTO `sys_role_menu` VALUES ('1', '19');
INSERT INTO `sys_role_menu` VALUES ('1', '20');
INSERT INTO `sys_role_menu` VALUES ('1', '21');
INSERT INTO `sys_role_menu` VALUES ('1', '22');
INSERT INTO `sys_role_menu` VALUES ('1', '23');
INSERT INTO `sys_role_menu` VALUES ('1', '24');
INSERT INTO `sys_role_menu` VALUES ('1', '25');
INSERT INTO `sys_role_menu` VALUES ('1', '26');
INSERT INTO `sys_role_menu` VALUES ('1', '27');
INSERT INTO `sys_role_menu` VALUES ('1', '28');
INSERT INTO `sys_role_menu` VALUES ('1', '29');
INSERT INTO `sys_role_menu` VALUES ('1', '30');
INSERT INTO `sys_role_menu` VALUES ('1', '31');
INSERT INTO `sys_role_menu` VALUES ('1', '32');
INSERT INTO `sys_role_menu` VALUES ('1', '33');
INSERT INTO `sys_role_menu` VALUES ('1', '34');
INSERT INTO `sys_role_menu` VALUES ('1', '35');
INSERT INTO `sys_role_menu` VALUES ('1', '36');
INSERT INTO `sys_role_menu` VALUES ('1', '37');
INSERT INTO `sys_role_menu` VALUES ('1', '38');
INSERT INTO `sys_role_menu` VALUES ('1', '39');
INSERT INTO `sys_role_menu` VALUES ('1', '40');
INSERT INTO `sys_role_menu` VALUES ('1', '41');
INSERT INTO `sys_role_menu` VALUES ('1', '42');
INSERT INTO `sys_role_menu` VALUES ('1', '43');
INSERT INTO `sys_role_menu` VALUES ('1', '44');
INSERT INTO `sys_role_menu` VALUES ('1', '45');
INSERT INTO `sys_role_menu` VALUES ('1', '46');
INSERT INTO `sys_role_menu` VALUES ('1', '47');
INSERT INTO `sys_role_menu` VALUES ('1', '48');
INSERT INTO `sys_role_menu` VALUES ('1', '49');
INSERT INTO `sys_role_menu` VALUES ('1', '50');
INSERT INTO `sys_role_menu` VALUES ('1', '51');
INSERT INTO `sys_role_menu` VALUES ('1', '52');
INSERT INTO `sys_role_menu` VALUES ('1', '53');
INSERT INTO `sys_role_menu` VALUES ('1', '54');
INSERT INTO `sys_role_menu` VALUES ('1', '55');
INSERT INTO `sys_role_menu` VALUES ('1', '56');
INSERT INTO `sys_role_menu` VALUES ('1', '57');
INSERT INTO `sys_role_menu` VALUES ('1', '58');
INSERT INTO `sys_role_menu` VALUES ('1', '59');
INSERT INTO `sys_role_menu` VALUES ('1', '60');
INSERT INTO `sys_role_menu` VALUES ('1', '61');
INSERT INTO `sys_role_menu` VALUES ('1', '62');
INSERT INTO `sys_role_menu` VALUES ('1', '63');
INSERT INTO `sys_role_menu` VALUES ('1', '64');
INSERT INTO `sys_role_menu` VALUES ('1', '65');
INSERT INTO `sys_role_menu` VALUES ('1', '66');
INSERT INTO `sys_role_menu` VALUES ('1', '67');
INSERT INTO `sys_role_menu` VALUES ('2', '1');
INSERT INTO `sys_role_menu` VALUES ('2', '3');
INSERT INTO `sys_role_menu` VALUES ('2', '23');
INSERT INTO `sys_role_menu` VALUES ('2', '24');
INSERT INTO `sys_role_menu` VALUES ('2', '25');
INSERT INTO `sys_role_menu` VALUES ('2', '26');
INSERT INTO `sys_role_menu` VALUES ('2', '27');
INSERT INTO `sys_role_menu` VALUES ('2', '28');
INSERT INTO `sys_role_menu` VALUES ('2', '29');
INSERT INTO `sys_role_menu` VALUES ('2', '30');
INSERT INTO `sys_role_menu` VALUES ('2', '31');
INSERT INTO `sys_role_menu` VALUES ('2', '32');
INSERT INTO `sys_role_menu` VALUES ('2', '33');
INSERT INTO `sys_role_menu` VALUES ('2', '34');
INSERT INTO `sys_role_menu` VALUES ('2', '35');
INSERT INTO `sys_role_menu` VALUES ('2', '36');
INSERT INTO `sys_role_menu` VALUES ('2', '37');
INSERT INTO `sys_role_menu` VALUES ('2', '38');
INSERT INTO `sys_role_menu` VALUES ('2', '39');
INSERT INTO `sys_role_menu` VALUES ('2', '40');
INSERT INTO `sys_role_menu` VALUES ('2', '41');
INSERT INTO `sys_role_menu` VALUES ('2', '42');
INSERT INTO `sys_role_menu` VALUES ('2', '43');
INSERT INTO `sys_role_menu` VALUES ('2', '44');
INSERT INTO `sys_role_menu` VALUES ('2', '45');
INSERT INTO `sys_role_menu` VALUES ('2', '46');
INSERT INTO `sys_role_menu` VALUES ('2', '47');
INSERT INTO `sys_role_menu` VALUES ('2', '48');
INSERT INTO `sys_role_menu` VALUES ('2', '49');
INSERT INTO `sys_role_menu` VALUES ('2', '50');
INSERT INTO `sys_role_menu` VALUES ('2', '51');
INSERT INTO `sys_role_menu` VALUES ('2', '52');
INSERT INTO `sys_role_menu` VALUES ('2', '53');
INSERT INTO `sys_role_menu` VALUES ('2', '54');
INSERT INTO `sys_role_menu` VALUES ('2', '55');
INSERT INTO `sys_role_menu` VALUES ('2', '56');
INSERT INTO `sys_role_menu` VALUES ('2', '57');
INSERT INTO `sys_role_menu` VALUES ('2', '58');
INSERT INTO `sys_role_menu` VALUES ('2', '59');
INSERT INTO `sys_role_menu` VALUES ('3', '1');
INSERT INTO `sys_role_menu` VALUES ('3', '27');
INSERT INTO `sys_role_menu` VALUES ('3', '28');
INSERT INTO `sys_role_menu` VALUES ('3', '29');
INSERT INTO `sys_role_menu` VALUES ('3', '30');
INSERT INTO `sys_role_menu` VALUES ('3', '31');
INSERT INTO `sys_role_menu` VALUES ('3', '32');
INSERT INTO `sys_role_menu` VALUES ('3', '33');
INSERT INTO `sys_role_menu` VALUES ('3', '34');
INSERT INTO `sys_role_menu` VALUES ('3', '35');
INSERT INTO `sys_role_menu` VALUES ('3', '36');
INSERT INTO `sys_role_menu` VALUES ('3', '37');
INSERT INTO `sys_role_menu` VALUES ('3', '38');
INSERT INTO `sys_role_menu` VALUES ('3', '39');
INSERT INTO `sys_role_menu` VALUES ('3', '40');
INSERT INTO `sys_role_menu` VALUES ('3', '41');
INSERT INTO `sys_role_menu` VALUES ('3', '42');
INSERT INTO `sys_role_menu` VALUES ('3', '43');
INSERT INTO `sys_role_menu` VALUES ('3', '44');
INSERT INTO `sys_role_menu` VALUES ('3', '45');
INSERT INTO `sys_role_menu` VALUES ('3', '46');
INSERT INTO `sys_role_menu` VALUES ('3', '47');
INSERT INTO `sys_role_menu` VALUES ('3', '48');
INSERT INTO `sys_role_menu` VALUES ('3', '49');
INSERT INTO `sys_role_menu` VALUES ('3', '50');
INSERT INTO `sys_role_menu` VALUES ('3', '51');
INSERT INTO `sys_role_menu` VALUES ('3', '52');
INSERT INTO `sys_role_menu` VALUES ('3', '53');
INSERT INTO `sys_role_menu` VALUES ('3', '54');
INSERT INTO `sys_role_menu` VALUES ('3', '55');
INSERT INTO `sys_role_menu` VALUES ('3', '56');
INSERT INTO `sys_role_menu` VALUES ('3', '57');
INSERT INTO `sys_role_menu` VALUES ('3', '58');
INSERT INTO `sys_role_menu` VALUES ('3', '59');
INSERT INTO `sys_role_menu` VALUES ('4', '1');
INSERT INTO `sys_role_menu` VALUES ('4', '27');
INSERT INTO `sys_role_menu` VALUES ('4', '28');
INSERT INTO `sys_role_menu` VALUES ('4', '29');
INSERT INTO `sys_role_menu` VALUES ('4', '30');
INSERT INTO `sys_role_menu` VALUES ('4', '31');
INSERT INTO `sys_role_menu` VALUES ('4', '32');
INSERT INTO `sys_role_menu` VALUES ('4', '33');
INSERT INTO `sys_role_menu` VALUES ('4', '34');
INSERT INTO `sys_role_menu` VALUES ('4', '35');
INSERT INTO `sys_role_menu` VALUES ('4', '36');
INSERT INTO `sys_role_menu` VALUES ('4', '37');
INSERT INTO `sys_role_menu` VALUES ('4', '38');
INSERT INTO `sys_role_menu` VALUES ('4', '39');
INSERT INTO `sys_role_menu` VALUES ('4', '40');
INSERT INTO `sys_role_menu` VALUES ('4', '41');
INSERT INTO `sys_role_menu` VALUES ('4', '42');
INSERT INTO `sys_role_menu` VALUES ('4', '43');
INSERT INTO `sys_role_menu` VALUES ('4', '44');
INSERT INTO `sys_role_menu` VALUES ('4', '45');
INSERT INTO `sys_role_menu` VALUES ('4', '46');
INSERT INTO `sys_role_menu` VALUES ('4', '47');
INSERT INTO `sys_role_menu` VALUES ('4', '48');
INSERT INTO `sys_role_menu` VALUES ('4', '49');
INSERT INTO `sys_role_menu` VALUES ('4', '50');
INSERT INTO `sys_role_menu` VALUES ('4', '51');
INSERT INTO `sys_role_menu` VALUES ('4', '52');
INSERT INTO `sys_role_menu` VALUES ('4', '53');
INSERT INTO `sys_role_menu` VALUES ('4', '54');
INSERT INTO `sys_role_menu` VALUES ('4', '55');
INSERT INTO `sys_role_menu` VALUES ('4', '56');
INSERT INTO `sys_role_menu` VALUES ('4', '57');
INSERT INTO `sys_role_menu` VALUES ('4', '58');
INSERT INTO `sys_role_menu` VALUES ('4', '59');

-- ----------------------------
-- Table structure for `sys_user`
-- ----------------------------
DROP TABLE IF EXISTS `sys_user`;
CREATE TABLE `sys_user` (
  `id` bigint(20) NOT NULL AUTO_INCREMENT COMMENT '编号',
  `area_id` bigint(20) NOT NULL COMMENT '区域编号',
  `office_id` bigint(20) NOT NULL COMMENT '部门编号',
  `login_name` varchar(100) NOT NULL COMMENT '登录名',
  `password` varchar(100) DEFAULT NULL COMMENT '密码',
  `name` varchar(100) DEFAULT NULL COMMENT '姓名',
  `email` varchar(200) DEFAULT NULL COMMENT '邮箱',
  `phone` varchar(200) DEFAULT NULL COMMENT '电话',
  `mobile` varchar(200) DEFAULT NULL COMMENT '手机',
  `remarks` varchar(255) DEFAULT '' COMMENT '备注',
  `user_type` varchar(100) DEFAULT '' COMMENT '用户类型',
  `create_date` timestamp NOT NULL DEFAULT CURRENT_TIMESTAMP COMMENT '创建时间',
  `del_flag` char(1) DEFAULT '0' COMMENT '删除标记（0：正常；1：删除）',
  `login_ip` varchar(100) DEFAULT NULL COMMENT '最后登陆IP',
  `login_date` datetime DEFAULT NULL COMMENT '最后登陆时间',
  PRIMARY KEY (`id`),
  KEY `area_id` (`area_id`),
  KEY `office_id` (`office_id`),
  KEY `login_name` (`login_name`),
  KEY `del_flag` (`del_flag`)
) ENGINE=InnoDB AUTO_INCREMENT=15 DEFAULT CHARSET=utf8 COMMENT='系统用户表';

-- ----------------------------
-- Records of sys_user
-- ----------------------------
INSERT INTO `sys_user` VALUES ('1', '1', '1', 'thinkgem', '348b421b2de94c46835881fdb595112f378bd4811bdf2e2dc5aa822a', 'Thinkgem', 'thinkgem@163.com', '8675', '8675', '', '', '2013-05-10 09:20:56', '0', '0:0:0:0:0:0:0:1', '2013-05-10 13:38:48');
INSERT INTO `sys_user` VALUES ('2', '1', '1', 'admin', '02a3f0772fcca9f415adc990734b45c6f059c7d33ee28362c4852032', '管理员', 'thinkgem@163.com', '8675', '8675', '', '', '2013-05-10 09:20:56', '0', '168.192.1.254', '2013-05-10 14:59:29');
INSERT INTO `sys_user` VALUES ('3', '2', '2', 'user', 'c483879feb6704d4780ad0d259cca93ffc173b02c48084f8b186a53c', '用户', 'thinkgem@163.com', '8675', '8675', '', '', '2013-05-10 09:20:56', '0', null, null);
INSERT INTO `sys_user` VALUES ('4', '3', '3', 'user2', 'c483879feb6704d4780ad0d259cca93ffc173b02c48084f8b186a53c', '用户2', 'thinkgem@163.com', '8675', '8675', '', '', '2013-05-10 09:20:56', '0', null, null);
INSERT INTO `sys_user` VALUES ('5', '3', '3', 'user3', 'c483879feb6704d4780ad0d259cca93ffc173b02c48084f8b186a53c', '用户3', 'thinkgem@163.com', '8675', '8675', '', '', '2013-05-10 09:20:56', '0', null, null);
INSERT INTO `sys_user` VALUES ('6', '3', '3', 'user4', 'c483879feb6704d4780ad0d259cca93ffc173b02c48084f8b186a53c', '用户4', 'thinkgem@163.com', '8675', '8675', '', '', '2013-05-10 09:20:56', '0', null, null);
INSERT INTO `sys_user` VALUES ('7', '3', '3', 'user5', 'c483879feb6704d4780ad0d259cca93ffc173b02c48084f8b186a53c', '用户5', 'thinkgem@163.com', '8675', '8675', '', '', '2013-05-10 09:20:56', '0', null, null);
INSERT INTO `sys_user` VALUES ('8', '3', '3', 'user6', 'c483879feb6704d4780ad0d259cca93ffc173b02c48084f8b186a53c', '用户6', 'thinkgem@163.com', '8675', '8675', '', '', '2013-05-10 09:20:56', '0', null, null);
INSERT INTO `sys_user` VALUES ('9', '3', '3', 'user7', 'c483879feb6704d4780ad0d259cca93ffc173b02c48084f8b186a53c', '用户7', 'thinkgem@163.com', '8675', '8675', '', '', '2013-05-10 09:20:56', '0', null, null);
INSERT INTO `sys_user` VALUES ('10', '3', '3', 'user8', 'c483879feb6704d4780ad0d259cca93ffc173b02c48084f8b186a53c', '用户8', 'thinkgem@163.com', '8675', '8675', '', '', '2013-05-10 09:20:56', '0', null, null);
INSERT INTO `sys_user` VALUES ('11', '3', '3', 'user9', 'c483879feb6704d4780ad0d259cca93ffc173b02c48084f8b186a53c', '用户9', 'thinkgem@163.com', '8675', '8675', '', '', '2013-05-10 09:20:56', '0', null, null);
INSERT INTO `sys_user` VALUES ('12', '3', '3', 'user10', 'c483879feb6704d4780ad0d259cca93ffc173b02c48084f8b186a53c', '用户10', 'thinkgem@163.com', '8675', '8675', '', '', '2013-05-10 09:20:56', '0', null, null);
INSERT INTO `sys_user` VALUES ('13', '3', '3', 'user11', 'c483879feb6704d4780ad0d259cca93ffc173b02c48084f8b186a53c', '用户11', 'thinkgem@163.com', '8675', '8675', '', '', '2013-05-10 09:20:56', '0', null, null);
INSERT INTO `sys_user` VALUES ('14', '3', '3', 'user12', 'c483879feb6704d4780ad0d259cca93ffc173b02c48084f8b186a53c', '用户12', 'thinkgem@163.com', '8675', '8675', '', '', '2013-05-10 09:20:56', '0', null, null);

-- ----------------------------
-- Table structure for `sys_user_role`
-- ----------------------------
DROP TABLE IF EXISTS `sys_user_role`;
CREATE TABLE `sys_user_role` (
  `user_id` bigint(20) NOT NULL COMMENT '用户编号',
  `role_id` bigint(20) NOT NULL COMMENT '角色编号',
  PRIMARY KEY (`user_id`,`role_id`)
) ENGINE=InnoDB DEFAULT CHARSET=utf8 COMMENT='系统用户与角色关联表';

-- ----------------------------
-- Records of sys_user_role
-- ----------------------------
INSERT INTO `sys_user_role` VALUES ('1', '1');
INSERT INTO `sys_user_role` VALUES ('1', '2');
INSERT INTO `sys_user_role` VALUES ('2', '1');
INSERT INTO `sys_user_role` VALUES ('2', '2');
INSERT INTO `sys_user_role` VALUES ('2', '3');
INSERT INTO `sys_user_role` VALUES ('2', '4');
INSERT INTO `sys_user_role` VALUES ('3', '2');
INSERT INTO `sys_user_role` VALUES ('4', '2');
INSERT INTO `sys_user_role` VALUES ('5', '2');
INSERT INTO `sys_user_role` VALUES ('6', '2');
INSERT INTO `sys_user_role` VALUES ('7', '2');
INSERT INTO `sys_user_role` VALUES ('8', '2');
INSERT INTO `sys_user_role` VALUES ('9', '2');
INSERT INTO `sys_user_role` VALUES ('10', '2');
INSERT INTO `sys_user_role` VALUES ('11', '2');
INSERT INTO `sys_user_role` VALUES ('12', '2');
