-- phpMyAdmin SQL Dump
-- version 3.5.2.2
-- http://www.phpmyadmin.net
--
-- 主机: 127.0.0.1
-- 生成日期: 2013 年 08 月 23 日 16:17
-- 服务器版本: 5.5.27
-- PHP 版本: 5.4.7

SET SQL_MODE="NO_AUTO_VALUE_ON_ZERO";
SET time_zone = "+00:00";


/*!40101 SET @OLD_CHARACTER_SET_CLIENT=@@CHARACTER_SET_CLIENT */;
/*!40101 SET @OLD_CHARACTER_SET_RESULTS=@@CHARACTER_SET_RESULTS */;
/*!40101 SET @OLD_COLLATION_CONNECTION=@@COLLATION_CONNECTION */;
/*!40101 SET NAMES utf8 */;

--
-- 数据库: `songlai-jeesite`
--

-- --------------------------------------------------------

--
-- 表的结构 `act_ge_bytearray`
--

CREATE TABLE IF NOT EXISTS `act_ge_bytearray` (
  `ID_` varchar(64) COLLATE utf8_bin NOT NULL DEFAULT '',
  `REV_` int(11) DEFAULT NULL,
  `NAME_` varchar(255) COLLATE utf8_bin DEFAULT NULL,
  `DEPLOYMENT_ID_` varchar(64) COLLATE utf8_bin DEFAULT NULL,
  `BYTES_` longblob,
  `GENERATED_` tinyint(4) DEFAULT NULL,
  PRIMARY KEY (`ID_`),
  KEY `ACT_FK_BYTEARR_DEPL` (`DEPLOYMENT_ID_`)
) ENGINE=InnoDB DEFAULT CHARSET=utf8 COLLATE=utf8_bin;

--
-- 转存表中的数据 `act_ge_bytearray`
--

INSERT INTO `act_ge_bytearray` (`ID_`, `REV_`, `NAME_`, `DEPLOYMENT_ID_`, `BYTES_`, `GENERATED_`) VALUES
('2', 1, 'leave.bpmn20.xml', '1', 0x3c3f786d6c2076657273696f6e3d22312e302220656e636f64696e673d225554462d38223f3e0a3c646566696e6974696f6e7320786d6c6e733d22687474703a2f2f7777772e6f6d672e6f72672f737065632f42504d4e2f32303130303532342f4d4f44454c2220786d6c6e733a7873693d22687474703a2f2f7777772e77332e6f72672f323030312f584d4c536368656d612d696e7374616e63652220786d6c6e733a61637469766974693d22687474703a2f2f61637469766974692e6f72672f62706d6e2220786d6c6e733a62706d6e64693d22687474703a2f2f7777772e6f6d672e6f72672f737065632f42504d4e2f32303130303532342f44492220786d6c6e733a6f6d6764633d22687474703a2f2f7777772e6f6d672e6f72672f737065632f44442f32303130303532342f44432220786d6c6e733a6f6d6764693d22687474703a2f2f7777772e6f6d672e6f72672f737065632f44442f32303130303532342f44492220747970654c616e67756167653d22687474703a2f2f7777772e77332e6f72672f323030312f584d4c536368656d61222065787072657373696f6e4c616e67756167653d22687474703a2f2f7777772e77332e6f72672f313939392f585061746822207461726765744e616d6573706163653d22687474703a2f2f7777772e6b6166656974752e6d652f64656d6f2f61637469766974692f6c65617665223e0a20203c70726f636573732069643d226c6561766522206e616d653d22e8afb7e58187e6b581e7a88b2220697345786563757461626c653d2274727565223e0a202020203c646f63756d656e746174696f6e3ee8afb7e58187e6b581e7a88be6bc94e7a4ba3c2f646f63756d656e746174696f6e3e0a202020203c73746172744576656e742069643d2273746172746576656e743122206e616d653d225374617274222061637469766974693a696e69746961746f723d226170706c79557365724964223e3c2f73746172744576656e743e0a202020203c757365725461736b2069643d22646570744c6561646572417564697422206e616d653d22e983a8e997a8e9a286e5afbce5aea1e689b9222061637469766974693a63616e64696461746547726f7570733d22646570744c6561646572223e3c2f757365725461736b3e0a202020203c6578636c7573697665476174657761792069643d226578636c7573697665676174657761793522206e616d653d224578636c75736976652047617465776179223e3c2f6578636c7573697665476174657761793e0a202020203c757365725461736b2069643d226d6f646966794170706c7922206e616d653d22e8b083e695b4e794b3e8afb7222061637469766974693a61737369676e65653d22247b6170706c795573657249647d223e0a2020202020203c657874656e73696f6e456c656d656e74733e0a20202020202020203c61637469766974693a7461736b4c697374656e6572206576656e743d22636f6d706c657465222064656c656761746545787072657373696f6e3d22247b6c656176654d6f6469667950726f636573736f727d223e3c2f61637469766974693a7461736b4c697374656e65723e0a2020202020203c2f657874656e73696f6e456c656d656e74733e0a202020203c2f757365725461736b3e0a202020203c757365725461736b2069643d226872417564697422206e616d653d22e4babae4ba8be5aea1e689b9222061637469766974693a63616e64696461746547726f7570733d226872223e3c2f757365725461736b3e0a202020203c6578636c7573697665476174657761792069643d226578636c7573697665676174657761793622206e616d653d224578636c75736976652047617465776179223e3c2f6578636c7573697665476174657761793e0a202020203c757365725461736b2069643d227265706f72744261636b22206e616d653d22e99480e58187222061637469766974693a61737369676e65653d22247b6170706c795573657249647d223e0a2020202020203c657874656e73696f6e456c656d656e74733e0a20202020202020203c61637469766974693a7461736b4c697374656e6572206576656e743d22636f6d706c657465222064656c656761746545787072657373696f6e3d22247b6c656176655265706f727450726f636573736f727d223e3c2f61637469766974693a7461736b4c697374656e65723e0a2020202020203c2f657874656e73696f6e456c656d656e74733e0a202020203c2f757365725461736b3e0a202020203c656e644576656e742069643d22656e646576656e743122206e616d653d22456e64223e3c2f656e644576656e743e0a202020203c6578636c7573697665476174657761792069643d226578636c7573697665676174657761793722206e616d653d224578636c75736976652047617465776179223e3c2f6578636c7573697665476174657761793e0a202020203c73657175656e6365466c6f772069643d22666c6f77322220736f757263655265663d2273746172746576656e743122207461726765745265663d22646570744c65616465724175646974223e3c2f73657175656e6365466c6f773e0a202020203c73657175656e6365466c6f772069643d22666c6f77332220736f757263655265663d22646570744c6561646572417564697422207461726765745265663d226578636c75736976656761746577617935223e3c2f73657175656e6365466c6f773e0a202020203c73657175656e6365466c6f772069643d22666c6f773422206e616d653d22e4b88de5908ce6848f2220736f757263655265663d226578636c7573697665676174657761793522207461726765745265663d226d6f646966794170706c79223e0a2020202020203c636f6e646974696f6e45787072657373696f6e207873693a747970653d2274466f726d616c45787072657373696f6e223e3c215b43444154415b247b21646570744c6561646572506173737d5d5d3e3c2f636f6e646974696f6e45787072657373696f6e3e0a202020203c2f73657175656e6365466c6f773e0a202020203c73657175656e6365466c6f772069643d22666c6f773522206e616d653d22e5908ce6848f2220736f757263655265663d226578636c7573697665676174657761793522207461726765745265663d2268724175646974223e0a2020202020203c636f6e646974696f6e45787072657373696f6e207873693a747970653d2274466f726d616c45787072657373696f6e223e3c215b43444154415b247b646570744c6561646572506173737d5d5d3e3c2f636f6e646974696f6e45787072657373696f6e3e0a202020203c2f73657175656e6365466c6f773e0a202020203c73657175656e6365466c6f772069643d22666c6f77362220736f757263655265663d226872417564697422207461726765745265663d226578636c75736976656761746577617936223e3c2f73657175656e6365466c6f773e0a202020203c73657175656e6365466c6f772069643d22666c6f773722206e616d653d22e5908ce6848f2220736f757263655265663d226578636c7573697665676174657761793622207461726765745265663d227265706f72744261636b223e0a2020202020203c636f6e646974696f6e45787072657373696f6e207873693a747970653d2274466f726d616c45787072657373696f6e223e3c215b43444154415b247b6872506173737d5d5d3e3c2f636f6e646974696f6e45787072657373696f6e3e0a202020203c2f73657175656e6365466c6f773e0a202020203c73657175656e6365466c6f772069643d22666c6f77382220736f757263655265663d227265706f72744261636b22207461726765745265663d22656e646576656e7431223e3c2f73657175656e6365466c6f773e0a202020203c73657175656e6365466c6f772069643d22666c6f773922206e616d653d22e4b88de5908ce6848f2220736f757263655265663d226578636c7573697665676174657761793622207461726765745265663d226d6f646966794170706c79223e0a2020202020203c636f6e646974696f6e45787072657373696f6e207873693a747970653d2274466f726d616c45787072657373696f6e223e3c215b43444154415b247b216872506173737d5d5d3e3c2f636f6e646974696f6e45787072657373696f6e3e0a202020203c2f73657175656e6365466c6f773e0a202020203c73657175656e6365466c6f772069643d22666c6f77313022206e616d653d22e9878de696b0e794b3e8afb72220736f757263655265663d226578636c7573697665676174657761793722207461726765745265663d22646570744c65616465724175646974223e0a2020202020203c636f6e646974696f6e45787072657373696f6e207873693a747970653d2274466f726d616c45787072657373696f6e223e3c215b43444154415b247b72654170706c797d5d5d3e3c2f636f6e646974696f6e45787072657373696f6e3e0a202020203c2f73657175656e6365466c6f773e0a202020203c73657175656e6365466c6f772069643d22666c6f7731312220736f757263655265663d226d6f646966794170706c7922207461726765745265663d226578636c75736976656761746577617937223e3c2f73657175656e6365466c6f773e0a202020203c73657175656e6365466c6f772069643d22666c6f77313222206e616d653d22e7bb93e69d9fe6b581e7a88b2220736f757263655265663d226578636c7573697665676174657761793722207461726765745265663d22656e646576656e7431223e0a2020202020203c636f6e646974696f6e45787072657373696f6e207873693a747970653d2274466f726d616c45787072657373696f6e223e3c215b43444154415b247b2172654170706c797d5d5d3e3c2f636f6e646974696f6e45787072657373696f6e3e0a202020203c2f73657175656e6365466c6f773e0a20203c2f70726f636573733e0a20203c62706d6e64693a42504d4e4469616772616d2069643d2242504d4e4469616772616d5f6c65617665223e0a202020203c62706d6e64693a42504d4e506c616e652062706d6e456c656d656e743d226c65617665222069643d2242504d4e506c616e655f6c65617665223e0a2020202020203c62706d6e64693a42504d4e53686170652062706d6e456c656d656e743d2273746172746576656e7431222069643d2242504d4e53686170655f73746172746576656e7431223e0a20202020202020203c6f6d6764633a426f756e6473206865696768743d2233352e30222077696474683d2233352e302220783d2231302e302220793d2239302e30223e3c2f6f6d6764633a426f756e64733e0a2020202020203c2f62706d6e64693a42504d4e53686170653e0a2020202020203c62706d6e64693a42504d4e53686170652062706d6e456c656d656e743d22646570744c65616465724175646974222069643d2242504d4e53686170655f646570744c65616465724175646974223e0a20202020202020203c6f6d6764633a426f756e6473206865696768743d2235352e30222077696474683d223130352e302220783d2239302e302220793d2238302e30223e3c2f6f6d6764633a426f756e64733e0a2020202020203c2f62706d6e64693a42504d4e53686170653e0a2020202020203c62706d6e64693a42504d4e53686170652062706d6e456c656d656e743d226578636c75736976656761746577617935222069643d2242504d4e53686170655f6578636c75736976656761746577617935223e0a20202020202020203c6f6d6764633a426f756e6473206865696768743d2234302e30222077696474683d2234302e302220783d223235302e302220793d2238372e30223e3c2f6f6d6764633a426f756e64733e0a2020202020203c2f62706d6e64693a42504d4e53686170653e0a2020202020203c62706d6e64693a42504d4e53686170652062706d6e456c656d656e743d226d6f646966794170706c79222069643d2242504d4e53686170655f6d6f646966794170706c79223e0a20202020202020203c6f6d6764633a426f756e6473206865696768743d2235352e30222077696474683d223130352e302220783d223231382e302220793d223139302e30223e3c2f6f6d6764633a426f756e64733e0a2020202020203c2f62706d6e64693a42504d4e53686170653e0a2020202020203c62706d6e64693a42504d4e53686170652062706d6e456c656d656e743d2268724175646974222069643d2242504d4e53686170655f68724175646974223e0a20202020202020203c6f6d6764633a426f756e6473206865696768743d2235352e30222077696474683d223130352e302220783d223335382e302220793d2238302e30223e3c2f6f6d6764633a426f756e64733e0a2020202020203c2f62706d6e64693a42504d4e53686170653e0a2020202020203c62706d6e64693a42504d4e53686170652062706d6e456c656d656e743d226578636c75736976656761746577617936222069643d2242504d4e53686170655f6578636c75736976656761746577617936223e0a20202020202020203c6f6d6764633a426f756e6473206865696768743d2234302e30222077696474683d2234302e302220783d223439352e302220793d2238372e30223e3c2f6f6d6764633a426f756e64733e0a2020202020203c2f62706d6e64693a42504d4e53686170653e0a2020202020203c62706d6e64693a42504d4e53686170652062706d6e456c656d656e743d227265706f72744261636b222069643d2242504d4e53686170655f7265706f72744261636b223e0a20202020202020203c6f6d6764633a426f756e6473206865696768743d2235352e30222077696474683d223130352e302220783d223539302e302220793d2238302e30223e3c2f6f6d6764633a426f756e64733e0a2020202020203c2f62706d6e64693a42504d4e53686170653e0a2020202020203c62706d6e64693a42504d4e53686170652062706d6e456c656d656e743d22656e646576656e7431222069643d2242504d4e53686170655f656e646576656e7431223e0a20202020202020203c6f6d6764633a426f756e6473206865696768743d2233352e30222077696474683d2233352e302220783d223632352e302220793d223238332e30223e3c2f6f6d6764633a426f756e64733e0a2020202020203c2f62706d6e64693a42504d4e53686170653e0a2020202020203c62706d6e64693a42504d4e53686170652062706d6e456c656d656e743d226578636c75736976656761746577617937222069643d2242504d4e53686170655f6578636c75736976656761746577617937223e0a20202020202020203c6f6d6764633a426f756e6473206865696768743d2234302e30222077696474683d2234302e302220783d223235302e302220793d223238302e30223e3c2f6f6d6764633a426f756e64733e0a2020202020203c2f62706d6e64693a42504d4e53686170653e0a2020202020203c62706d6e64693a42504d4e456467652062706d6e456c656d656e743d22666c6f7732222069643d2242504d4e456467655f666c6f7732223e0a20202020202020203c6f6d6764693a776179706f696e7420783d2234352e302220793d223130372e30223e3c2f6f6d6764693a776179706f696e743e0a20202020202020203c6f6d6764693a776179706f696e7420783d2239302e302220793d223130372e30223e3c2f6f6d6764693a776179706f696e743e0a2020202020203c2f62706d6e64693a42504d4e456467653e0a2020202020203c62706d6e64693a42504d4e456467652062706d6e456c656d656e743d22666c6f7733222069643d2242504d4e456467655f666c6f7733223e0a20202020202020203c6f6d6764693a776179706f696e7420783d223139352e302220793d223130372e30223e3c2f6f6d6764693a776179706f696e743e0a20202020202020203c6f6d6764693a776179706f696e7420783d223235302e302220793d223130372e30223e3c2f6f6d6764693a776179706f696e743e0a2020202020203c2f62706d6e64693a42504d4e456467653e0a2020202020203c62706d6e64693a42504d4e456467652062706d6e456c656d656e743d22666c6f7734222069643d2242504d4e456467655f666c6f7734223e0a20202020202020203c6f6d6764693a776179706f696e7420783d223237302e302220793d223132372e30223e3c2f6f6d6764693a776179706f696e743e0a20202020202020203c6f6d6764693a776179706f696e7420783d223237302e302220793d223139302e30223e3c2f6f6d6764693a776179706f696e743e0a20202020202020203c62706d6e64693a42504d4e4c6162656c3e0a202020202020202020203c6f6d6764633a426f756e6473206865696768743d2231342e30222077696474683d2233362e302220783d2231302e302220793d22302e30223e3c2f6f6d6764633a426f756e64733e0a20202020202020203c2f62706d6e64693a42504d4e4c6162656c3e0a2020202020203c2f62706d6e64693a42504d4e456467653e0a2020202020203c62706d6e64693a42504d4e456467652062706d6e456c656d656e743d22666c6f7735222069643d2242504d4e456467655f666c6f7735223e0a20202020202020203c6f6d6764693a776179706f696e7420783d223239302e302220793d223130372e30223e3c2f6f6d6764693a776179706f696e743e0a20202020202020203c6f6d6764693a776179706f696e7420783d223335382e302220793d223130372e30223e3c2f6f6d6764693a776179706f696e743e0a20202020202020203c62706d6e64693a42504d4e4c6162656c3e0a202020202020202020203c6f6d6764633a426f756e6473206865696768743d2231342e30222077696474683d2232342e302220783d222d32342e302220793d222d31372e30223e3c2f6f6d6764633a426f756e64733e0a20202020202020203c2f62706d6e64693a42504d4e4c6162656c3e0a2020202020203c2f62706d6e64693a42504d4e456467653e0a2020202020203c62706d6e64693a42504d4e456467652062706d6e456c656d656e743d22666c6f7736222069643d2242504d4e456467655f666c6f7736223e0a20202020202020203c6f6d6764693a776179706f696e7420783d223436332e302220793d223130372e30223e3c2f6f6d6764693a776179706f696e743e0a20202020202020203c6f6d6764693a776179706f696e7420783d223439352e302220793d223130372e30223e3c2f6f6d6764693a776179706f696e743e0a2020202020203c2f62706d6e64693a42504d4e456467653e0a2020202020203c62706d6e64693a42504d4e456467652062706d6e456c656d656e743d22666c6f7737222069643d2242504d4e456467655f666c6f7737223e0a20202020202020203c6f6d6764693a776179706f696e7420783d223533352e302220793d223130372e30223e3c2f6f6d6764693a776179706f696e743e0a20202020202020203c6f6d6764693a776179706f696e7420783d223539302e302220793d223130372e30223e3c2f6f6d6764693a776179706f696e743e0a20202020202020203c62706d6e64693a42504d4e4c6162656c3e0a202020202020202020203c6f6d6764633a426f756e6473206865696768743d2231342e30222077696474683d2232342e302220783d222d32322e302220793d222d31372e30223e3c2f6f6d6764633a426f756e64733e0a20202020202020203c2f62706d6e64693a42504d4e4c6162656c3e0a2020202020203c2f62706d6e64693a42504d4e456467653e0a2020202020203c62706d6e64693a42504d4e456467652062706d6e456c656d656e743d22666c6f7738222069643d2242504d4e456467655f666c6f7738223e0a20202020202020203c6f6d6764693a776179706f696e7420783d223634322e302220793d223133352e30223e3c2f6f6d6764693a776179706f696e743e0a20202020202020203c6f6d6764693a776179706f696e7420783d223634322e302220793d223238332e30223e3c2f6f6d6764693a776179706f696e743e0a2020202020203c2f62706d6e64693a42504d4e456467653e0a2020202020203c62706d6e64693a42504d4e456467652062706d6e456c656d656e743d22666c6f7739222069643d2242504d4e456467655f666c6f7739223e0a20202020202020203c6f6d6764693a776179706f696e7420783d223531352e302220793d223132372e30223e3c2f6f6d6764693a776179706f696e743e0a20202020202020203c6f6d6764693a776179706f696e7420783d223531342e302220793d223231372e30223e3c2f6f6d6764693a776179706f696e743e0a20202020202020203c6f6d6764693a776179706f696e7420783d223332332e302220793d223231372e30223e3c2f6f6d6764693a776179706f696e743e0a20202020202020203c62706d6e64693a42504d4e4c6162656c3e0a202020202020202020203c6f6d6764633a426f756e6473206865696768743d2231342e30222077696474683d2233362e302220783d2231302e302220793d22302e30223e3c2f6f6d6764633a426f756e64733e0a20202020202020203c2f62706d6e64693a42504d4e4c6162656c3e0a2020202020203c2f62706d6e64693a42504d4e456467653e0a2020202020203c62706d6e64693a42504d4e456467652062706d6e456c656d656e743d22666c6f773130222069643d2242504d4e456467655f666c6f773130223e0a20202020202020203c6f6d6764693a776179706f696e7420783d223235302e302220793d223330302e30223e3c2f6f6d6764693a776179706f696e743e0a20202020202020203c6f6d6764693a776179706f696e7420783d223134322e302220793d223239392e30223e3c2f6f6d6764693a776179706f696e743e0a20202020202020203c6f6d6764693a776179706f696e7420783d223134322e302220793d223133352e30223e3c2f6f6d6764693a776179706f696e743e0a20202020202020203c62706d6e64693a42504d4e4c6162656c3e0a202020202020202020203c6f6d6764633a426f756e6473206865696768743d2231342e30222077696474683d2234382e302220783d2231302e302220793d22302e30223e3c2f6f6d6764633a426f756e64733e0a20202020202020203c2f62706d6e64693a42504d4e4c6162656c3e0a2020202020203c2f62706d6e64693a42504d4e456467653e0a2020202020203c62706d6e64693a42504d4e456467652062706d6e456c656d656e743d22666c6f773131222069643d2242504d4e456467655f666c6f773131223e0a20202020202020203c6f6d6764693a776179706f696e7420783d223237302e302220793d223234352e30223e3c2f6f6d6764693a776179706f696e743e0a20202020202020203c6f6d6764693a776179706f696e7420783d223237302e302220793d223238302e30223e3c2f6f6d6764693a776179706f696e743e0a2020202020203c2f62706d6e64693a42504d4e456467653e0a2020202020203c62706d6e64693a42504d4e456467652062706d6e456c656d656e743d22666c6f773132222069643d2242504d4e456467655f666c6f773132223e0a20202020202020203c6f6d6764693a776179706f696e7420783d223239302e302220793d223330302e30223e3c2f6f6d6764693a776179706f696e743e0a20202020202020203c6f6d6764693a776179706f696e7420783d223632352e302220793d223330302e30223e3c2f6f6d6764693a776179706f696e743e0a20202020202020203c62706d6e64693a42504d4e4c6162656c3e0a202020202020202020203c6f6d6764633a426f756e6473206865696768743d2231342e30222077696474683d2234382e302220783d2231302e302220793d22302e30223e3c2f6f6d6764633a426f756e64733e0a20202020202020203c2f62706d6e64693a42504d4e4c6162656c3e0a2020202020203c2f62706d6e64693a42504d4e456467653e0a202020203c2f62706d6e64693a42504d4e506c616e653e0a20203c2f62706d6e64693a42504d4e4469616772616d3e0a3c2f646566696e6974696f6e733e, 0),
('3', 1, 'leave.png', '1', 0x89504e470d0a1a0a0000000d494844520000043c00000191080200000006b23423000031ac49444154789ceddd7f6c9ce77d18703a8e6d2688610deb626548ed6bf78789668988a580f4d72ca758c4015b426041cce50f8540904441bbd4188696d9e06858e309c39aa95d6aa85ba2121bbc7128e410a893698d9db289ed6ab623cbb19530b615d3b19d32b195d0b3649f254a7af78ae75ccff7f339f2ee9ef7c7e78307c2e978f7f27d9ff7fb7ebfcf9747de8d250000001936167b07000000bad1b400000099a669010000324dd3020000649aa6050000c8344d0b000090699a16000020d3342d000040a6695a0000804cd3b400000099a669010000324dd3020000649aa6050000c8344d0b000090699a16000020d3342d000040a6695a0000804cd3b400000099a669010000324dd3020000649aa6050000c8344d0b000090699a16000020d3342d000040a6695a0000804cd3b400000099a669010000324dd3020000649aa6050000c8344d0b000090699a16000020d3342d000040a6695a0000804cd3b400000099a669010000324dd3020000649aa6050000c8344d0b000090699a16000020d3342d000040a6695a0000804cd3b400000099a669010000324dd3020000649aa6050000c8344d0b000090699a16000020d3342d000040a6695a0000804cd3b400000099a669010000324dd3020000649aa6050000c8344d0b000090699a16000020d3342d000040a6695a0000804cd3b400000099a669010000324dd3020000649aa6050000c8344d0b000090699a16000020d3342d000040a6695a0000804cd3b400000099a669010000324dd3020000649aa6050000c8344d0b000090699a16000020d3342d000040a6695a0000804cd3b400000099a669010000324dd3020000649aa6050000c8344d0b000090699a16000020d3342d3d54abd5858585999999ddbb77572a95b1b24a8f3d9d81e9e9e9f9f9f9b5b5b5d8a7850c718dd4b846f245dcd6885b202f342ddd1c3d7a344de86955bbebaebbeebdefbea74f9d3abfbe5ece911e7b3a03478e1cd9bb776f3a2769798b7d72c804d7886b248fc4adb8057247d3d2dedadadaececec9e3d7b9e7bfeb9f3ebe78dc6f1e24b2fa6e52d9d9cd5d5d5d8278a685c23ae913c12b7e216c8294d4b1b69559b9c9cfccae12f9f5f3f67741af77ced9e9d3b77aeacacc43e5d44e01a718de491b815b7407e695ada989d9ddda86aaf1bddc7bdf77de3e69bff61ecd34504ae11d7481e895b710be497a6a5d9d1a347f7ecf9e0fa85aa11327ee777ffd51d77fc5eec93c648b9465c2379246ec52d906b9a9637a956ab954ae5f91756d62fbc66848c33677fbe63c7fb969797639f3a46c435e21ac923712b6e81bcd3b4bcc9fcfcfcecececfa8557ebe396a97f12f8c6918dcf2ad5b8e38e7f37373717fbd43122ae11d7481e895b710be49da6e54da6a7a78fdcfdbffea6aa7d70cf5f27c9b31793a7d693ef9d4b1e3b973c72e6c2c1bbbff9e72fbcfcd0f9e4ff569387aac9fdaf26df783df9c3fb1fffd4be4f47af3151c6778e1f9b9c9c8c7dea86abf68e433ec420718d14f11a2943788bdbe2c52d50369a96379998983879f2d1f50b676b636c6cec4c929cbd94bc7c21f9d9f9e4d524f997fffaf3636f79c7ae0f4ebfb09e3c772e79eef564a59a3c7d21f9d3bf7a6ce30772674b38ce9c3d3d3e3e1efbd40d51ba98bbf9e69bbf72f8f0eeddbb8bbdb00be11a29d8355292f016b7058b5ba08406d0b454abd5c5c5c5fdfbf74f4f4feffe85a9a9a9f49e8585857c55c16ddbb6bd74fa85f50b676a23ad55af5e4cce5dbcfca50b972efffb675fff3f7ff7effdfd7ff385dfbf9024af5c485e5e4f7eb69ea447f88d87bfbb51d8ce9473a4c71ef7c40d4f6d49f7c8778e9f5fbf90fe5bec855d08d74891ae91f284b7b82d52dc02e5b4a57c94f62a6973323e3e9eb62b698b72e4c8ddf7def7cddab8e76b5fbffdf6cfcfcccca4a562d7ae5d79f990dd8de2f44a7da4ff3d7b2139fd5a72fee21b0f482bfa7ffad21fffde7ffcd2733fbefcd95beb9792f31b05efc1ef3cd6f4dc528da216b6c6255d6d6464611771c25d2385b946b213de23981c715b98b8054a6b93f9e8c48913696d4b7b95b439a917bc4ee3fe071edcbbf7e39393934b4b4b03ddf9c1db284effaf3e2e17b68bc98baf263f3993ac27c9f973e7266eba696ceccab1b1f18ffcf3bd8d4f7ce4f8a34dcf2dd52864616b5dd20d6f61d7fdef807b3e66807b12b2abae91025c23430def0cc6b3b82d46dc0265b6997c74e0c081b403b9f7be6ff66c579a6a615a23f7eddb57ad56077e1883b2519c5eae8fb18d5f2138fd5af2e357929fbe9e3c72f287d75f7ffd956fbdfa6dd7fdd2ccc7de54d81efecef1a6e7966a14afb0755ad20da96fe932814d5f6afc6f9469778d14e01a19767867309ec56d01e21628b9fef251da6fcccccccccdcdf5d5ae348e3fbaf3ceb41caeaeae0ee978b668a338add547fadfd72e253fab5efe69dc8baf27f73dbcfcde1defffa5bff3ceebb6fdad3ffe6f7ffa7a929c3997bc7aeef213ef3ff670d3734b350a56d8ba2fe986d1b7d426b0ed8f9c3b7d69043f9ceeb4abae915c5f232308ef0cc6b3b8cd7bdc02f4918fd28e65d7ae5d0b0b0b9bee58eabf2d966e676565656807b5796982be70e1e7f551cbd7696d7b793df9f9f9e4c7afac3ff8f8ca8e7ff0ebb7fca37ffcd373c94faac94fabc9e973495adaee7fe8e1a6e7966a14a9b0852ce906deb704fe64baf561a39f79d748aeaf91d1847706e359dce63a6e0192be9a96999999ad772cf57298f62d19fc3db1a6e2b4fb969bbffbfda71e797cf9d889e5078e2f3ff0e8930f7ef7d45f3cf4bdbf7afc996f1d7ff2dbc77ff0c0a33f38f6d8938f3ff5a33bffcbe18fdefad1e8054661dba2f025dd60fb969e3f99ae3f2ce26b2cf57d708de4f41a19597867309ec56d7ee316a026341f1d3870602bbf15d63a8e1cb97b7a7a7aa8c7b6091b85ed678de3377ff3d31d7f83a1c13ffbc8479a9e58aa518cc2d6ef926e807d4beb7aaeed9da3fcc97427ae919c5e23a30cef0cc6b3b8cd69dc02d405e5a313274e4c4e4e0eb063a98d4f7dead3870e1d1af611f665a3b09d36fa1d05286c9b5bd20daa6f095fe4b5daf437ddf4ae468fb73c8eb8d7c888c33b83f12c6ef318b7008d82f251dab16caeda751fcf3dffc28d375632f54b62970bdbc5978c7e47de0b5beb92ee9eaf7dfda69b269e3e75aa6de8bef8d2e91d3b767ce5f0e141f52df5f55ceb02aeeddc469c70d748eeae91d1877706e359dce62e6e019af4ce478b8b8bd3d3d303ef586ae3b39ffded83070f8ee038036d14b6178d7e47ae0b5bdb25ddf8f8787a506953ddbab0ab2de96a8bb041f52d5d26b0fea5a6355feb8dd1708de4eb1a8912de198c67719bafb80568d53b1fa585aadf8f64e9ebc596eddbb78fe038036d14b69f1afd8efc16b62e4bba9aa6855de3926e807dcb2616795dee1c2ad7488eae9158e19dc17816b7398a5b80b67ae4a3b43e6ddbb66d481d4b6decdcb9f3d8b163a339da9e360adb4f8c7e474e0b5beb92ee953367d32ebae9775aea0bbbd6255d2a5d02a6bdf716fb964ebf33d3f6976a9a76a0d3d387c43592976b24627867309ec56d5ee216a0931ef9687e7e7e767676a84dcb17eeb8636e6e6e34475bb3b0b0d0e95362360adbaad1efc85a61eb728aeb3afd69727a4fdaa8b72eec8e3ffa68db25dd3d5ffb7aeb1606f8b99351b846b27c8d08ef4ec46d96e316608b7ae4a37dfbf61d3a7468a84dcbbdf77d332d81a339dad4934f3e59abc7d75e7bed9123479abeaab015a0b0753fc535dddf4ca9edc2eeeaabaf0e59d2657f61d7936b24cbd788f0ee44dc66396e01b6ae473e9a9a9aea54b706359e3e75eac61b2ba339da54b55a7dcb5bde52ab6d575d75d57bdef39ec69fcc6d14b6bf36fa1d992a6cdd4f7112f6f6af6d1776814bba2c2fec42b846b27c8d08ef4ec46d96e31660eb7ae4a321bdd971e378e5ccd9b4408ee6686b9a7eabfb6d6f7bdb273ef189da3b2fa7ffbd78f1c746bf236b85adcb290effc08a2e0bbb9e4bbacc2eec02b946b27c8d08ef4ec46d96e316608b7ae4a3b40634fe15e690469a16d3e2d7e5c77ea374f1e20b46bf632c4b67b0bb744917fe6e787fb1f497575e7965d316aeb8e28ac387ff24700bb5df7ecccbe4048a1e6f791c6323b946847717d163208f634cd30264468f7c343131f1c4c99323685a4673b435d75d775dbd8c4d6f488beef2f272f2c64fe39e37fa1d592b6c5d4ef1891327d285dd8b2f9dee19966ddf4ca9a6ed075cb4dd42fa7dd3ef187b3efae61ac9f23522bc3b11b7598e5b802dea918f86fa212db531e2bf69595b5bab95b4b41ffbe4273f99febbb0b050ffea46617b6e13a3fb13eb5fedf0f3bfa08d747a7ad34642f6aa717f02bf75cf1d1bd919eca9fb294ec216765d9674810bbb0c2ee9020de91a19d4d5b4f5c70c3cfe47798d08ef4ea2c76d781cb6dd99887b3882b805d8ba1ef9687676b6f1c3c58631ee7fe0c19d3b778ee66853cf3efbecf8f8f8d4d454a552999b9b6bfa85ec8db2f1a3be464bf3f0a3a6ffd61fd6e9e99d6eb76ea7e746baac42da6ea7e796c327616467b0a7eea7b8a6fbc2aeed92ee8a2bae085fd8657049176ee0d7c826c2a9e785d636b663c5ff28af11e1dd49f4b8ed72eaebf1d925f0ba0473ac3d1f60dc026c5d8f7c74f0e0c1cf7ef6b787dab4a44dd1debd1f1fc9c1be617171717e7ebeeddbf90fa43cf4b5126a7a70d3535aff1bb81a0bdcb141addeb256d8ba9ce2ba4e0bbb4e1fb1f787fff94b6d3fe0a2756197cd255d5f867d8d045e147dc570c4f81ff13522bc3b891bb721c1dc98e75b4337a40a8c7eff477e1a01daeb918fd2ec5fa95486dab4ecd9b3e7e8d1a3a339da9e36cac3b37d8dc6a7d46ed7ef69bdd1e9e9ad1b69fbac7e77afede31bfa9cfe76b5fb378a7dea36a37561d76949577b33a54e1fccd7b8b0cbf2926e203617215b8fdba6e86d143dfeb3798d08ef462388dbad44786340367d35ee9ee734b70385d43b1f0df56ff15f3973362d93b5b7a4cc82cbe5e1d24abfa3f6acfa739bfedb74bbed739b6eb75996056fa7edaaae71239d1edc7dfb3d6720f6a9dba4d685dddebd1f6fbba4ab8dd6855dda75a7619cf7255db84d0749bf17d4e61e1325fe337b8d08efba11c46df780ec149cf5fbbb3c38ca9e478c5b80b67ae7a3a1fe86d8ef7ff18be9c647709c8136cac333e1a3f3f2e899c64d75d96cd397eaffedf4f44edf31e4895dbe4be3163631725dd8ba2cecda7e6045e3c2ae304bba705b8993c058ea74c9f40cfe58f19fe56b4478d70cfbfcf60ce9b651ddf4a5883b99b5b80568d53b1f55abd54aa5328c4f6b49cbe18d375656575747709c81366ac60fb738ea1b69bdd1e9c12d2bb01fb6fe1bfedd3b2fecdef498c03d0cfca6b14fdd96b45dd875f988bddac2ae484bba7003b9467a5e3e3dbf4b533cc78dff8c5f23c23b197edc86c46a97b06c2a044d0f8eb5e771e316a049503e5a5858f8e8adb716fe6596e48dc276aaafd152814ed537d27aa3edd3dbded3fa6fe0161affdbf6767d3f03f7307012629fbaad6a5dd875ff58f1274e9e2cd2922edc1643a567207509ecee22c67ff6af11e13d8253dce9bcb79686b661d92562a3ec7916e216a051683efad0873f7ce4c8dd03ec58d2a2b863c78eb42e0ef5f0fab5511e9eee6b343ea576bb7e4feb8dee4f6f7d4ad3bfbd166d4f777f58a7efd27d0f032721f6a91b80f00fe66b1cc558d285db62a8f47b35f5fbc828f19f8b6ba4e4e13d8253dc3356bbe7edc6078c3838b31cb70075a1f9686d6d6de7ce9d83fa8bfcda9bd83c7dead4508f6d1336cac3537d8dc6a7d46e37149e368fe9f4f4fa733b6d3cf09e4edfb7ededc61deeb9abdd2721f6a91b8c7e17768559d285db5c84f47b29758aedce0d49ccf8cfcb3552e6f01ede990d0fec2e11de29ff47dcedecc42d404d1ff968797939ed5bba7f4c726021fcd0873f7ccfd7be3ebca3dab4cd352d4d8ba7904ea3ed97dab61f7d752981dfb7b152367d9792372d493f0bbb222de9c20d6915d53356c3afa9d1c77f8eae91d28677dca6a567326f7d40a7a78c7ee7639f3a8037f4978fd202b663c78efb1f7870d31dcb13274fa69d4f363b9664a3b05dbaf4645fa3f129b5dbad1b69bbd97a9fd3f691ad9b0ddc42e0f76dfb5dba6fadfb24c43e758314b2b02bd8922edce62224fc220af96a60a08e2cfef3758d9433bc877766c3e3b035db377da9affc3fb29d8f7dea00ded0773e5a5b5b4b0bdeedb77fbedfdf8d7ee5ccd9dfffe2176bbf63368c2319888df2f003a3df51bcc2d67d6157bc255d38d74801ae911286b7b82d40dc0225b7997c54ad56d3a6e5a69b26d226a4fe0e33ddc7570e1f4e1fffd9cffe765a0e077e0c03b451d8968d7e47210b5ba7855d219774e15c23c5b846ca16dee2b618710b94d9e6f3d1eaeaea6db7ddb66ddbb60f7df8c3694fd2fa069ae93d77ddf53f3e7aebade963f6eefdf8cacacae0767b58360adbf78d7e47510b5bebc2aea84bba70ae91c25c23a50a6f715b98b8054a6babf9a85aad2e2e2ecececeeed8b163eccdd27bd28e656161616d6d6d20fb3a02e3e3e3afbdf6e8a54bdf33fa1a052e6c8d0bbb022fe9c2b9468a748d9427bcc56d91e2162827f9e84d2a95ca33cffcf9a54b278dbe46b10b5b6d61f7f4a953055ed285738d14ec1a2949788bdb82c52d5042f2d19b4c4d4dfdefa3872e254f18e1e3fbcb7f36313111fbd40d57ba984b173d055ed285738d14ef1af9d0873e54f8f016b7c58b5ba06c342d6f72e0c081b9b94f442f15f91a7f32ff85d9d9d9d8a76ee8ca708c215c23c5bb46caf0d374715bbcb805caa6f8b5aa2f2b2b2b1313bff25af5914bc9e346e0989efec0e2e262ec5337746558d885708d14ef1a29436c8bdbe2c52d5036c5af55fdda7fd9be4bc9778d90f13f17fec3cccc54ec93360a6558d805728d14ec1a29496c8bdb82c52d5036a5a8557da956abbb77fffab163ff3d491e33ba8fd5d5fb26267e656dedfed8276d144ab2b00be11a29d8355292d816b7058b5ba06c4a51abfab5bcbc3c3979d3f2f262929c303a8db4aaa52b80a5a52fc73e5d235292855d20d74891ae91f2c4b6b82d52dc026553965ad5af63c78ea5b5edc0817f91248f1aad6371f18b131395a5a5ff1afb448d4e791676815c2385b9464a15dbe2b630710b944d896a55bfaad5eadcdceceeddef9f9fffb7ababdf4892e3c6dada5f2e2cfcfb99993dd3d3bbd3dbb14fd148956a6117c835528c6ba46cb12d6e8b11b740d994ab566dc2d2d2d2ecec3fddbefd6f8f3136b66ddbb533331f4c6b5becd312c158c91676e15c238df2788d8c9532b6c56da33cc62d503665ac5539e5fdf2e31a2be5c28e3210db71c9ed0021d4aa7c78e8a187d285c5dada5aec1d292f0b3b8a4a6cc765fe0142c895f970c30d37a485edb77eebb762ef487959585054623b2ef30f1042aecc813ff8833fa8fddaf1bbdef5ae13274ec4de9d92b2b0a0a8c4765ce61f20845c99756b6b6be3e3e3b5a6e5eaabaf7efffbdf1f7b8f4acac282a212db71997f80107265d64d4f4f37bec7cb0d37dc303f3f1f7ba7cac8c282a212db71997f80107265a6adadadb5be37e5bbdffdee6ab51a7bd74ac7c282a212db71997f80107265a67df9cb5fae352aef7def7beb4dcbaffddaaf2d2d2dc5deb5d2b1b0a0a8c4765ce61f20845c9969dffef6b7dff18e77542a956ddbb6a5856dfb8677bef39d9a96d1b3b0a0a8c4765ce61f20845c9975274e9c585959497e51d8d2dbde402c0a0b0b8a4a6cc765fe0142c895b9a1b0c565fe292ab11d97f907082157e686c21697f9a7a8c4765ce61f20845c991b0a5b5ce69fa212db71997f801072656e286c71997f8a4a6cc765fe0142c895b9a1b0c565fe292ab11d97f907082157e686c21697f9a7a8c4765ce61f20845c991b0a5b5ce69fa212db71997f801072656e286c71997f8a4a6cc765fe0142c895b9a1b0c565fe292ab11d97f907082157e686c21697f9a7a8c4765ce61f20845c991b0a5b5ce69fa212db71997f801072656e286c71997f8a4a6cc765fe0142c895b9a1b0c565fe292ab11d97f907082157e686c21697f9a7a8c4765ce61f20845c991b0a5b5c51e6df49670484595ce61f20845c991b0a5b5cdde77fac979087f57cccd00f9252125a71997f801072656e286c71f53bff6d1fdf65234d5f6afcaf53cf5009b0b8cc3f4008b9323714b6b806d8b4b47d09a5d397bcd8c2b089abb8cc3f4008b9323714b6b8fa9aff4e0f0e7ca5a5f561ce3ec323bae232ff0021e4cadc50d8e20a9fffa6174f5a37d2e59596c62d788d85d1105d71997f801072656e286c7105ce7f5307d2f62f557adee99516464974c565fe0142c895b9a1b0c51532ff6d7b95d6db214d8b575a1819d11597f907082157e686c21657f7f96fea2bdab62549437fd2fdd7c302bf290c84308bcbfc0384902b7343618b6b647f88dfe917cc04004322b4e232ff0021e4cadc50d8e28ad5b474b91306425cc565fe0142c895b9a1b0c535bca625f03dc4fadd070824aee232ff0021e4cadc50d8e232ff1495d88ecbfc0384902b7343618bcbfc5354623b2ef30f1042aecc0d852d2ef34f5189edb8cc3f4008b9323714b6b8cc3f4525b6e332ff0021e4cadc50d8e232ff1495d88ecbfc0384902b7343618bcbfc5354623b2ef30f1042aecc0d852d2ef34f5189edb8cc3f4008b9323714b6b8cc3f4525b6e332ff0021e4cadc50d8e232ff1495d88ecbfc0384902b7343618bcbfc5354623b2ef30f1042aecc0d856df4161616d2691f1f1f9f9c9c4c6f6cdfbe3dfdf7ed6f7ffbf2f272ec5d8381915be232ff0021e4cadc50d846efab5ffdea588b5b6eb965717131f6aec1c0c82d71997f801072656e286ca357ad56afb9e69ac68ee57def7bdff6eddbd7d6d662ef1a0c8cdc1297f907082157e686c216c5e73ef7b9b7bef5adf5a6e5339ff9ccdcdc5cec9d8241925be232ff0021e4cadc50d862b9fefaeb6b1dcbadb7de5aa954aad56aec3d8241925be232ff0021e4cadc50d862f9d6b7be75d55557a5f33f3535e5af59281eb9252ef30f1042aecc0d852da20f7ce003b5a625f68ec0e0c92d71997f801072656e286c11adaeaea6f3ef9d8e2924b9252ef30f1042aecc0d852d2ef34f5189edb8cc3f4008b93237ca59d8aad5eac2c2c2cccccceeddbb2b954aeba7a694447aece90c4c4f4fcfcfcf7bc365066bac94b9253bcc3f4008b932374a58d88e1e3d9a2ed6d38ee5aebbeebaf7befb9e3e75eafcfa7a39477aece90c1c397264efdebde99ca4ad4bec9343719430b7648af907082157e646a90adbdadadaececec9e3d7b9e7bfeb9f3ebe78dc6f1e24b2fa6ad4b3a39abababb14f144550aadc9241e61f20845c991be5296c69c7323939f995c35f3ebf7ecee834eef9da3d3b77ee5c5959897dbac8bdf2e4966c32ff0021e4cadc284f619b9d9ddde8585e37ba8f7beffbc6cd37ffc3d8a78bdc2b4f6ec926f30f1042aecc8d9214b6a3478feed9f3c1f50b552364fcceeffeab3beef8bdd8278d7c2b496ec92cf30f1042aecc8d3214b66ab55aa9549e7f6165fdc26b46c83873f6e73b76bccf07c8b01565c82d5966fe0142c895b95186c2363f3f3f3b3bbb7ee1d5fab865ea9f04be2970e3b34a35eeb8e3dfcdcdcdc53e75e45819724b96997f801072656e94a1b04d4f4f1fb9fb7ffd4dc7f2c13d7f9d24cf5e4c9e5a4fbe772e79ec5cf2c8990b07effee69fbff0f243e793ff5b4d1eaa26f7bf9a7ce3f5e40fef7ffc53fb3e1dbd7f8832be73fcd8e4e464ec53478e9521b76499f907082157e646190adbc4c4c4c9938fae5f385b1be9219f4992b39792972f243f3b9fbc9a24fff25f7f7eec2defd8f5c1e917d693e7ce25cfbd9eac5493a72f247ffa578f6dbcd872b684e3ccd9d3e3e3e3b14f1d395686dc9265e61f20845c991b65286cdbb66d7be9f40beb17ced4467ac8af5e4cce5dbcfca50b972efffb675fff3f7ff7effdfd7ff385dfbf9024af5c485e5e4f7eb69eac25c9371efeee46d372a69ca30cb1c1f0889fb8cc3f4008b93237ca50d8361a8f57ea23fdefd90bc9e9d792f317df78c0dadada7ffad21fffde7ffcd2733fbefcb98aeb9792f31bcdcc83df79ace9b9a51a65880d8647fcc465fe0142c895b95186c2b6d178fcbffab8dcb45c4c5e7c35f9c999643d49ce9f3b3771d34d6363578e8d8d7fe49fef6d7ce223c71f6d7a6ea946196283e1113f71997f801072656e94a1b06d341e2fd747edd7c34ebf96fcf895e4a7af278f9cfce1f5d75f7fe55baf7edb75bf34f3b137352d0f7fe778d3734b35ca101b0c8ff889cbfc0384902b73a30c856da3f158ab8ff4bfaf5d4a7e56bdfc4acb8baf27f73dbcfcde1defffa5bff3ceebb6fdad3ffe6f7ffa7a929c3997bc7aeef213ef3ff670d3734b35ca101b0cc9eaeaeaf6eddb63ef45a9b97e0142c895b95186c2961ee3850b3faf8fda21a77dcbcbebc9cfcf273f7e65fdc1c75776fc835fbfe51ffde39f9e4b7e524d7e5a4d4e9f4bd2b6e5fe871e6e7a6ea94619628321595959a9542ab1f7a2d45cbf0021e4cadc2843616b6a3c76df72f377bfffd4238f2f1f3bb1fcc0f1e5071e7df2c1ef9efa8b87bef7578f3ff3ade34f7efbf80f1e78f407c71e7bf2f1a77e74e77f39fcd15b3f1abd79d0b4903b478f1e9d9a9a8abd17a5e6fa05082157e646190adb46d3f2b3c6f19bbff9e9b100ffec231f697a62a94619628321d9bf21f65e949aeb1720845c991b65286c1b4dcb69a3df5186d86048a6a6a68e1e3d1a7b2f4acdf50b1042aecc8d3214b6cb4dcbc5978c7e4719628361585d5dad542ad56a35f68e949aeb1720845c991b65286c1b4dcb8b46bfa30cb1c1301c3c78f0b6db6e8bbd1765e7fa05082157e646190adb46d3f253a3df5186d860e0aad56aa552595d5d8dbd2365e7fa05082157e646190adb46d3f213a3df5186d860e0666767e7e7e763ef05a5c8ed005b2757e646190adb46d3b26af43b3ac5c6c2c2c2cacaca68cf21f970f0e0c17dfbf6c5de0b2e2b436e07d83ab93237ca50d8342d03695ad6d6d63ef6b18fd5de0cfa5def7a97be8546d56a75767656c7921d65c8ed005b2757e646190adb46d3f2d746bfa331360e1d3a343e3e5eeb58d21bdbb76ff7470bd4a4ddecc183072b958adf0acb9432e47680ad932b73a30c852d3dc68b177f6cf43b6ab1b1bcbcfcabbffaab8d9fb9b96bd7ae74851afbac12d9d2d2d2810307a6a7a7d360b8edb6db34b1595386dc0eb07572656e94a1b06d342d2f18fd8e74de76efde3d06eda4b1313737b7b8b8b8b6b616fb12a78db112e47680ad932b73a30c856dec72d3f2bcd1efa8c5c6cacaca6ffcc66ffcf22fff727db57aedb5d74e4e4ec63eab445686d4916b4e104008b93237ca50d8369a96e7063b1ab7d9f6e7d05d1e1cb8d92e770ee388da7edffa1c1e3d7af4c61b6f7cf7bbdf5d3bba6baeb9c6e79de745cfd74c421ed6f331f18e8ff69c14801072656e94a1b06d2cf17f34f051df6cebf66bf7b4eb647ed4f4df4edb0cdc60a7ed0cea001ba731ed52f6efdf7fc30d374c4e4ea6ff9e387122d609658bda5ef55d5241d3971aff5b860492534e0d4008b93237ca50d886b7acefd4bd34dd686c395a9b932e3fbdeef91d877d5cad93b9b2b2323f3fbfb8b838faf3c8a074695adabe84d2e94bad8f243b9c11801072656e94a1b06d2cf19f1ddea86dbfa1d378b6fe1d5b9a90679b1e1078bbf1ced66d0eefb8629f3a06afd369ed72bac7babeb4224eb2c97901082157e646190adbe595fda595c18e371a865fdcee74a3fec8a67b9a36d5fd76d3d35bb730a45186d8289ba6174f9abe94747da5a5710bad8f216b9c17801072656e94a1b06d2cf19f19f8a86fb6ed32aef1319dfeedf2f4c68d343eabfbc3067e80b14f1d83d4d481349ddfb6cd4cdba6a5ed66c91ae70520845c991b65286c1bcbfa1f0e7cd437dbbafdda3dad0f687c64f73b431edcf65b0ff600639f3a06a66dafd27a3ba4696935d43d67739c17801072656e94a1b06dacec4f0d7cd4375bbbd1f0ba47f33d9d5f2179d376426e77dac8900e30f6a963009afa8ab66d49d2d09fb436246d234178649c13041042aecc8d3214b68d95fdd3031ff5cdd66eb4fedbe9f1adf777ee6ada7faf9edb1cd401c63e750c5ea7d3dae574b736366def27539c14801072656e94a1b06dacec9f1af8f8455ff154fddfa67bea0f6b7c7ce3c39a1e1072bb5d6333f843ab7fafd8a78ec11b60d3d2e54ea273460042c895b95186c236bca6a5b5bbe8de6f846fb37b83d4f3f19a163ae9ab69a9f7c64d0f68ea9cbb6c96589c11801072656e94a1b0a5c778e9d293431a4d1baf2fe31a6f77d2736badf7373ea0d346067868b14f1db049ae5f801072656e94a1b06dacec7f60f43bca101b5054ae5f801072656e94a1b06d342dcb46bfa30cb10145e5fa05082157e646190adb46d3f27da3df5186d880a272fd0284902b73a30c856d7c7cfcb5d71ebd74e97b465fa30cb10145e5fa05082157e646190a5ba55279e6993fbf74e9a4d1d728436c4051b97e0142c895b95186c2363535f5bf8f1eba943c61848fef2fffd9c4c444ec53076c5219723bc0d6c995b95186c276e0c081b9b94f446f03f235fe64fe0bb3b3b3b14f1db04965c8ed005b2757e646190adbcacacac4c4afbc567de452f2b81138a6a73fb0b8b818fbd4019b5486dc0eb07572656e94a4b0edbf6cdfa5e4bb46c8f89f0bff6166662af6490336af24b91d608be4cadc284961ab56abbb77fffab163ff3d491e33ba8fd5d5fb26267e656dedfed8270dd8bc92e476802d922b73a33c856d79797972f2a6e5e5c5243961741a69c79276774b4b5f8e7dba802d294f6e07d80ab932374a55d88e1d3b96f62d070efc8b2479d4681d8b8b5f9c98a82c2dfdd7d8270ad8aa52e576804d932b73a36c85ad5aadcecdcdeedefdfef9f97fbbbafa8d24396eacadfde5c2c2bf9f99d9333dbd3bbd1dfb14010350b6dc0eb03972656e94b3b02d2d2dcdcefed3eddbfff6186363dbb65d3b33f3c1b46f897d5a8081192b656e07e8975c991b0a5b5c3e0b051806b91d20845c991b0a5b5ce61f1806b90520845c991b0a5b5ce61f1806b90520845c991b0a5b5ce61f1806b90520845c991b0a5b5ce61f1806b90520845c991b0a5b5ce61f1806b90520845c991b0a5b5ce61f1806b90520845c991b0a5b5ce61f1806b90520845c991b0a5b5ce61f1806b90520845c991b0a5b5ce61f1806b90520845c991b0a5b5ce61f1806b90520845c991b0a5b5ce61f1806b90520845c991b0a5b5ce61f1806b90520845c991b0a5b5ce61f1806b90520845c991b0a5b5ce61f1806b90520845c991b0a5b5ce61f1806b90520845c991b0a5b5ce61f1806b90520845c991b0a5b5ce61f1806b90520845c991b0a5b5ce61f1806b90520845c991b0a5b5ce61f1806b90520845c991b0a5b5ce61f1806b90520845c991b0a5b5ce61f1806b90520845c991b0a5b5ce61f1806b90520845c991b0a5b5ce61f1806b90520845c991b0a5b5ce61f1806b90520845c991b0a5b5ce61f1806b90520845c991b0a5b5ce61f1806b90520845c991bfd16b6b106219bdaca9d452dba0b0b0be9a18d8f8f4f4e4ea637b66fdf9efefbf6b7bf7d797939f6ae010551d4fc09305872656ef42c6c636f16f8989e8fef72ff58077d1c55b67df5ab5f6d3dba5b6eb965717131f6ae010551a49c09303c72656ef455d8c21fdcf665937ebb91a216dd6ab57acd35d734cec0fbdef7beeddbb7afadadc5de3520c7bc8a0bd0af62ae350ba97b63d0a5d368ec371a37527fb5a4cb37ea74bbcbf7edffc832ed739ffbdc5bdffad6fad17de6339f999b9b8bbd5340be791517a05f455b621658cf7e20b0d968ea55421a9ba6dbadcd49f17a9546d75f7f7ded906fbdf5d64aa552ad5663ef11906f5ec505e85791d79a0513d2b4f47c99a5f5fed6d75b7a6ea7f159dd1f560cdffad6b7aebaeaaaf4b8a6a6a6fc1c141808afe202f4a568ebcb020b695a7adeeef4d590e7b6bd5d92975c3ef0810fd49a96d83b021487577101c215738959485b7fa5a5f531c9209a9662bfcc52b3baba9a1e9abf910506c8abb800e18ab9c42ca4befa81ee0feef94a4b48f3d3f61b15b569490a7d68402c5ec50508641d961b837aa5a5cbbfaddfc82b2d356b6b6bb3b3b3fe4616182cafe202042ae612b390b6fe4a4bebcb239d5e30e9f94d9b7ebb6c733b991769af72f3cd377fe5f0e1ddbb77eb5b80c12a64da041838b932377afec657774d8f4c3abf8a12f24ddb763b857ca5a5d6b13cf29de3e7d72fa4ffea5b802daa56ab8b8b8bfbf7ef9f9e9edefd0b535353e93df3f3f3abababb17710208b8ab6c42cb0f1f171ef2d33628d1d4b6de85b804d4b7b95b451e9f933a6c9c9c943870e49f8008d342db951a95456565662ef4589b4762cfa16607396969676eddad5b35d6994e67c6f290650a769c98dc9c9c913274ec4de8bb2e8d4b1e85b80be54abd5d9d9d9d6d7527ee7777ef7c891bbefbdef9bf571fbed9fdfb3674fd323a7a7a7a51a8044d39223e92a79696929f65e9442f78e45df02045a5d5d6d7a81e5b39ffdeda74f9dea925b5e7ce9f41fdd79e7f6eddb1b5f72f1132b004d4b6ecccecececfcfc7de8be20be958f42d404f2b2b2b69bf51ef3da6a6a6bab72b4dadcbedb77fbefedcf1f1f163c78ec53e208098342db991762c69df127b2f0a2ebc63d1b7005d54abd5c6d758be70c71d8159a571dc75d7ff48db95faeb2dde580c28334d4b6e2c2f2f4f4c4cc4de8b22ebb763d1b7009dccccccd43b962347eede44c752cf30dbb66dab6d274d35b10f0b201a4d4b9ef85bfce1d95cc7a26f015a2d2e2e6ef13596c671cfd7be5edfdac18307631f1c401c9a963c49cbd56db7dd167b2f0aa8b56349570937dd34d1e917d05f7ce9f48e1d3bbe72f8b0be056835393959ff3b962d762cb551fffb96eddbb7fbfc16a09c342d7992d62abfd63c706d3b96daef91df7863a5b56fa9752cb50584be0568b2b0b050ffebf9e79e7f61204dcb2b67ced6df4fcc8fae8072d2b4e4ccd2d2925f6b1ea02e1d4b4d53dfd2d8b1e85b80566912a8bfbbf1403a96da48534d6db3dbb66d8b7d880011685af267fffefd7ed23610ad1d4be38f335bfb96d68ea5f587a9fa1628b3f4daaf278741bdcc521f692eaa6dd967760125a469c9a5b9b9b9a9a9292be3ade8f497f78defd5d3d8b71c7ff4d1b61dcb3d5ffb7aeb16f42d50600b0b0b2b2b2b6dbf343f3f5f4b0e6912186cc7928e4f7dead3b58da72560b4470c109fa625af8e1e3d5aa954f6efdfef4f5c36a1fb7b85b5ed5baebefaea908e45df02c5f6e4934fd632c0b5d75e7be4c891a6afeedbb7aff6d5adbf6958ebb8f7be6fd636be6bd7ae28c70e1091a625c7d23571dab4a4adcbd4d4547ac32f0c040a7977e3b67d4b60c7a26f8102ab56ab6f79cb5b6a79e0aaabae7acf7bded3f8aa4b9a8d6b5fea9e1f36379e3e75aab6f134edc79b008038342db99756d0a3478fa64d4bfdaf3fe922fcf358baf42d3d3b167d0b1458d35fbebded6d6ffbc4273e517b27e2fa9b1d6fee439f7a8efa378d3d0700a326f1512e69c772ef7ddf0c5c1ffcc5d25f5e79e5954d1dcb15575c71f8f09f84ff3ac7ee0d836cbc80acaaf7339d3ee5698ba3befdd8a91460d4243ecae5c4891369dff2e24ba77b2e0edabe57584ddbcf6f69bb85b45d49bf63ec8326a39a969edd57a281ebd42e0fab7da92998c3f69437b9eebaebea1338bd21bdd2979797d32f4d4c4cd4ee7fe2e4c961342df537648f3d0700a326f1513a217d4b978e25b06fd1b1d053f7a6a5e70ff55b9fd27d3bad5fb5f6dd84fa9b1aa7fdc9273ff9c9f4df858585fa57eb2fab86bfa21b3ed2ac52dbb88f6a014a48c5a28cbaf72d6d3b962baeb822bc6fd1b1d0536317d1b621e9f4f8b6f777696c5abf5dcf6dd2c5b3cf3e3b3e3e3e353555a954e6e6e69afe686d7676b636f37f74e79d036f5a9e3879b2b6f1c9c9c958870f108b8a454975ea5b3a7d82e41ffee72fb5fdfc96d6be45c7424f812d44a756a47b03d3f33bf6dc0edd2d2e2ececfcfb7fda89603070ed42676efde8f0fbc69f9c21d77d4363e333333f28306884cc5a2bc5afb964e1d4bedbdc23a7dee6463dfa2632144db9ea16dd3d2f376a73bdb76295bdc6d7a5a5e5eae4d759a2b5e397376b04d4b9aaf6a1b4f5ba6d8070a306a6a18a5d6dab7ecddfbf1b61d4b6db4f62d7bf6eca92f4d742cf4a5e7ab1f3d6f77da42974d757a008352a9546a737be4c8dd03ec58ea1fd232b6f1d6edb18f1260d4542ccaae4bdfd2f6f3581afb161d0b9b16d230746a453a35339dbe455fcf628be6e6e66ab3bd63c78e01bed8f2a10f7fb8b6d9e9e9e9d887081081ba05edfb962e9f2059eb5b742c6c5a53fbd1f3d58f901746ea9b4adafdaa58d3fd9a96e1595b5bab7f9aca17eeb863201dcbfd0f3c588f0179062827750b2e6bed5bba7fa0f513274fea581894eeaf8174e946421ed6daae746f90d8ba83070fd65fadddfa7b1f3f7dea54bd0bdab76f5fec83038843c58237847fee64e3d0b1b069ad2f8024ed5e24e974a3edfddd5b974eff65e076edda553bbf69bf11f259b49dc62b67ced6df1d24ddd4eaea6aec23038843dd82bfd16fdfa26361735affc2a4f5d58fd6c7b43ebd534ba369896e6565a5fec76f69b3d1fd95db4ee3b9e75fa8772ce3e3e34b4b4bb10f0b201a750bde24bc6fd1b13028dd7f3dacfbfd9d9edeb6e7196b678b3b4f27698f519fe4b4e5e8f7e326ef7fe0c1fa6f85a50e1e3c18fb80006252aea05948dfa263017a5a5c5c6c7c93f41d3b76747a7b8fa617583e7aebad8d8da58e0540d3026d74ef5b742c40a0e5e5e5898989c60e246d5d6ebffdf34f9c3cd9daabfcd19d77eed9b3a7f1c169cfe3b7c200124d0b74d2a96fd1b1007d595b5bdbbf7ffff8f878db5fcfdbb97367a72fcdccccf8cb7b801a4d0b74d4dab7e85880cd49db8fd9d9d9b6cd49ab34cf1c3b762cf62e036488a605ba69ec5b742cc01655abd5858585b47b999c9c6c6a542a95caf4f4f4a14387bcba02d04ad3023dd4fa96a74f9dd2b1000044a16981ded25ea552a9e8580000a2d0b400000099a669010000324dd3020000649aa6050000c8344d0b000090699a16000020d3342d000040a6695a0000804cd3b400000099a669010000324dd3020000649aa6050000c8344d0b000090699a16000020d3342d000040a6695a0000804cd3b400000099a669010000324dd3020000649aa6050000c8344d0b000090699a16000020d3342d000040a6695a0000804cd3b400000099a669010000324dd3020000649aa6050000c8344d0b000090699a16000020d3342d000040a6695a0000804cd3b400000099a669010000324dd3020000649aa6050000c8344d0b000090699a16000020d3342d000040a6695a0000804cd3b400000099a669010000324dd3020000649aa6050000c8344d0b000090699a16000020d3342d000040a6695a0000804cd3b400000099a669010000324dd3020000649aa6050000c8344d0b000090699a16000020d3342d000040a6695a0000804cd3b400000099a669010000324dd3020000649aa6050000c8344d0b000090699a16000020d3342d000040a6695a0000804cd3b400000099a669010000324dd3020000649aa6050000c8344d0b000090699a16000020d3342d000040a6695a0000804cd3b400000099a669010000324dd3020000649aa6050000c8344d0b000090699a16000020d3342d000040a6695a0000804cd3b400000099f6ff016d2647bcce5d0c400000000049454e44ae426082, 0);

-- --------------------------------------------------------

--
-- 表的结构 `act_ge_property`
--

CREATE TABLE IF NOT EXISTS `act_ge_property` (
  `NAME_` varchar(64) COLLATE utf8_bin NOT NULL DEFAULT '',
  `VALUE_` varchar(300) COLLATE utf8_bin DEFAULT NULL,
  `REV_` int(11) DEFAULT NULL,
  PRIMARY KEY (`NAME_`)
) ENGINE=InnoDB DEFAULT CHARSET=utf8 COLLATE=utf8_bin;

--
-- 转存表中的数据 `act_ge_property`
--

INSERT INTO `act_ge_property` (`NAME_`, `VALUE_`, `REV_`) VALUES
('next.dbid', '201', 3),
('schema.history', 'create(5.12)', 1),
('schema.version', '5.12', 1);

-- --------------------------------------------------------

--
-- 表的结构 `act_hi_actinst`
--

CREATE TABLE IF NOT EXISTS `act_hi_actinst` (
  `ID_` varchar(64) COLLATE utf8_bin NOT NULL,
  `PROC_DEF_ID_` varchar(64) COLLATE utf8_bin NOT NULL,
  `PROC_INST_ID_` varchar(64) COLLATE utf8_bin NOT NULL,
  `EXECUTION_ID_` varchar(64) COLLATE utf8_bin NOT NULL,
  `ACT_ID_` varchar(255) COLLATE utf8_bin NOT NULL,
  `TASK_ID_` varchar(64) COLLATE utf8_bin DEFAULT NULL,
  `CALL_PROC_INST_ID_` varchar(64) COLLATE utf8_bin DEFAULT NULL,
  `ACT_NAME_` varchar(255) COLLATE utf8_bin DEFAULT NULL,
  `ACT_TYPE_` varchar(255) COLLATE utf8_bin NOT NULL,
  `ASSIGNEE_` varchar(64) COLLATE utf8_bin DEFAULT NULL,
  `START_TIME_` datetime NOT NULL,
  `END_TIME_` datetime DEFAULT NULL,
  `DURATION_` bigint(20) DEFAULT NULL,
  PRIMARY KEY (`ID_`),
  KEY `ACT_IDX_HI_ACT_INST_START` (`START_TIME_`),
  KEY `ACT_IDX_HI_ACT_INST_END` (`END_TIME_`),
  KEY `ACT_IDX_HI_ACT_INST_PROCINST` (`PROC_INST_ID_`,`ACT_ID_`),
  KEY `ACT_IDX_HI_ACT_INST_EXEC` (`EXECUTION_ID_`,`ACT_ID_`)
) ENGINE=InnoDB DEFAULT CHARSET=utf8 COLLATE=utf8_bin;

-- --------------------------------------------------------

--
-- 表的结构 `act_hi_attachment`
--

CREATE TABLE IF NOT EXISTS `act_hi_attachment` (
  `ID_` varchar(64) COLLATE utf8_bin NOT NULL,
  `REV_` int(11) DEFAULT NULL,
  `USER_ID_` varchar(255) COLLATE utf8_bin DEFAULT NULL,
  `NAME_` varchar(255) COLLATE utf8_bin DEFAULT NULL,
  `DESCRIPTION_` varchar(4000) COLLATE utf8_bin DEFAULT NULL,
  `TYPE_` varchar(255) COLLATE utf8_bin DEFAULT NULL,
  `TASK_ID_` varchar(64) COLLATE utf8_bin DEFAULT NULL,
  `PROC_INST_ID_` varchar(64) COLLATE utf8_bin DEFAULT NULL,
  `URL_` varchar(4000) COLLATE utf8_bin DEFAULT NULL,
  `CONTENT_ID_` varchar(64) COLLATE utf8_bin DEFAULT NULL,
  PRIMARY KEY (`ID_`)
) ENGINE=InnoDB DEFAULT CHARSET=utf8 COLLATE=utf8_bin;

-- --------------------------------------------------------

--
-- 表的结构 `act_hi_comment`
--

CREATE TABLE IF NOT EXISTS `act_hi_comment` (
  `ID_` varchar(64) COLLATE utf8_bin NOT NULL,
  `TYPE_` varchar(255) COLLATE utf8_bin DEFAULT NULL,
  `TIME_` datetime NOT NULL,
  `USER_ID_` varchar(255) COLLATE utf8_bin DEFAULT NULL,
  `TASK_ID_` varchar(64) COLLATE utf8_bin DEFAULT NULL,
  `PROC_INST_ID_` varchar(64) COLLATE utf8_bin DEFAULT NULL,
  `ACTION_` varchar(255) COLLATE utf8_bin DEFAULT NULL,
  `MESSAGE_` varchar(4000) COLLATE utf8_bin DEFAULT NULL,
  `FULL_MSG_` longblob,
  PRIMARY KEY (`ID_`)
) ENGINE=InnoDB DEFAULT CHARSET=utf8 COLLATE=utf8_bin;

-- --------------------------------------------------------

--
-- 表的结构 `act_hi_detail`
--

CREATE TABLE IF NOT EXISTS `act_hi_detail` (
  `ID_` varchar(64) COLLATE utf8_bin NOT NULL,
  `TYPE_` varchar(255) COLLATE utf8_bin NOT NULL,
  `PROC_INST_ID_` varchar(64) COLLATE utf8_bin DEFAULT NULL,
  `EXECUTION_ID_` varchar(64) COLLATE utf8_bin DEFAULT NULL,
  `TASK_ID_` varchar(64) COLLATE utf8_bin DEFAULT NULL,
  `ACT_INST_ID_` varchar(64) COLLATE utf8_bin DEFAULT NULL,
  `NAME_` varchar(255) COLLATE utf8_bin NOT NULL,
  `VAR_TYPE_` varchar(255) COLLATE utf8_bin DEFAULT NULL,
  `REV_` int(11) DEFAULT NULL,
  `TIME_` datetime NOT NULL,
  `BYTEARRAY_ID_` varchar(64) COLLATE utf8_bin DEFAULT NULL,
  `DOUBLE_` double DEFAULT NULL,
  `LONG_` bigint(20) DEFAULT NULL,
  `TEXT_` varchar(4000) COLLATE utf8_bin DEFAULT NULL,
  `TEXT2_` varchar(4000) COLLATE utf8_bin DEFAULT NULL,
  PRIMARY KEY (`ID_`),
  KEY `ACT_IDX_HI_DETAIL_PROC_INST` (`PROC_INST_ID_`),
  KEY `ACT_IDX_HI_DETAIL_ACT_INST` (`ACT_INST_ID_`),
  KEY `ACT_IDX_HI_DETAIL_TIME` (`TIME_`),
  KEY `ACT_IDX_HI_DETAIL_NAME` (`NAME_`),
  KEY `ACT_IDX_HI_DETAIL_TASK_ID` (`TASK_ID_`)
) ENGINE=InnoDB DEFAULT CHARSET=utf8 COLLATE=utf8_bin;

-- --------------------------------------------------------

--
-- 表的结构 `act_hi_procinst`
--

CREATE TABLE IF NOT EXISTS `act_hi_procinst` (
  `ID_` varchar(64) COLLATE utf8_bin NOT NULL,
  `PROC_INST_ID_` varchar(64) COLLATE utf8_bin NOT NULL,
  `BUSINESS_KEY_` varchar(255) COLLATE utf8_bin DEFAULT NULL,
  `PROC_DEF_ID_` varchar(64) COLLATE utf8_bin NOT NULL,
  `START_TIME_` datetime NOT NULL,
  `END_TIME_` datetime DEFAULT NULL,
  `DURATION_` bigint(20) DEFAULT NULL,
  `START_USER_ID_` varchar(255) COLLATE utf8_bin DEFAULT NULL,
  `START_ACT_ID_` varchar(255) COLLATE utf8_bin DEFAULT NULL,
  `END_ACT_ID_` varchar(255) COLLATE utf8_bin DEFAULT NULL,
  `SUPER_PROCESS_INSTANCE_ID_` varchar(64) COLLATE utf8_bin DEFAULT NULL,
  `DELETE_REASON_` varchar(4000) COLLATE utf8_bin DEFAULT NULL,
  PRIMARY KEY (`ID_`),
  UNIQUE KEY `PROC_INST_ID_` (`PROC_INST_ID_`),
  UNIQUE KEY `ACT_UNIQ_HI_BUS_KEY` (`PROC_DEF_ID_`,`BUSINESS_KEY_`),
  KEY `ACT_IDX_HI_PRO_INST_END` (`END_TIME_`),
  KEY `ACT_IDX_HI_PRO_I_BUSKEY` (`BUSINESS_KEY_`)
) ENGINE=InnoDB DEFAULT CHARSET=utf8 COLLATE=utf8_bin;

-- --------------------------------------------------------

--
-- 表的结构 `act_hi_taskinst`
--

CREATE TABLE IF NOT EXISTS `act_hi_taskinst` (
  `ID_` varchar(64) COLLATE utf8_bin NOT NULL,
  `PROC_DEF_ID_` varchar(64) COLLATE utf8_bin DEFAULT NULL,
  `TASK_DEF_KEY_` varchar(255) COLLATE utf8_bin DEFAULT NULL,
  `PROC_INST_ID_` varchar(64) COLLATE utf8_bin DEFAULT NULL,
  `EXECUTION_ID_` varchar(64) COLLATE utf8_bin DEFAULT NULL,
  `NAME_` varchar(255) COLLATE utf8_bin DEFAULT NULL,
  `PARENT_TASK_ID_` varchar(64) COLLATE utf8_bin DEFAULT NULL,
  `DESCRIPTION_` varchar(4000) COLLATE utf8_bin DEFAULT NULL,
  `OWNER_` varchar(255) COLLATE utf8_bin DEFAULT NULL,
  `ASSIGNEE_` varchar(255) COLLATE utf8_bin DEFAULT NULL,
  `START_TIME_` datetime NOT NULL,
  `CLAIM_TIME_` datetime DEFAULT NULL,
  `END_TIME_` datetime DEFAULT NULL,
  `DURATION_` bigint(20) DEFAULT NULL,
  `DELETE_REASON_` varchar(4000) COLLATE utf8_bin DEFAULT NULL,
  `PRIORITY_` int(11) DEFAULT NULL,
  `DUE_DATE_` datetime DEFAULT NULL,
  `FORM_KEY_` varchar(255) COLLATE utf8_bin DEFAULT NULL,
  PRIMARY KEY (`ID_`)
) ENGINE=InnoDB DEFAULT CHARSET=utf8 COLLATE=utf8_bin;

-- --------------------------------------------------------

--
-- 表的结构 `act_hi_varinst`
--

CREATE TABLE IF NOT EXISTS `act_hi_varinst` (
  `ID_` varchar(64) COLLATE utf8_bin NOT NULL,
  `PROC_INST_ID_` varchar(64) COLLATE utf8_bin DEFAULT NULL,
  `EXECUTION_ID_` varchar(64) COLLATE utf8_bin DEFAULT NULL,
  `TASK_ID_` varchar(64) COLLATE utf8_bin DEFAULT NULL,
  `NAME_` varchar(255) COLLATE utf8_bin NOT NULL,
  `VAR_TYPE_` varchar(100) COLLATE utf8_bin DEFAULT NULL,
  `REV_` int(11) DEFAULT NULL,
  `BYTEARRAY_ID_` varchar(64) COLLATE utf8_bin DEFAULT NULL,
  `DOUBLE_` double DEFAULT NULL,
  `LONG_` bigint(20) DEFAULT NULL,
  `TEXT_` varchar(4000) COLLATE utf8_bin DEFAULT NULL,
  `TEXT2_` varchar(4000) COLLATE utf8_bin DEFAULT NULL,
  PRIMARY KEY (`ID_`),
  KEY `ACT_IDX_HI_PROCVAR_PROC_INST` (`PROC_INST_ID_`),
  KEY `ACT_IDX_HI_PROCVAR_NAME_TYPE` (`NAME_`,`VAR_TYPE_`)
) ENGINE=InnoDB DEFAULT CHARSET=utf8 COLLATE=utf8_bin;

-- --------------------------------------------------------

--
-- 表的结构 `act_id_group`
--

CREATE TABLE IF NOT EXISTS `act_id_group` (
  `ID_` varchar(64) COLLATE utf8_bin NOT NULL DEFAULT '',
  `REV_` int(11) DEFAULT NULL,
  `NAME_` varchar(255) COLLATE utf8_bin DEFAULT NULL,
  `TYPE_` varchar(255) COLLATE utf8_bin DEFAULT NULL,
  PRIMARY KEY (`ID_`)
) ENGINE=InnoDB DEFAULT CHARSET=utf8 COLLATE=utf8_bin;

--
-- 转存表中的数据 `act_id_group`
--

INSERT INTO `act_id_group` (`ID_`, `REV_`, `NAME_`, `TYPE_`) VALUES
('c', 1, '本公司管理员', 'assignment'),
('d', 1, '部门管理员', 'assignment'),
('deptLeader', 2, '系统管理员', 'assignment'),
('e', 1, '本部门管理员', 'assignment'),
('f', 1, '普通用户', 'assignment'),
('g', 1, '山东省管理员', 'assignment'),
('hr', 1, '公司管理员', 'assignment');

-- --------------------------------------------------------

--
-- 表的结构 `act_id_info`
--

CREATE TABLE IF NOT EXISTS `act_id_info` (
  `ID_` varchar(64) COLLATE utf8_bin NOT NULL DEFAULT '',
  `REV_` int(11) DEFAULT NULL,
  `USER_ID_` varchar(64) COLLATE utf8_bin DEFAULT NULL,
  `TYPE_` varchar(64) COLLATE utf8_bin DEFAULT NULL,
  `KEY_` varchar(255) COLLATE utf8_bin DEFAULT NULL,
  `VALUE_` varchar(255) COLLATE utf8_bin DEFAULT NULL,
  `PASSWORD_` longblob,
  `PARENT_ID_` varchar(255) COLLATE utf8_bin DEFAULT NULL,
  PRIMARY KEY (`ID_`)
) ENGINE=InnoDB DEFAULT CHARSET=utf8 COLLATE=utf8_bin;

-- --------------------------------------------------------

--
-- 表的结构 `act_id_membership`
--

CREATE TABLE IF NOT EXISTS `act_id_membership` (
  `USER_ID_` varchar(64) COLLATE utf8_bin NOT NULL DEFAULT '',
  `GROUP_ID_` varchar(64) COLLATE utf8_bin NOT NULL DEFAULT '',
  PRIMARY KEY (`USER_ID_`,`GROUP_ID_`),
  KEY `ACT_FK_MEMB_GROUP` (`GROUP_ID_`)
) ENGINE=InnoDB DEFAULT CHARSET=utf8 COLLATE=utf8_bin;

--
-- 转存表中的数据 `act_id_membership`
--

INSERT INTO `act_id_membership` (`USER_ID_`, `GROUP_ID_`) VALUES
('11', 'c'),
('4', 'c'),
('12', 'd'),
('5', 'd'),
('1', 'deptLeader'),
('2', 'deptLeader'),
('9', 'deptLeader'),
('13', 'e'),
('6', 'e'),
('14', 'f'),
('7', 'g'),
('10', 'hr'),
('3', 'hr'),
('7', 'hr'),
('8', 'hr');

-- --------------------------------------------------------

--
-- 表的结构 `act_id_user`
--

CREATE TABLE IF NOT EXISTS `act_id_user` (
  `ID_` varchar(64) COLLATE utf8_bin NOT NULL DEFAULT '',
  `REV_` int(11) DEFAULT NULL,
  `FIRST_` varchar(255) COLLATE utf8_bin DEFAULT NULL,
  `LAST_` varchar(255) COLLATE utf8_bin DEFAULT NULL,
  `EMAIL_` varchar(255) COLLATE utf8_bin DEFAULT NULL,
  `PWD_` varchar(255) COLLATE utf8_bin DEFAULT NULL,
  `PICTURE_ID_` varchar(64) COLLATE utf8_bin DEFAULT NULL,
  PRIMARY KEY (`ID_`)
) ENGINE=InnoDB DEFAULT CHARSET=utf8 COLLATE=utf8_bin;

--
-- 转存表中的数据 `act_id_user`
--

INSERT INTO `act_id_user` (`ID_`, `REV_`, `FIRST_`, `LAST_`, `EMAIL_`, `PWD_`, `PICTURE_ID_`) VALUES
('1', 2, 'Administrator', '', '959009@qq.com', '', NULL),
('10', 1, '山东省分公司技术部', '', 'thinkgem@163.com', '', NULL),
('11', 1, '济分公司领导', '', 'thinkgem@163.com', '', NULL),
('12', 1, '济分历城领导', '', 'thinkgem@163.com', '', NULL),
('13', 1, '济分历下领导', '', 'thinkgem@163.com', '', NULL),
('14', 1, '济分历下综合部', '', 'thinkgem@163.com', '', NULL),
('2', 1, '管理员', '', 'thinkgem@163.com', '', NULL),
('3', 1, '综合部', '', 'thinkgem@163.com', '', NULL),
('4', 1, '市场部', '', 'thinkgem@163.com', '', NULL),
('5', 1, '技术部', '', 'thinkgem@163.com', '', NULL),
('6', 1, '研发部', '', 'thinkgem@163.com', '', NULL),
('7', 1, '山分领导', '', 'thinkgem@163.com', '', NULL),
('8', 1, '山分综合部', '', 'thinkgem@163.com', '', NULL),
('9', 1, '山分市场部', '', 'thinkgem@163.com', '', NULL);

-- --------------------------------------------------------

--
-- 表的结构 `act_re_deployment`
--

CREATE TABLE IF NOT EXISTS `act_re_deployment` (
  `ID_` varchar(64) COLLATE utf8_bin NOT NULL DEFAULT '',
  `NAME_` varchar(255) COLLATE utf8_bin DEFAULT NULL,
  `CATEGORY_` varchar(255) COLLATE utf8_bin DEFAULT NULL,
  `DEPLOY_TIME_` timestamp NOT NULL DEFAULT CURRENT_TIMESTAMP ON UPDATE CURRENT_TIMESTAMP,
  PRIMARY KEY (`ID_`)
) ENGINE=InnoDB DEFAULT CHARSET=utf8 COLLATE=utf8_bin;

--
-- 转存表中的数据 `act_re_deployment`
--

INSERT INTO `act_re_deployment` (`ID_`, `NAME_`, `CATEGORY_`, `DEPLOY_TIME_`) VALUES
('1', 'SpringAutoDeployment', NULL, '2013-07-19 13:37:13');

-- --------------------------------------------------------

--
-- 表的结构 `act_re_model`
--

CREATE TABLE IF NOT EXISTS `act_re_model` (
  `ID_` varchar(64) COLLATE utf8_bin NOT NULL,
  `REV_` int(11) DEFAULT NULL,
  `NAME_` varchar(255) COLLATE utf8_bin DEFAULT NULL,
  `KEY_` varchar(255) COLLATE utf8_bin DEFAULT NULL,
  `CATEGORY_` varchar(255) COLLATE utf8_bin DEFAULT NULL,
  `CREATE_TIME_` timestamp NULL DEFAULT NULL,
  `LAST_UPDATE_TIME_` timestamp NULL DEFAULT NULL,
  `VERSION_` int(11) DEFAULT NULL,
  `META_INFO_` varchar(4000) COLLATE utf8_bin DEFAULT NULL,
  `DEPLOYMENT_ID_` varchar(64) COLLATE utf8_bin DEFAULT NULL,
  `EDITOR_SOURCE_VALUE_ID_` varchar(64) COLLATE utf8_bin DEFAULT NULL,
  `EDITOR_SOURCE_EXTRA_VALUE_ID_` varchar(64) COLLATE utf8_bin DEFAULT NULL,
  PRIMARY KEY (`ID_`),
  KEY `ACT_FK_MODEL_SOURCE` (`EDITOR_SOURCE_VALUE_ID_`),
  KEY `ACT_FK_MODEL_SOURCE_EXTRA` (`EDITOR_SOURCE_EXTRA_VALUE_ID_`),
  KEY `ACT_FK_MODEL_DEPLOYMENT` (`DEPLOYMENT_ID_`)
) ENGINE=InnoDB DEFAULT CHARSET=utf8 COLLATE=utf8_bin;

-- --------------------------------------------------------

--
-- 表的结构 `act_re_procdef`
--

CREATE TABLE IF NOT EXISTS `act_re_procdef` (
  `ID_` varchar(64) COLLATE utf8_bin NOT NULL,
  `REV_` int(11) DEFAULT NULL,
  `CATEGORY_` varchar(255) COLLATE utf8_bin DEFAULT NULL,
  `NAME_` varchar(255) COLLATE utf8_bin DEFAULT NULL,
  `KEY_` varchar(255) COLLATE utf8_bin NOT NULL,
  `VERSION_` int(11) NOT NULL,
  `DEPLOYMENT_ID_` varchar(64) COLLATE utf8_bin DEFAULT NULL,
  `RESOURCE_NAME_` varchar(4000) COLLATE utf8_bin DEFAULT NULL,
  `DGRM_RESOURCE_NAME_` varchar(4000) COLLATE utf8_bin DEFAULT NULL,
  `DESCRIPTION_` varchar(4000) COLLATE utf8_bin DEFAULT NULL,
  `HAS_START_FORM_KEY_` tinyint(4) DEFAULT NULL,
  `SUSPENSION_STATE_` int(11) DEFAULT NULL,
  PRIMARY KEY (`ID_`),
  UNIQUE KEY `ACT_UNIQ_PROCDEF` (`KEY_`,`VERSION_`)
) ENGINE=InnoDB DEFAULT CHARSET=utf8 COLLATE=utf8_bin;

--
-- 转存表中的数据 `act_re_procdef`
--

INSERT INTO `act_re_procdef` (`ID_`, `REV_`, `CATEGORY_`, `NAME_`, `KEY_`, `VERSION_`, `DEPLOYMENT_ID_`, `RESOURCE_NAME_`, `DGRM_RESOURCE_NAME_`, `DESCRIPTION_`, `HAS_START_FORM_KEY_`, `SUSPENSION_STATE_`) VALUES
('leave:1:4', 1, 'http://www.kafeitu.me/demo/activiti/leave', '请假流程', 'leave', 1, '1', 'leave.bpmn20.xml', 'leave.png', '请假流程演示', 0, 1);

-- --------------------------------------------------------

--
-- 表的结构 `act_ru_event_subscr`
--

CREATE TABLE IF NOT EXISTS `act_ru_event_subscr` (
  `ID_` varchar(64) COLLATE utf8_bin NOT NULL,
  `REV_` int(11) DEFAULT NULL,
  `EVENT_TYPE_` varchar(255) COLLATE utf8_bin NOT NULL,
  `EVENT_NAME_` varchar(255) COLLATE utf8_bin DEFAULT NULL,
  `EXECUTION_ID_` varchar(64) COLLATE utf8_bin DEFAULT NULL,
  `PROC_INST_ID_` varchar(64) COLLATE utf8_bin DEFAULT NULL,
  `ACTIVITY_ID_` varchar(64) COLLATE utf8_bin DEFAULT NULL,
  `CONFIGURATION_` varchar(255) COLLATE utf8_bin DEFAULT NULL,
  `CREATED_` timestamp NOT NULL DEFAULT CURRENT_TIMESTAMP ON UPDATE CURRENT_TIMESTAMP,
  PRIMARY KEY (`ID_`),
  KEY `ACT_IDX_EVENT_SUBSCR_CONFIG_` (`CONFIGURATION_`),
  KEY `ACT_FK_EVENT_EXEC` (`EXECUTION_ID_`)
) ENGINE=InnoDB DEFAULT CHARSET=utf8 COLLATE=utf8_bin;

-- --------------------------------------------------------

--
-- 表的结构 `act_ru_execution`
--

CREATE TABLE IF NOT EXISTS `act_ru_execution` (
  `ID_` varchar(64) COLLATE utf8_bin NOT NULL DEFAULT '',
  `REV_` int(11) DEFAULT NULL,
  `PROC_INST_ID_` varchar(64) COLLATE utf8_bin DEFAULT NULL,
  `BUSINESS_KEY_` varchar(255) COLLATE utf8_bin DEFAULT NULL,
  `PARENT_ID_` varchar(64) COLLATE utf8_bin DEFAULT NULL,
  `PROC_DEF_ID_` varchar(64) COLLATE utf8_bin DEFAULT NULL,
  `SUPER_EXEC_` varchar(64) COLLATE utf8_bin DEFAULT NULL,
  `ACT_ID_` varchar(255) COLLATE utf8_bin DEFAULT NULL,
  `IS_ACTIVE_` tinyint(4) DEFAULT NULL,
  `IS_CONCURRENT_` tinyint(4) DEFAULT NULL,
  `IS_SCOPE_` tinyint(4) DEFAULT NULL,
  `IS_EVENT_SCOPE_` tinyint(4) DEFAULT NULL,
  `SUSPENSION_STATE_` int(11) DEFAULT NULL,
  `CACHED_ENT_STATE_` int(11) DEFAULT NULL,
  PRIMARY KEY (`ID_`),
  UNIQUE KEY `ACT_UNIQ_RU_BUS_KEY` (`PROC_DEF_ID_`,`BUSINESS_KEY_`),
  KEY `ACT_IDX_EXEC_BUSKEY` (`BUSINESS_KEY_`),
  KEY `ACT_FK_EXE_PROCINST` (`PROC_INST_ID_`),
  KEY `ACT_FK_EXE_PARENT` (`PARENT_ID_`),
  KEY `ACT_FK_EXE_SUPER` (`SUPER_EXEC_`)
) ENGINE=InnoDB DEFAULT CHARSET=utf8 COLLATE=utf8_bin;

-- --------------------------------------------------------

--
-- 表的结构 `act_ru_identitylink`
--

CREATE TABLE IF NOT EXISTS `act_ru_identitylink` (
  `ID_` varchar(64) COLLATE utf8_bin NOT NULL DEFAULT '',
  `REV_` int(11) DEFAULT NULL,
  `GROUP_ID_` varchar(255) COLLATE utf8_bin DEFAULT NULL,
  `TYPE_` varchar(255) COLLATE utf8_bin DEFAULT NULL,
  `USER_ID_` varchar(255) COLLATE utf8_bin DEFAULT NULL,
  `TASK_ID_` varchar(64) COLLATE utf8_bin DEFAULT NULL,
  `PROC_INST_ID_` varchar(64) COLLATE utf8_bin DEFAULT NULL,
  `PROC_DEF_ID_` varchar(64) COLLATE utf8_bin DEFAULT NULL,
  PRIMARY KEY (`ID_`),
  KEY `ACT_IDX_IDENT_LNK_USER` (`USER_ID_`),
  KEY `ACT_IDX_IDENT_LNK_GROUP` (`GROUP_ID_`),
  KEY `ACT_IDX_ATHRZ_PROCEDEF` (`PROC_DEF_ID_`),
  KEY `ACT_FK_TSKASS_TASK` (`TASK_ID_`),
  KEY `ACT_FK_IDL_PROCINST` (`PROC_INST_ID_`)
) ENGINE=InnoDB DEFAULT CHARSET=utf8 COLLATE=utf8_bin;

-- --------------------------------------------------------

--
-- 表的结构 `act_ru_job`
--

CREATE TABLE IF NOT EXISTS `act_ru_job` (
  `ID_` varchar(64) COLLATE utf8_bin NOT NULL,
  `REV_` int(11) DEFAULT NULL,
  `TYPE_` varchar(255) COLLATE utf8_bin NOT NULL,
  `LOCK_EXP_TIME_` timestamp NULL DEFAULT NULL,
  `LOCK_OWNER_` varchar(255) COLLATE utf8_bin DEFAULT NULL,
  `EXCLUSIVE_` tinyint(1) DEFAULT NULL,
  `EXECUTION_ID_` varchar(64) COLLATE utf8_bin DEFAULT NULL,
  `PROCESS_INSTANCE_ID_` varchar(64) COLLATE utf8_bin DEFAULT NULL,
  `PROC_DEF_ID_` varchar(64) COLLATE utf8_bin DEFAULT NULL,
  `RETRIES_` int(11) DEFAULT NULL,
  `EXCEPTION_STACK_ID_` varchar(64) COLLATE utf8_bin DEFAULT NULL,
  `EXCEPTION_MSG_` varchar(4000) COLLATE utf8_bin DEFAULT NULL,
  `DUEDATE_` timestamp NULL DEFAULT NULL,
  `REPEAT_` varchar(255) COLLATE utf8_bin DEFAULT NULL,
  `HANDLER_TYPE_` varchar(255) COLLATE utf8_bin DEFAULT NULL,
  `HANDLER_CFG_` varchar(4000) COLLATE utf8_bin DEFAULT NULL,
  PRIMARY KEY (`ID_`),
  KEY `ACT_FK_JOB_EXCEPTION` (`EXCEPTION_STACK_ID_`)
) ENGINE=InnoDB DEFAULT CHARSET=utf8 COLLATE=utf8_bin;

-- --------------------------------------------------------

--
-- 表的结构 `act_ru_task`
--

CREATE TABLE IF NOT EXISTS `act_ru_task` (
  `ID_` varchar(64) COLLATE utf8_bin NOT NULL DEFAULT '',
  `REV_` int(11) DEFAULT NULL,
  `EXECUTION_ID_` varchar(64) COLLATE utf8_bin DEFAULT NULL,
  `PROC_INST_ID_` varchar(64) COLLATE utf8_bin DEFAULT NULL,
  `PROC_DEF_ID_` varchar(64) COLLATE utf8_bin DEFAULT NULL,
  `NAME_` varchar(255) COLLATE utf8_bin DEFAULT NULL,
  `PARENT_TASK_ID_` varchar(64) COLLATE utf8_bin DEFAULT NULL,
  `DESCRIPTION_` varchar(4000) COLLATE utf8_bin DEFAULT NULL,
  `TASK_DEF_KEY_` varchar(255) COLLATE utf8_bin DEFAULT NULL,
  `OWNER_` varchar(255) COLLATE utf8_bin DEFAULT NULL,
  `ASSIGNEE_` varchar(255) COLLATE utf8_bin DEFAULT NULL,
  `DELEGATION_` varchar(64) COLLATE utf8_bin DEFAULT NULL,
  `PRIORITY_` int(11) DEFAULT NULL,
  `CREATE_TIME_` timestamp NOT NULL DEFAULT CURRENT_TIMESTAMP ON UPDATE CURRENT_TIMESTAMP,
  `DUE_DATE_` datetime DEFAULT NULL,
  `SUSPENSION_STATE_` int(11) DEFAULT NULL,
  PRIMARY KEY (`ID_`),
  KEY `ACT_IDX_TASK_CREATE` (`CREATE_TIME_`),
  KEY `ACT_FK_TASK_EXE` (`EXECUTION_ID_`),
  KEY `ACT_FK_TASK_PROCINST` (`PROC_INST_ID_`),
  KEY `ACT_FK_TASK_PROCDEF` (`PROC_DEF_ID_`)
) ENGINE=InnoDB DEFAULT CHARSET=utf8 COLLATE=utf8_bin;

-- --------------------------------------------------------

--
-- 表的结构 `act_ru_variable`
--

CREATE TABLE IF NOT EXISTS `act_ru_variable` (
  `ID_` varchar(64) COLLATE utf8_bin NOT NULL,
  `REV_` int(11) DEFAULT NULL,
  `TYPE_` varchar(255) COLLATE utf8_bin NOT NULL,
  `NAME_` varchar(255) COLLATE utf8_bin NOT NULL,
  `EXECUTION_ID_` varchar(64) COLLATE utf8_bin DEFAULT NULL,
  `PROC_INST_ID_` varchar(64) COLLATE utf8_bin DEFAULT NULL,
  `TASK_ID_` varchar(64) COLLATE utf8_bin DEFAULT NULL,
  `BYTEARRAY_ID_` varchar(64) COLLATE utf8_bin DEFAULT NULL,
  `DOUBLE_` double DEFAULT NULL,
  `LONG_` bigint(20) DEFAULT NULL,
  `TEXT_` varchar(4000) COLLATE utf8_bin DEFAULT NULL,
  `TEXT2_` varchar(4000) COLLATE utf8_bin DEFAULT NULL,
  PRIMARY KEY (`ID_`),
  KEY `ACT_IDX_VARIABLE_TASK_ID` (`TASK_ID_`),
  KEY `ACT_FK_VAR_EXE` (`EXECUTION_ID_`),
  KEY `ACT_FK_VAR_PROCINST` (`PROC_INST_ID_`),
  KEY `ACT_FK_VAR_BYTEARRAY` (`BYTEARRAY_ID_`)
) ENGINE=InnoDB DEFAULT CHARSET=utf8 COLLATE=utf8_bin;

-- --------------------------------------------------------

--
-- 表的结构 `cms_article`
--

CREATE TABLE IF NOT EXISTS `cms_article` (
  `id` bigint(20) NOT NULL AUTO_INCREMENT COMMENT '编号',
  `category_id` bigint(20) NOT NULL COMMENT '栏目编号',
  `title` varchar(255) NOT NULL COMMENT '标题',
  `link` varchar(255) DEFAULT NULL COMMENT '外部链接',
  `color` varchar(50) DEFAULT NULL COMMENT '标题颜色（red：红色；green：绿色；blue：蓝色；yellow：黄色；orange：橙色）',
  `image` varchar(255) DEFAULT NULL COMMENT '文章图片',
  `keywords` varchar(255) DEFAULT NULL COMMENT '关键字',
  `description` varchar(255) DEFAULT NULL COMMENT '描述、摘要',
  `weight` int(11) DEFAULT '0' COMMENT '权重，越大越靠前',
  `weight_date` datetime DEFAULT NULL COMMENT '权重期限，过期后将权重设置为：0',
  `hits` int(11) DEFAULT '0' COMMENT '点击数',
  `posid` varchar(10) DEFAULT NULL COMMENT '推荐位，多选（1：首页焦点图；2：栏目页文章推荐；）',
  `custom_content_view` varchar(255) DEFAULT NULL COMMENT '自定义内容视图',
  `view_config` text COMMENT '视图参数',
  `create_by` bigint(20) DEFAULT NULL COMMENT '创建者',
  `create_date` datetime DEFAULT NULL COMMENT '创建时间',
  `update_by` bigint(20) DEFAULT NULL COMMENT '更新者',
  `update_date` datetime DEFAULT NULL COMMENT '更新时间',
  `remarks` varchar(255) DEFAULT NULL COMMENT '备注信息',
  `del_flag` char(1) NOT NULL DEFAULT '0' COMMENT '删除标记（0：正常；1：删除）',
  PRIMARY KEY (`id`),
  KEY `cms_article_create_by` (`create_by`),
  KEY `cms_article_title` (`title`),
  KEY `cms_article_keywords` (`keywords`),
  KEY `cms_article_del_flag` (`del_flag`),
  KEY `cms_article_weight` (`weight`),
  KEY `cms_article_update_date` (`update_date`),
  KEY `cms_article_category_id` (`category_id`)
) ENGINE=InnoDB  DEFAULT CHARSET=utf8 COMMENT='文章表' AUTO_INCREMENT=86 ;

--
-- 转存表中的数据 `cms_article`
--

INSERT INTO `cms_article` (`id`, `category_id`, `title`, `link`, `color`, `image`, `keywords`, `description`, `weight`, `weight_date`, `hits`, `posid`, `custom_content_view`, `view_config`, `create_by`, `create_date`, `update_by`, `update_date`, `remarks`, `del_flag`) VALUES
(1, 3, '文章标题标题标题标题', NULL, 'green', NULL, '关键字1,关键字2', NULL, 0, NULL, 1, NULL, NULL, NULL, 1, '2013-05-27 08:00:00', 1, '2013-05-27 08:00:00', NULL, '0'),
(2, 3, '文章标题标题标题标题', NULL, 'red', NULL, '关键字1,关键字2', NULL, 0, NULL, 0, NULL, NULL, NULL, 1, '2013-05-27 08:00:00', 1, '2013-05-27 08:00:00', NULL, '0'),
(3, 3, '文章标题标题标题标题', NULL, NULL, NULL, '关键字1,关键字2', NULL, 0, NULL, 0, NULL, NULL, NULL, 1, '2013-05-27 08:00:00', 1, '2013-05-27 08:00:00', NULL, '0'),
(4, 3, '文章标&ldquo;&rdquo;题标题标题标题', NULL, 'green', '', '关键字1,关键字2', '', 0, NULL, 1, ',null,', NULL, NULL, 1, '2013-05-27 08:00:00', 1, '2013-08-21 10:43:47', NULL, '0'),
(5, 3, '文章标题标题标题标题', NULL, NULL, NULL, '关键字1,关键字2', NULL, 0, NULL, 0, NULL, NULL, NULL, 1, '2013-05-27 08:00:00', 1, '2013-05-27 08:00:00', NULL, '0'),
(6, 3, '文章标题标题标题标题', NULL, NULL, NULL, '关键字1,关键字2', NULL, 0, NULL, 0, NULL, NULL, NULL, 1, '2013-05-27 08:00:00', 1, '2013-05-27 08:00:00', NULL, '0'),
(7, 4, '文章标题标题标题标题', NULL, NULL, NULL, '关键字1,关键字2', NULL, 0, NULL, 0, NULL, NULL, NULL, 1, '2013-05-27 08:00:00', 1, '2013-05-27 08:00:00', NULL, '0'),
(8, 4, '文章标题标题标题标题', NULL, 'blue', NULL, '关键字1,关键字2', NULL, 0, NULL, 0, NULL, NULL, NULL, 1, '2013-05-27 08:00:00', 1, '2013-05-27 08:00:00', NULL, '0'),
(9, 4, '文章标题标题标题标题', NULL, NULL, NULL, '关键字1,关键字2', NULL, 0, NULL, 0, NULL, NULL, NULL, 1, '2013-05-27 08:00:00', 1, '2013-05-27 08:00:00', NULL, '0'),
(10, 4, '文章标题标题标题标题', NULL, NULL, NULL, '关键字1,关键字2', NULL, 0, NULL, 1, NULL, NULL, NULL, 1, '2013-05-27 08:00:00', 1, '2013-05-27 08:00:00', NULL, '0'),
(11, 5, '文章标题标题标题标题', NULL, NULL, NULL, '关键字1,关键字2', NULL, 0, NULL, 0, NULL, NULL, NULL, 1, '2013-05-27 08:00:00', 1, '2013-05-27 08:00:00', NULL, '0'),
(12, 5, '文章标题标题标题标题', NULL, NULL, NULL, '关键字1,关键字2', NULL, 0, NULL, 0, NULL, NULL, NULL, 1, '2013-05-27 08:00:00', 1, '2013-05-27 08:00:00', NULL, '0'),
(13, 5, '文章标题标题标题标题', NULL, NULL, NULL, '关键字1,关键字2', NULL, 0, NULL, 5, NULL, NULL, NULL, 1, '2013-05-27 08:00:00', 1, '2013-05-27 08:00:00', NULL, '0'),
(14, 7, '文章标题标题标题标题', NULL, NULL, NULL, '关键字1,关键字2', NULL, 0, NULL, 0, NULL, NULL, NULL, 1, '2013-05-27 08:00:00', 1, '2013-05-27 08:00:00', NULL, '0'),
(15, 7, '文章标题标题标题标题', NULL, NULL, NULL, '关键字1,关键字2', NULL, 0, NULL, 0, NULL, NULL, NULL, 1, '2013-05-27 08:00:00', 1, '2013-05-27 08:00:00', NULL, '0'),
(16, 7, '文章标题标题标题标题', NULL, NULL, NULL, '关键字1,关键字2', NULL, 0, NULL, 0, NULL, NULL, NULL, 1, '2013-05-27 08:00:00', 1, '2013-05-27 08:00:00', NULL, '0'),
(17, 7, '文章标题标题标题标题', NULL, NULL, NULL, '关键字1,关键字2', NULL, 0, NULL, 0, NULL, NULL, NULL, 1, '2013-05-27 08:00:00', 1, '2013-05-27 08:00:00', NULL, '0'),
(18, 8, '文章标题标题标题标题', NULL, NULL, NULL, '关键字1,关键字2', NULL, 0, NULL, 0, NULL, NULL, NULL, 1, '2013-05-27 08:00:00', 1, '2013-05-27 08:00:00', NULL, '0'),
(19, 8, '文章标题标题标题标题', NULL, NULL, NULL, '关键字1,关键字2', NULL, 0, NULL, 0, NULL, NULL, NULL, 1, '2013-05-27 08:00:00', 1, '2013-05-27 08:00:00', NULL, '0'),
(20, 8, '文章标题标题标题标题', NULL, NULL, NULL, '关键字1,关键字2', NULL, 0, NULL, 0, NULL, NULL, NULL, 1, '2013-05-27 08:00:00', 1, '2013-05-27 08:00:00', NULL, '0'),
(21, 8, '文章标题标题标题标题', NULL, NULL, NULL, '关键字1,关键字2', NULL, 0, NULL, 0, NULL, NULL, NULL, 1, '2013-05-27 08:00:00', 1, '2013-05-27 08:00:00', NULL, '0'),
(22, 9, '文章标题标题标题标题', NULL, NULL, NULL, '关键字1,关键字2', NULL, 0, NULL, 0, NULL, NULL, NULL, 1, '2013-05-27 08:00:00', 1, '2013-05-27 08:00:00', NULL, '0'),
(23, 9, '文章标题标题标题标题', NULL, NULL, NULL, '关键字1,关键字2', NULL, 0, NULL, 0, NULL, NULL, NULL, 1, '2013-05-27 08:00:00', 1, '2013-05-27 08:00:00', NULL, '0'),
(24, 9, '文章标题标题标题标题', NULL, NULL, NULL, '关键字1,关键字2', NULL, 0, NULL, 1, NULL, NULL, NULL, 1, '2013-05-27 08:00:00', 1, '2013-05-27 08:00:00', NULL, '0'),
(25, 9, '文章标题标题标题标题', NULL, NULL, NULL, '关键字1,关键字2', NULL, 0, NULL, 0, NULL, NULL, NULL, 1, '2013-05-27 08:00:00', 1, '2013-05-27 08:00:00', NULL, '0'),
(26, 9, '文章标题标题标题标题', NULL, NULL, NULL, '关键字1,关键字2', NULL, 0, NULL, 0, NULL, NULL, NULL, 1, '2013-05-27 08:00:00', 1, '2013-05-27 08:00:00', NULL, '0'),
(27, 11, '文章标题标题标题标题', NULL, NULL, NULL, '关键字1,关键字2', NULL, 0, NULL, 0, NULL, NULL, NULL, 1, '2013-05-27 08:00:00', 1, '2013-05-27 08:00:00', NULL, '0'),
(28, 11, '文章标题标题标题标题', NULL, NULL, NULL, '关键字1,关键字2', NULL, 0, NULL, 0, NULL, NULL, NULL, 1, '2013-05-27 08:00:00', 1, '2013-05-27 08:00:00', NULL, '0'),
(29, 11, '文章标题标题标题标题', NULL, NULL, NULL, '关键字1,关键字2', NULL, 0, NULL, 0, NULL, NULL, NULL, 1, '2013-05-27 08:00:00', 1, '2013-05-27 08:00:00', NULL, '0'),
(30, 11, '文章标题标题标题标题', NULL, NULL, NULL, '关键字1,关键字2', NULL, 0, NULL, 0, NULL, NULL, NULL, 1, '2013-05-27 08:00:00', 1, '2013-05-27 08:00:00', NULL, '0'),
(31, 11, '文章标题标题标题标题', NULL, NULL, NULL, '关键字1,关键字2', NULL, 0, NULL, 0, NULL, NULL, NULL, 1, '2013-05-27 08:00:00', 1, '2013-05-27 08:00:00', NULL, '0'),
(32, 12, '文章标题标题标题标题', NULL, NULL, NULL, '关键字1,关键字2', NULL, 0, NULL, 0, NULL, NULL, NULL, 1, '2013-05-27 08:00:00', 1, '2013-05-27 08:00:00', NULL, '0'),
(33, 12, '文章标题标题标题标题', NULL, NULL, NULL, '关键字1,关键字2', NULL, 0, NULL, 0, NULL, NULL, NULL, 1, '2013-05-27 08:00:00', 1, '2013-05-27 08:00:00', NULL, '0'),
(34, 12, '文章标题标题标题标题', NULL, NULL, NULL, '关键字1,关键字2', NULL, 0, NULL, 0, NULL, NULL, NULL, 1, '2013-05-27 08:00:00', 1, '2013-05-27 08:00:00', NULL, '0'),
(35, 12, '文章标题标题标题标题', NULL, NULL, NULL, '关键字1,关键字2', NULL, 0, NULL, 0, NULL, NULL, NULL, 1, '2013-05-27 08:00:00', 1, '2013-05-27 08:00:00', NULL, '0'),
(36, 12, '文章标题标题标题标题', NULL, NULL, NULL, '关键字1,关键字2', NULL, 0, NULL, 0, NULL, NULL, NULL, 1, '2013-05-27 08:00:00', 1, '2013-05-27 08:00:00', NULL, '0'),
(37, 13, '文章标题标题标题标题', NULL, NULL, NULL, '关键字1,关键字2', NULL, 0, NULL, 0, NULL, NULL, NULL, 1, '2013-05-27 08:00:00', 1, '2013-05-27 08:00:00', NULL, '0'),
(38, 13, '文章标题标题标题标题', NULL, NULL, NULL, '关键字1,关键字2', NULL, 0, NULL, 0, NULL, NULL, NULL, 1, '2013-05-27 08:00:00', 1, '2013-05-27 08:00:00', NULL, '0'),
(39, 13, '文章标题标题标题标题', NULL, NULL, NULL, '关键字1,关键字2', NULL, 0, NULL, 0, NULL, NULL, NULL, 1, '2013-05-27 08:00:00', 1, '2013-05-27 08:00:00', NULL, '0'),
(40, 13, '文章标题标题标题标题', NULL, NULL, NULL, '关键字1,关键字2', NULL, 0, NULL, 0, NULL, NULL, NULL, 1, '2013-05-27 08:00:00', 1, '2013-05-27 08:00:00', NULL, '0'),
(41, 14, '文章标题标题标题标题', NULL, NULL, NULL, '关键字1,关键字2', NULL, 0, NULL, 0, NULL, NULL, NULL, 1, '2013-05-27 08:00:00', 1, '2013-05-27 08:00:00', NULL, '0'),
(42, 14, '文章标题标题标题标题', NULL, NULL, NULL, '关键字1,关键字2', NULL, 0, NULL, 0, NULL, NULL, NULL, 1, '2013-05-27 08:00:00', 1, '2013-05-27 08:00:00', NULL, '0'),
(43, 14, '文章标题标题标题标题', NULL, NULL, NULL, '关键字1,关键字2', NULL, 0, NULL, 0, NULL, NULL, NULL, 1, '2013-05-27 08:00:00', 1, '2013-05-27 08:00:00', NULL, '0'),
(44, 14, '文章标题标题标题标题', NULL, NULL, NULL, '关键字1,关键字2', NULL, 0, NULL, 0, NULL, NULL, NULL, 1, '2013-05-27 08:00:00', 1, '2013-05-27 08:00:00', NULL, '0'),
(45, 14, '文章标题标题标题标题', NULL, NULL, NULL, '关键字1,关键字2', NULL, 0, NULL, 0, NULL, NULL, NULL, 1, '2013-05-27 08:00:00', 1, '2013-05-27 08:00:00', NULL, '0'),
(46, 15, '文章标题标题标题标题', NULL, NULL, NULL, '关键字1,关键字2', NULL, 0, NULL, 0, NULL, NULL, NULL, 1, '2013-05-27 08:00:00', 1, '2013-05-27 08:00:00', NULL, '0'),
(47, 15, '文章标题标题标题标题', NULL, NULL, NULL, '关键字1,关键字2', NULL, 0, NULL, 0, NULL, NULL, NULL, 1, '2013-05-27 08:00:00', 1, '2013-05-27 08:00:00', NULL, '0'),
(48, 15, '文章标题标题标题标题', NULL, NULL, NULL, '关键字1,关键字2', NULL, 0, NULL, 0, NULL, NULL, NULL, 1, '2013-05-27 08:00:00', 1, '2013-05-27 08:00:00', NULL, '0'),
(49, 16, '文章标题标题标题标题', NULL, NULL, NULL, '关键字1,关键字2', NULL, 0, NULL, 0, NULL, NULL, NULL, 1, '2013-05-27 08:00:00', 1, '2013-05-27 08:00:00', NULL, '0'),
(50, 17, '文章标题标题标题标题', NULL, NULL, NULL, '关键字1,关键字2', NULL, 0, NULL, 0, NULL, NULL, NULL, 1, '2013-05-27 08:00:00', 1, '2013-05-27 08:00:00', NULL, '0'),
(51, 17, '文章标题标题标题标题', NULL, NULL, NULL, '关键字1,关键字2', NULL, 0, NULL, 0, NULL, NULL, NULL, 1, '2013-05-27 08:00:00', 1, '2013-05-27 08:00:00', NULL, '0'),
(52, 26, '文章标题标题标题标题', NULL, NULL, NULL, '关键字1,关键字2', NULL, 0, NULL, 0, NULL, NULL, NULL, 1, '2013-05-27 08:00:00', 1, '2013-05-27 08:00:00', NULL, '0'),
(53, 26, '文章标题标题标题标题', NULL, NULL, NULL, '关键字1,关键字2', NULL, 0, NULL, 1, NULL, NULL, NULL, 1, '2013-05-27 08:00:00', 1, '2013-05-27 08:00:00', NULL, '0'),
(54, 39, '创新拥抱移动互联网 Jeesite 1.3 版本发布', '', '', '/userfiles/1/images/cms/article/2013/08/201307011818187193.jpg', 'Jeesite', '', 9, NULL, 1, ',null,', '', '', 1, '2013-08-21 09:38:03', 1, '2013-08-23 21:48:31', NULL, '0'),
(55, 39, '有思维的第三代网站', '', '', '/userfiles/1/images/cms/article/2013/08/201112171520267762.jpg', '', '', 0, NULL, 0, ',null,', '', '', 1, '2013-08-21 09:39:49', 1, '2013-08-23 21:51:16', NULL, '0'),
(56, 39, '热烈祝贺动易荣获政府网站建设值得信赖奖', '', '', '/userfiles/1/images/cms/article/2013/08/201201111515299885.jpg', '', '', 0, NULL, 0, ',null,', '', '', 1, '2013-08-21 09:40:09', 1, '2013-08-23 21:51:12', NULL, '0'),
(57, 39, '校庆网站管理系统', '', '', '/userfiles/1/images/cms/article/2013/08/201201111459493401.jpg', '', '', 0, NULL, 0, ',null,', '', '', 1, '2013-08-21 09:40:46', 1, '2013-08-23 21:51:06', NULL, '0'),
(58, 39, '医院网站管理系统', '', '', '/userfiles/1/images/cms/article/2013/08/201201111226068806.jpg', '', '', 0, NULL, 0, ',null,', '', '', 1, '2013-08-21 09:41:23', 1, '2013-08-23 21:50:59', NULL, '0'),
(59, 39, '启智未来，移动掌握！动易移动客户端解决方案正式发布', '', '', '/userfiles/1/images/cms/article/2013/08/201207021347521513.jpg', '', '', 0, NULL, 0, ',null,', '', '', 1, '2013-08-21 09:41:53', 1, '2013-08-23 21:50:55', NULL, '0'),
(60, 39, '专业、高效的流媒体平台解决方案', '', '', '/userfiles/1/images/cms/article/2013/08/201301031008107185.jpg', '', '', 0, NULL, 0, ',null,', '', '', 1, '2013-08-21 09:42:15', 1, '2013-08-23 21:50:49', NULL, '0'),
(61, 40, '&ldquo;第三代网站&quot;介绍', '', '', '/userfiles/1/images/cms/article/2013/08/sidePic-dsd.jpg', '', '', 5, NULL, 1, ',null,', '', '', 1, '2013-08-21 10:04:04', 1, '2013-08-23 21:51:24', NULL, '0'),
(62, 40, '专业成就卓越 动易通过CMMI3', '', '', '/userfiles/1/images/cms/article/2013/08/sidePic-cmmi.jpg', '', '', 0, NULL, 2, ',null,', '', '', 1, '2013-08-21 10:04:30', 1, '2013-08-23 21:51:29', NULL, '0'),
(63, 41, '动易签约深圳市龙岗区龙岗街道新梓学校网站改版项目', NULL, '', '', '', '', 0, NULL, 0, ',null,', NULL, NULL, 1, '2013-08-21 10:07:38', 1, '2013-08-21 10:07:38', NULL, '0'),
(64, 41, '动易签约秦皇岛市教育局网站改版项目', NULL, '', '', '', '', 0, NULL, 0, ',null,', NULL, NULL, 1, '2013-08-21 10:07:46', 1, '2013-08-21 10:07:46', NULL, '0'),
(65, 41, '动易签约北京大兴区中小学综合实践活动基地网站改版项目', NULL, '', '', '', '', 0, NULL, 0, ',null,', NULL, NULL, 1, '2013-08-21 10:07:52', 1, '2013-08-21 10:07:52', NULL, '0'),
(66, 41, '动易签约攸县教育局站群管理平台建设项目', NULL, '', '', '', '', 0, NULL, 0, ',null,', NULL, NULL, 1, '2013-08-21 10:07:58', 1, '2013-08-21 10:07:58', NULL, '0'),
(67, 41, '动易签约广西漓江画派网站改版项目', NULL, '', '', '', '', 0, NULL, 1, ',null,', NULL, NULL, 1, '2013-08-21 10:08:05', 1, '2013-08-21 10:08:05', NULL, '0'),
(68, 69, '动易网络<span>倾力打造网站建设名品牌</span>', '', '', '', '', '动易网络&lt;span&gt;倾力打造网站建设名品牌&lt;/span&gt;', 9, NULL, 87, ',null,', '', '{currentId:0}', 1, '2013-08-21 10:24:49', 1, '2013-08-23 20:58:21', NULL, '0'),
(69, 42, '创新拥抱移动互联网 动易产品5.0版本发布（17日更新）', NULL, '', '', '', '', 0, NULL, 8, ',null,', NULL, NULL, 1, '2013-08-21 10:28:02', 1, '2013-08-21 10:28:02', NULL, '0'),
(70, 42, '大数据与智慧政府门户建设培训班圆满召开', '', '', '', '', '', 0, NULL, 0, ',null,', '', '', 1, '2013-08-21 10:29:31', 1, '2013-08-23 22:01:06', NULL, '0'),
(71, 42, '动易公司2013年端午节放假通知', '', '', '', '', '', 0, NULL, 0, ',null,', '', '', 1, '2013-08-21 10:33:13', 1, '2013-08-23 22:01:02', NULL, '0'),
(72, 42, '动易公司2013年“五·一”放假通知', '', '', '', '', '', 1, NULL, 33, ',null,', 'frontViewArticle', '', 1, '2013-08-21 10:33:36', 1, '2013-08-23 15:49:20', NULL, '0'),
(73, 43, '微产品 大影响&mdash;&mdash;动易微博管理系统正式发布', 'http://miit.ccidnet.com/art/32561/20120315/3683133_1.html', '', '', '', '', 0, NULL, 0, ',null,', NULL, NULL, 1, '2013-08-21 12:28:39', 1, '2013-08-21 12:28:39', NULL, '0'),
(74, 43, '动易网络收购北京傲博软件视频产品线 将推专业流媒体平台', 'http://www.echinagov.com/gov/csfa/2012/3/30/154595.shtml', '', '', '', '', 0, NULL, 0, ',null,', NULL, NULL, 1, '2013-08-21 12:29:20', 1, '2013-08-21 12:29:20', NULL, '0'),
(75, 43, '吴建亮：web常见漏洞与挖掘技巧', 'http://it.sohu.com/20120705/n347369165.shtml', '', '', '', '', 0, NULL, 0, ',null,', NULL, NULL, 1, '2013-08-21 12:29:41', 1, '2013-08-21 12:29:41', NULL, '0'),
(76, 43, '大数据与智慧政府门户建设培训班', 'http://www.gwd.gov.cn/pxrz/wqpx/2013/0613/290.html', '', '', '', '', 0, NULL, 1, ',null,', NULL, NULL, 1, '2013-08-21 12:30:07', 1, '2013-08-21 12:30:07', NULL, '0'),
(77, 42, '第三代医院网站信息化平台解决方案', '', '', '/userfiles/1/images/cms/article/2013/08/banner-HMS.jpg', '', '', 0, NULL, 0, ',null,', '', '', 1, '2013-08-21 16:36:24', 1, '2013-08-23 22:00:44', NULL, '0'),
(78, 42, '动易&reg; 站群管理系统', '', '', '/userfiles/1/images/cms/article/2013/08/banner-SiteGroup.jpg', '', '', 0, NULL, 2, ',null,', '', '', 1, '2013-08-21 16:38:05', 1, '2013-08-23 22:00:58', NULL, '0'),
(79, 42, '动易&reg; SmartSchool&reg; 学校网站管理系统', '', '', '/userfiles/1/images/cms/article/2013/08/banner-SmargSchool.jpg', '', '', 0, NULL, 5, ',null,', '', '', 1, '2013-08-21 16:38:41', 1, '2013-08-23 22:00:27', NULL, '0'),
(80, 42, '动易&reg; 政府网站管理系统', '', '', '/userfiles/1/images/cms/article/2013/08/banner-Smartgov.jpg', '', '', 0, NULL, 1, ',null,', '', '', 1, '2013-08-21 16:39:05', 1, '2013-08-23 22:00:21', NULL, '0'),
(81, 42, '动易文件服务器管理系统正式发布', '', '', '/userfiles/1/images/cms/article/2013/08/banner-wenjian.jpg', '', '', 0, NULL, 1, ',null,', '', '', 1, '2013-08-21 16:39:53', 1, '2013-08-23 22:00:15', NULL, '0'),
(82, 42, '动易协同办公与知识共享平台正式发布', '', '', '/userfiles/1/images/cms/article/2013/08/banner-disandai.jpg', '', '', 0, NULL, 0, ',null,', '', '', 1, '2013-08-21 16:40:21', 1, '2013-08-23 22:00:10', NULL, '0'),
(83, 42, '动易视频产品正式发布 推专业流媒体平台', '', '', '/userfiles/1/images/cms/article/2013/08/banner-media.jpg', '', '', 0, NULL, 2, ',null,', '', '', 1, '2013-08-21 16:40:37', 1, '2013-08-23 22:00:55', NULL, '0'),
(84, 59, '专业成就卓越 动易通过CMMI3', '', '', '/userfiles/1/images/cms/article/2013/08/bannerS-cmmi.jpg', '', '', 0, NULL, 2, ',null,', '', '', 1, '2013-08-21 17:09:37', 1, '2013-08-23 21:51:37', NULL, '0'),
(85, 32, '动易业务体系', '', '', '', '', '', 0, NULL, 16, ',null,', 'frontViewArticle_page', '{currentId:1}', 1, '2013-08-23 16:35:10', 1, '2013-08-23 16:57:50', NULL, '0');

-- --------------------------------------------------------

--
-- 表的结构 `cms_article_data`
--

CREATE TABLE IF NOT EXISTS `cms_article_data` (
  `id` bigint(20) NOT NULL AUTO_INCREMENT COMMENT '编号',
  `content` longtext COMMENT '文章内容',
  `copyfrom` varchar(255) DEFAULT NULL COMMENT '文章来源',
  `relation` varchar(255) DEFAULT NULL COMMENT '相关文章',
  `allow_comment` char(1) DEFAULT NULL COMMENT '是否允许评论',
  PRIMARY KEY (`id`)
) ENGINE=InnoDB  DEFAULT CHARSET=utf8 COMMENT='文章详表' AUTO_INCREMENT=86 ;

--
-- 转存表中的数据 `cms_article_data`
--

INSERT INTO `cms_article_data` (`id`, `content`, `copyfrom`, `relation`, `allow_comment`) VALUES
(1, '文章内容内容内容内容', '来源', '1,2,3', '1'),
(2, '文章内容内容内容内容', '来源', '1,2,3', '1'),
(3, '文章内容内容内容内容', '来源', '1,2,3', '1'),
(4, '<p>\r\n	文章内容内容内容内容</p>', '来源', '1,2,3,', '1'),
(5, '文章内容内容内容内容', '来源', '1,2,3', '1'),
(6, '文章内容内容内容内容', '来源', '1,2,3', '1'),
(7, '文章内容内容内容内容', '来源', '1,2,3', '1'),
(8, '文章内容内容内容内容', '来源', '1,2,3', '1'),
(9, '文章内容内容内容内容', '来源', '1,2,3', '1'),
(10, '文章内容内容内容内容', '来源', '1,2,3', '1'),
(11, '文章内容内容内容内容', '来源', '1,2,3', '1'),
(12, '文章内容内容内容内容', '来源', '1,2,3', '1'),
(13, '文章内容内容内容内容', '来源', '1,2,3', '1'),
(14, '文章内容内容内容内容', '来源', '1,2,3', '1'),
(15, '文章内容内容内容内容', '来源', '1,2,3', '1'),
(16, '文章内容内容内容内容', '来源', '1,2,3', '1'),
(17, '文章内容内容内容内容', '来源', '1,2,3', '1'),
(18, '文章内容内容内容内容', '来源', '1,2,3', '1'),
(19, '文章内容内容内容内容', '来源', '1,2,3', '1'),
(20, '文章内容内容内容内容', '来源', '1,2,3', '1'),
(21, '文章内容内容内容内容', '来源', '1,2,3', '1'),
(22, '文章内容内容内容内容', '来源', '1,2,3', '1'),
(23, '文章内容内容内容内容', '来源', '1,2,3', '1'),
(24, '文章内容内容内容内容', '来源', '1,2,3', '1'),
(25, '文章内容内容内容内容', '来源', '1,2,3', '1'),
(26, '文章内容内容内容内容', '来源', '1,2,3', '1'),
(27, '文章内容内容内容内容', '来源', '1,2,3', '1'),
(28, '文章内容内容内容内容', '来源', '1,2,3', '1'),
(29, '文章内容内容内容内容', '来源', '1,2,3', '1'),
(30, '文章内容内容内容内容', '来源', '1,2,3', '1'),
(31, '文章内容内容内容内容', '来源', '1,2,3', '1'),
(32, '文章内容内容内容内容', '来源', '1,2,3', '1'),
(33, '文章内容内容内容内容', '来源', '1,2,3', '1'),
(34, '文章内容内容内容内容', '来源', '1,2,3', '1'),
(35, '文章内容内容内容内容', '来源', '1,2,3', '1'),
(36, '文章内容内容内容内容', '来源', '1,2,3', '1'),
(37, '文章内容内容内容内容', '来源', '1,2,3', '1'),
(38, '文章内容内容内容内容', '来源', '1,2,3', '1'),
(39, '文章内容内容内容内容', '来源', '1,2,3', '1'),
(40, '文章内容内容内容内容', '来源', '1,2,3', '1'),
(41, '文章内容内容内容内容', '来源', '1,2,3', '1'),
(42, '文章内容内容内容内容', '来源', '1,2,3', '1'),
(43, '文章内容内容内容内容', '来源', '1,2,3', '1'),
(44, '文章内容内容内容内容', '来源', '1,2,3', '1'),
(45, '文章内容内容内容内容', '来源', '1,2,3', '1'),
(46, '文章内容内容内容内容', '来源', '1,2,3', '1'),
(47, '文章内容内容内容内容', '来源', '1,2,3', '1'),
(48, '文章内容内容内容内容', '来源', '1,2,3', '1'),
(49, '文章内容内容内容内容', '来源', '1,2,3', '1'),
(50, '文章内容内容内容内容', '来源', '1,2,3', '1'),
(51, '文章内容内容内容内容', '来源', '1,2,3', '1'),
(52, '文章内容内容内容内容', '来源', '1,2,3', '1'),
(53, '文章内容内容内容内容', '来源', '1,2,3', '1'),
(54, '<p>\r\n	创新拥抱移动互联网 Jeesite 1.3 版本发布</p>', '', '', '0'),
(55, '<p>\r\n	有思维的第三代网站</p>', '', '', '0'),
(56, '<p>\r\n	热烈祝贺动易荣获政府网站建设值得信赖奖</p>', '', '', '0'),
(57, '<p>\r\n	校庆网站管理系统</p>', '', '', '1'),
(58, '<p>\r\n	医院网站管理系统</p>', '', '', '1'),
(59, '<p>\r\n	启智未来，移动掌握！动易移动客户端解决方案正式发布</p>', '', '', '1'),
(60, '<p>\r\n	专业、高效的流媒体平台解决方案</p>', '', '', '1'),
(61, '<p>\r\n	<span style="color: rgb(204, 0, 0); font-family: 微软雅黑; font-size: 18px; font-weight: bold; line-height: 42px; white-space: normal; -webkit-text-size-adjust: none;">&ldquo;第三代网站&quot;介绍</span></p>', '', '', '1'),
(62, '<p>\r\n	&nbsp;</p>\r\n<h2 class="tit" style="padding: 0px; margin: 0px; font-size: 28px; line-height: 48px; font-family: 微软雅黑; white-space: normal; -webkit-text-size-adjust: none;">\r\n	专业成就卓越 动易通过CMMI3</h2>', '', '', '1'),
(63, '<p>\r\n	动易签约深圳市龙岗区龙岗街道新梓学校网站改版项目</p>', '', '', '1'),
(64, '<p>\r\n	动易签约秦皇岛市教育局网站改版项目</p>', '', '', '1'),
(65, '<p>\r\n	动易签约北京大兴区中小学综合实践活动基地网站改版项目</p>', '', '', '1'),
(66, '<p>\r\n	动易签约攸县教育局站群管理平台建设项目</p>', '', '', '1'),
(67, '<p>\r\n	动易签约广西漓江画派网站改版项目</p>', '', '', '1'),
(68, '<p>\r\n	&nbsp;</p>\r\n<p style="padding: 10px 0px; margin: 0px; line-height: 28px; text-indent: 2em; font-family: Tahoma, 宋体; white-space: normal; -webkit-text-size-adjust: none;">\r\n	广东动易网络科技有限公司（简称：动易网络，英文名：Dongyi Network Technology CO.,Ltd，原名称：佛山市动易网络科技有限公司）成立于2004年1月，是国内网站建设和管理系统领域中用户数量最多、最优秀的技术提供商，是网站应用软件领域的创新者和领导者。</p>\r\n<p style="padding: 10px 0px; margin: 0px; line-height: 28px; text-indent: 2em; font-family: Tahoma, 宋体; white-space: normal; -webkit-text-size-adjust: none;">\r\n	动易公司是国家高新技术企业、国家双软企业、广东省民营科技企业、顺德区龙腾计划重点扶持企业，是广东省电子商务协会副会长单位、佛山市电子商务协会副会长单位、顺德区软件协会副会长单位，是中国电子商务协会会员单位、广东省软件行业协会会员单位、佛山市软件行业协会会员单位，已经通过ISO9001:2008质量管理体系认证和SEI CMMI（软件研发能力成熟度）3 级认证,获得了APEC颁发的&ldquo;中国电子商务最具潜力投资价值金种子奖&rdquo;、&ldquo;2010中国电子商务百强企业&rdquo;荣誉称号，获得了第八届大连软交会&ldquo;2009-2010 中国软件和信息服务业优秀解决方案&rdquo;大奖，获得了中国社会科学院信息化研究中心颁发的&ldquo;2009政府网站建设值得信赖品牌奖&rdquo;，获得了中国电子学会医药信息学分会及CMIA 颁发的&ldquo;2011年中国医药卫生信息技术金鼎奖&rdquo;以及其他许多资质和荣誉。</p>\r\n<div style="padding: 0px; margin: 0px; font-family: Tahoma, 宋体; white-space: normal; -webkit-text-size-adjust: none;">\r\n	<img align="absMiddle" alt="" border="0" height="20" src="http://www.powereasy.net/UploadFiles/gif/20093/200903101103090305.gif" width="30" /><a href="http://www.powereasy.net/Announce/11131.html" style="color: rgb(51, 51, 51); outline: none;" target="_blank" title="动易创始人粟维胜接受顺德电视台《顺商德道》节目专访">动易创始人粟维胜接受顺德电视台《顺商德道》节目专访</a><br />\r\n	<img align="absMiddle" alt="" border="0" height="20" src="http://www.powereasy.net/UploadFiles/gif/20093/200903101103090305.gif" width="30" /><a href="http://www.echinagov.com/gov/csfa/2010/2/5/95750.shtml" style="color: rgb(51, 51, 51); outline: none;" target="_blank" title="">动易创始人粟维胜（Webboy）国脉高端访谈记录</a><br />\r\n	<img align="absMiddle" alt="" border="0" height="20" src="http://www.powereasy.net/UploadFiles/gif/20093/200903101103090305.gif" width="30" /><a href="http://tech.163.com/06/0323/16/2CTNSL4E000915AH.html" style="color: rgb(51, 51, 51); outline: none;" target="_blank" title="">动易创始人粟维胜（Webboy）网易访谈记录</a></div>\r\n<p style="padding: 10px 0px; margin: 0px; line-height: 28px; text-indent: 2em; font-family: Tahoma, 宋体; white-space: normal; -webkit-text-size-adjust: none;">\r\n	<img align="left" alt="" border="0" height="147" hspace="10" src="http://www.powereasy.net/UploadFiles/jpg/201110/201110261030284407.jpg" vspace="10" width="183" />　　动易公司拥有研发中心、营销中心、设计中心、客户服务中心、管理服务中心五大组织体系，总部设在佛山，并已在广州、上海、北京、重庆、西北等多个城市设立分公司或办事处。公司现有员工近200名，其中2/3以上为研发和技术服务人员。公司拥有一批资深的专业技术人员、IT培训讲师、企业咨询顾问和项目管理专家，建立了规模化的产品研发、培训、咨询、营销和服务体系，并基于先进的项目管理、知识管理为客户提供优质的产品和服务。</p>\r\n<p style="padding: 10px 0px; margin: 0px; line-height: 28px; text-indent: 2em; font-family: Tahoma, 宋体; white-space: normal; -webkit-text-size-adjust: none;">\r\n	动易公司秉持&ldquo;严谨务实 精益求精&rdquo;的产品研发理念，致力于为用户提供最先进的产品和技术，始终围绕网站建设及管理进行持续的技术创新和产品研发，迄今已独立研发出了SiteFactory 内容管理系统、BizIdea 企业电子商务系统、SmartGov 政府网站管理系统、SmartSchool 学校网站管理系统、校庆网站管理系统、医院网站管理系统、行业门户网站管理系统、SiteGroup 站群管理系统、文件服务器管理系统、协同办公与知识共享平台、工程建设领域信息公开与信用建设平台管理系统、网络问政平台、短信通手机短信发送系统、博客管理系统、微博管理系统、商务助理、消息助手等众多拥有自主知识产权的互联网著名软件产品。这些产品历经上百次的版本升级与技术更新，无论在成熟性、稳定性或是安全性、灵活性上均是市场上同类产品中的翘楚，获得超过78万用户的一致认可和选择，占据了国内四分之一市场份额。</p>\r\n<p style="padding: 10px 0px; margin: 0px; line-height: 28px; text-indent: 2em; font-family: Tahoma, 宋体; white-space: normal; -webkit-text-size-adjust: none;">\r\n	动易公司在精于核心产品研发的同时，始终专注于对不同细分行业的应用研究，并推出了众多专门针对细分行业量身定做的网站应用解决方案。如市县级政府门户网站建设解决方案、厅局级门户网站建设解决方案、政府网站群建设解决方案、大中小学校园门户解决方案、大型企业电子商务网站建设解决方案、中小型企业电子商务网站建设解决方案、内部知识网站建设解决方案、医院预约挂号系统解决方案、医院门户网站解决方案、企业短信平台解决方案等。客户范围涉及政府（部委和省级政府部门、市/县/乡及委办局）、教育科研（大/中/小学、各地方教育局）、电信运营商、金融（证券、保险及银行）、企业（矿业、煤炭、石油集团及大中型制造类企业）、新闻媒体（报社、网媒）等多个行业。动易以&ldquo;用心服务 共创价值&rdquo;的服务理念赢得了客户的广泛赞誉和一致信赖。</p>\r\n<div class="aboutPiclink" style="padding: 0px; margin: 0px; font-family: Tahoma, 宋体; white-space: normal; -webkit-text-size-adjust: none;">\r\n	<a href="http://www.powereasy.net/PowerEasy/gshj/" style="color: rgb(51, 51, 51); outline: none; display: inline-block; width: 181px; border: 1px solid rgb(255, 204, 102); margin-right: 25px; margin-bottom: 15px; margin-top: 10px;" title="办公环境"><img src="http://www.powereasy.net/Template/2012/Skin/images/about_hj.jpg" /></a>&nbsp;<a href="http://www.powereasy.net/PowerEasy/yghd/" style="color: rgb(51, 51, 51); outline: none; display: inline-block; width: 181px; border: 1px solid rgb(255, 204, 102); margin-right: 25px; margin-bottom: 15px; margin-top: 10px;" title="员工活动"><img src="http://www.powereasy.net/Template/2012/Skin/images/about_hd.jpg" /></a>&nbsp;<a href="http://www.powereasy.net/PowerEasy/213.html" style="color: rgb(51, 51, 51); outline: none; display: inline-block; width: 181px; border: 1px solid rgb(255, 204, 102); margin-right: 25px; margin-bottom: 15px; margin-top: 10px;" title="发展历程"><img src="http://www.powereasy.net/Template/2012/Skin/images/about_lc.jpg" /></a>&nbsp;<a href="http://www.powereasy.net/PowerEasy/1975.html" style="color: rgb(51, 51, 51); outline: none; display: inline-block; width: 181px; border: 1px solid rgb(255, 204, 102); margin-right: 25px; margin-bottom: 15px; margin-top: 10px;" title="公司资质"><img src="http://www.powereasy.net/Template/2012/Skin/images/about_zz.jpg" /></a>&nbsp;<a href="http://www.powereasy.net/Blog/kuaibao/2657.html" style="color: rgb(51, 51, 51); outline: none; display: inline-block; width: 181px; border: 1px solid rgb(255, 204, 102); margin-right: 25px; margin-bottom: 15px; margin-top: 10px;" title="品牌标志"><img src="http://www.powereasy.net/Template/2012/Skin/images/about_bz.jpg" /></a>&nbsp;<a href="http://www.powereasy.net/PowerEasy/Contact.html" style="color: rgb(51, 51, 51); outline: none; display: inline-block; width: 181px; border: 1px solid rgb(255, 204, 102); margin-right: 25px; margin-bottom: 15px; margin-top: 10px;" title="联系方式"><img src="http://www.powereasy.net/Template/2012/Skin/images/about_lx.jpg" /></a></div>', '', '', '1');
INSERT INTO `cms_article_data` (`id`, `content`, `copyfrom`, `relation`, `allow_comment`) VALUES
(69, '<p>\n	&nbsp;</p>\n<div style="padding: 0px; margin: 0px; font-family: Tahoma, 宋体; line-height: 28px; white-space: normal; -webkit-text-size-adjust: none;">\n	今天， 广东动易网络科技有限公司正式对外发布动易系列软件产品5.0版本。新版本最大亮点是推出了国内首创的动易多屏优化技术，帮助网站实现pc端、phone端及tablet端的优化和自动适配。此外，新版本还新增了内容聚合、热门关键字标签、互动百科系统等创新功能，修改修复生成单页节点的选择样式等120多项亮点功能改进和BUG修复，给用户带来更快、更实用、更贴心的应用体验。</div>\n<div style="padding: 0px; margin: 0px; font-family: Tahoma, 宋体; line-height: 28px; white-space: normal; -webkit-text-size-adjust: none;">\n	&nbsp;</div>\n<div style="padding: 0px; margin: 0px; font-family: Tahoma, 宋体; line-height: 28px; white-space: normal; -webkit-text-size-adjust: none;">\n	<strong>多屏优化技术，实现移动设备自动适配，随时提供最佳用户体验</strong></div>\n<div style="padding: 0px; margin: 0px; font-family: Tahoma, 宋体; line-height: 28px; white-space: normal; -webkit-text-size-adjust: none;">\n	&nbsp;</div>\n<div style="padding: 0px; margin: 0px; font-family: Tahoma, 宋体; line-height: 28px; white-space: normal; -webkit-text-size-adjust: none;">\n	　　移动设备的发展将成为改变传统互联网的一个根本趋势。基于此动易推出国内首创的多屏优化技术，它是指在保持同一域名、同一后台、同一数据库、同一套系统的基础上，不同设备（PC/手机/PAD）来访问网站前台时，网站都会针对此类设备显示与之最相适应和专为此类设备的用户使用习惯优化的前台界面，域名不跳转，从而在不同设备访问时都能提供最佳用户体验。</div>\n<div style="padding: 0px; margin: 0px; font-family: Tahoma, 宋体; line-height: 28px; white-space: normal; -webkit-text-size-adjust: none;">\n	&nbsp;</div>\n<div style="padding: 0px; margin: 0px; font-family: Tahoma, 宋体; line-height: 28px; white-space: normal; -webkit-text-size-adjust: none;">\n	　　多屏优化功能基于HTML5开发，大量使用HTML5新特性，以及结合了响应式设计和无间断滚动技术，根据显示屏幕的大小，动态生成可视区域及可交互的Marquee内容，利用Ajax技术加载额外的数据到可视区域中。通过CSS3中的媒体查询功能以及标准的HTML和CSS标签，提供了非常出色的跨设备的用户体验。真正的多平台适配，针对不同的访问设备，网站前台界面都能够有效的进行优化。</div>\n<div style="padding: 0px; margin: 0px; font-family: Tahoma, 宋体; line-height: 28px; white-space: normal; -webkit-text-size-adjust: none;">\n	&nbsp;</div>\n<div style="padding: 0px; margin: 0px; font-family: Tahoma, 宋体; line-height: 28px; white-space: normal; -webkit-text-size-adjust: none;">\n	　　（注：Sitefactory 标准版、BizIdea 标准版 产品不包含此技术与功能。）</div>\n<div style="padding: 0px; margin: 0px; font-family: Tahoma, 宋体; line-height: 28px; white-space: normal; -webkit-text-size-adjust: none;">\n	&nbsp;</div>\n<div style="padding: 0px; margin: 0px; font-family: Tahoma, 宋体; line-height: 28px; white-space: normal; -webkit-text-size-adjust: none;">\n	<strong>内容聚合标签功能模块，提供更好的内容访问体验</strong></div>\n<div style="padding: 0px; margin: 0px; font-family: Tahoma, 宋体; line-height: 28px; white-space: normal; -webkit-text-size-adjust: none;">\n	&nbsp;</div>\n<div style="padding: 0px; margin: 0px; font-family: Tahoma, 宋体; line-height: 28px; white-space: normal; -webkit-text-size-adjust: none;">\n	　　Web 2.0环境下，越来越多且越来越&ldquo;碎片&rdquo;化的信息分散了人们的注意力。内容聚合标签功能使用全文检索技术，可以针对某一主题，配置相关的关键字和搜索内容，让站点的资源针对某一话题进行整合，使用户能够更加全面的浏览该主题的全部信息，提供类似智能搜索、分类索引、热词标签、最新最热排行、热点推荐、个性订制、专题关注等灵巧快捷的导航服务，最大限度地缩短用户访问信息内容的路径，提供更好的内容访问体验。内容聚合标签功能可以为每个内容聚合项配置不同的模板页，有效的突出内容主题，增加内容交互性。还可以自动添加生僻词到全文检索词库，在全文检索更新后，就会识别新加入的词语，保持站点与潮流同步。</div>\n<div style="padding: 0px; margin: 0px; font-family: Tahoma, 宋体; line-height: 28px; white-space: normal; -webkit-text-size-adjust: none;">\n	&nbsp;</div>\n<div style="padding: 0px; margin: 0px; font-family: Tahoma, 宋体; line-height: 28px; white-space: normal; -webkit-text-size-adjust: none;">\n	　　（注：Sitefactory 标准版、BizIdea 标准版 产品不包含此技术与功能。）</div>\n<div style="padding: 0px; margin: 0px; font-family: Tahoma, 宋体; line-height: 28px; white-space: normal; -webkit-text-size-adjust: none;">\n	&nbsp;</div>\n<div style="padding: 0px; margin: 0px; font-family: Tahoma, 宋体; line-height: 28px; white-space: normal; -webkit-text-size-adjust: none;">\n	<strong>互动百科系统快速打造行业百科全书</strong></div>\n<div style="padding: 0px; margin: 0px; font-family: Tahoma, 宋体; line-height: 28px; white-space: normal; -webkit-text-size-adjust: none;">\n	&nbsp;</div>\n<div style="padding: 0px; margin: 0px; font-family: Tahoma, 宋体; line-height: 28px; white-space: normal; -webkit-text-size-adjust: none;">\n	　　互动百科系统是一款通用型百科平台管理系统，具有词条管理、分类管理、百科配置等功能模块。系统以词条为核心，提供词条添加、词条锁定\\解锁，词语过滤，词条管理，词条分类、词条审核等功能，还可以根据词条类型设置为推荐词条、精彩词条、热门词条等显示在前台页面和词条排行榜中。系统支持全民参与在线创建、编辑词条，支持搜索词条,结合图片、文章等共同构筑一个完整的知识体系。</div>\n<div style="padding: 0px; margin: 0px; font-family: Tahoma, 宋体; line-height: 28px; white-space: normal; -webkit-text-size-adjust: none;">\n	&nbsp;</div>\n<div style="padding: 0px; margin: 0px; font-family: Tahoma, 宋体; line-height: 28px; white-space: normal; -webkit-text-size-adjust: none;">\n	　　百科系统可以与动易系列软件产品互通互联，满足各行业构建行业百科或内部百科的实际需求，帮助您快速架设一个性能优异、功能全面、安全稳定的行业百科平台。</div>\n<div style="padding: 0px; margin: 0px; font-family: Tahoma, 宋体; line-height: 28px; white-space: normal; -webkit-text-size-adjust: none;">\n	&nbsp;</div>\n<div style="padding: 0px; margin: 0px; font-family: Tahoma, 宋体; line-height: 28px; white-space: normal; -webkit-text-size-adjust: none;">\n	&nbsp;</div>\n<div style="padding: 0px; margin: 0px; font-family: Tahoma, 宋体; line-height: 28px; white-space: normal; -webkit-text-size-adjust: none;">\n	<strong>如需进一步了解动易&reg;产品，请查看&nbsp;<a href="http://www.powereasy.net/Products/" style="color: rgb(0, 102, 204); text-decoration: underline; outline: none; display: inline-block; padding: 0px 3px;" target="_blank">详细产品介绍</a>&nbsp;或&nbsp;<a href="http://www.powereasy.net/PowerEasy/Contact.html" style="color: rgb(0, 102, 204); text-decoration: underline; outline: none; display: inline-block; padding: 0px 3px;" target="_blank">直接咨询客服人员</a>。</strong></div>\n<div style="padding: 0px; margin: 0px; font-family: Tahoma, 宋体; line-height: 28px; white-space: normal; -webkit-text-size-adjust: none;">\n	<strong>专业版、学校版、政府版、行业版、校庆版、协同办公、文件服务器用户，请登录<a href="http://www.powereasy.net/User/Default.aspx" style="color: rgb(0, 102, 204); text-decoration: underline; outline: none; display: inline-block; padding: 0px 3px;" target="_blank">动易客服中心</a>下载。</strong></div>\n<div style="padding: 0px; margin: 0px; font-family: Tahoma, 宋体; line-height: 28px; white-space: normal; -webkit-text-size-adjust: none;">\n	&nbsp;</div>\n<div style="padding: 0px; margin: 0px; font-family: Tahoma, 宋体; line-height: 28px; white-space: normal; -webkit-text-size-adjust: none;">\n	<strong>SiteFactory 5.0 标准版下载地址<span style="color: rgb(255, 0, 0);">（7月17日更新）</span>：</strong></div>\n<div style="padding: 0px; margin: 0px; font-family: Tahoma, 宋体; line-height: 28px; white-space: normal; -webkit-text-size-adjust: none;">\n	5.0.0.0标准版：<a href="http://download.powereasy.net/SiteFactory5.0/20130717/SiteFactory.Standard_5.0.0.0_20130717.rar" style="color: rgb(0, 102, 204); text-decoration: underline; outline: none; display: inline-block; padding: 0px 3px;" target="_blank">点击下载</a></div>\n<div style="padding: 0px; margin: 0px; font-family: Tahoma, 宋体; line-height: 28px; white-space: normal; -webkit-text-size-adjust: none;">\n	4.7.0.0-5.0.0.0更新包：<a href="http://download.powereasy.net/SiteFactory5.0/20130717/Upgrade_SiteFactory.Standard_4.7.0.0-5.0.0.0.rar" style="color: rgb(0, 102, 204); text-decoration: underline; outline: none; display: inline-block; padding: 0px 3px;" target="_blank">点击下载</a></div>\n<div style="padding: 0px; margin: 0px; font-family: Tahoma, 宋体; line-height: 28px; white-space: normal; -webkit-text-size-adjust: none;">\n	4.x.x.x-5.0.0.0更新包：<a href="http://download.powereasy.net/SiteFactory5.0/20130717/Upgrade_SiteFactory.Standard_4.x.x.x-5.0.0.0.rar" style="color: rgb(0, 102, 204); text-decoration: underline; outline: none; display: inline-block; padding: 0px 3px;" target="_blank">点击下载</a></div>\n<div style="padding: 0px; margin: 0px; font-family: Tahoma, 宋体; line-height: 28px; white-space: normal; -webkit-text-size-adjust: none;">\n	7月1日版本-7月17日版本更新包：<a href="http://download.powereasy.net/SiteFactory5.0/20130717/Upgrade_SiteFactory.Standard_5.0.0.0_20130717.rar" style="color: rgb(0, 102, 204); text-decoration: underline; outline: none; display: inline-block; padding: 0px 3px;" target="_blank">点击下载</a></div>\n<div style="padding: 0px; margin: 0px; font-family: Tahoma, 宋体; line-height: 28px; white-space: normal; -webkit-text-size-adjust: none;">\n	&nbsp;</div>\n<div style="padding: 0px; margin: 0px; font-family: Tahoma, 宋体; line-height: 28px; white-space: normal; -webkit-text-size-adjust: none;">\n	<strong>BizIdea 5.0 标准版下载地址</strong><strong><span style="color: rgb(255, 0, 0);">（7月17日更新）</span></strong><strong>：</strong></div>\n<div style="padding: 0px; margin: 0px; font-family: Tahoma, 宋体; line-height: 28px; white-space: normal; -webkit-text-size-adjust: none;">\n	5.0.0.0标准版：<a href="http://download.powereasy.net/BizIdea5.0/20130717/BizIdea.Standard_5.0.0.0_20130717.rar" style="color: rgb(0, 102, 204); text-decoration: underline; outline: none; display: inline-block; padding: 0px 3px;" target="_blank">点击下载</a></div>\n<div style="padding: 0px; margin: 0px; font-family: Tahoma, 宋体; line-height: 28px; white-space: normal; -webkit-text-size-adjust: none;">\n	4.7.0.0-5.0.0.0更新包：<a href="http://download.powereasy.net/BizIdea5.0/20130717/Upgrade_BizIdea.Standard_4.7.0.0-5.0.0.0.rar" style="color: rgb(0, 102, 204); text-decoration: underline; outline: none; display: inline-block; padding: 0px 3px;" target="_blank">点击下载</a></div>\n<div style="padding: 0px; margin: 0px; font-family: Tahoma, 宋体; line-height: 28px; white-space: normal; -webkit-text-size-adjust: none;">\n	4.x.x.x-5.0.0.0更新包：<a href="http://download.powereasy.net/BizIdea5.0/20130717/Upgrade_BizIdea.Standard_4.x.x.x-5.0.0.0.rar" style="color: rgb(0, 102, 204); text-decoration: underline; outline: none; display: inline-block; padding: 0px 3px;" target="_blank">点击下载</a></div>\n<div style="padding: 0px; margin: 0px; font-family: Tahoma, 宋体; line-height: 28px; white-space: normal; -webkit-text-size-adjust: none;">\n	7月1日版本-7月17日版本更新包：<a href="http://download.powereasy.net/BizIdea5.0/20130717/Upgrade_BizIdea.Standard_5.0.0.0_20130717.rar" style="color: rgb(0, 102, 204); text-decoration: underline; outline: none; display: inline-block; padding: 0px 3px;" target="_blank">点击下载</a></div>\n<div style="padding: 0px; margin: 0px; font-family: Tahoma, 宋体; line-height: 28px; white-space: normal; -webkit-text-size-adjust: none;">\n	&nbsp;</div>\n<div style="padding: 0px; margin: 0px; font-family: Tahoma, 宋体; line-height: 28px; white-space: normal; -webkit-text-size-adjust: none;">\n	<strong>5.0版本更新信息：</strong></div>\n<div style="padding: 0px; margin: 0px; font-family: Tahoma, 宋体; line-height: 28px; white-space: normal; -webkit-text-size-adjust: none;">\n	&nbsp;</div>\n<div style="padding: 0px; margin: 0px; font-family: Tahoma, 宋体; line-height: 28px; white-space: normal; -webkit-text-size-adjust: none;">\n	<strong>SmartGov 政府网站管理系统</strong></div>\n<div style="padding: 0px; margin: 0px; font-family: Tahoma, 宋体; line-height: 28px; white-space: normal; -webkit-text-size-adjust: none;">\n	&nbsp;</div>\n<div style="padding: 0px; margin: 0px; font-family: Tahoma, 宋体; line-height: 28px; white-space: normal; -webkit-text-size-adjust: none;">\n	修复：</div>\n<div style="padding: 0px; margin: 0px; font-family: Tahoma, 宋体; line-height: 28px; white-space: normal; -webkit-text-size-adjust: none;">\n	●修复政府版在线访谈生成错误；</div>\n<div style="padding: 0px; margin: 0px; font-family: Tahoma, 宋体; line-height: 28px; white-space: normal; -webkit-text-size-adjust: none;">\n	●修复信件管理错误提示信息不准确的问题；</div>\n<div style="padding: 0px; margin: 0px; font-family: Tahoma, 宋体; line-height: 28px; white-space: normal; -webkit-text-size-adjust: none;">\n	●修复签写留言标题无法显示；</div>\n<div style="padding: 0px; margin: 0px; font-family: Tahoma, 宋体; line-height: 28px; white-space: normal; -webkit-text-size-adjust: none;">\n	●修复对已处理完成的申请表，添加备注，申请表重新处在&ldquo;已受理，待处理&rdquo;错误状态的问题；</div>\n<div style="padding: 0px; margin: 0px; font-family: Tahoma, 宋体; line-height: 28px; white-space: normal; -webkit-text-size-adjust: none;">\n	●修复行政审批办事事项无法分页的问题；</div>\n<div style="padding: 0px; margin: 0px; font-family: Tahoma, 宋体; line-height: 28px; white-space: normal; -webkit-text-size-adjust: none;">\n	●修复站群推送过来的记录无法删除的问题；</div>\n<div style="padding: 0px; margin: 0px; font-family: Tahoma, 宋体; line-height: 28px; white-space: normal; -webkit-text-size-adjust: none;">\n	●修复后台图片模型添加图片，前台无法显示，出现标签解析的错误；</div>\n<div style="padding: 0px; margin: 0px; font-family: Tahoma, 宋体; line-height: 28px; white-space: normal; -webkit-text-size-adjust: none;">\n	●修复添加信息公开，上传附件无法按分类路径保存的问题；</div>\n<div style="padding: 0px; margin: 0px; font-family: Tahoma, 宋体; line-height: 28px; white-space: normal; -webkit-text-size-adjust: none;">\n	●修复行政审批申报信息选项卡名字不正确的问题；</div>\n<div style="padding: 0px; margin: 0px; font-family: Tahoma, 宋体; line-height: 28px; white-space: normal; -webkit-text-size-adjust: none;">\n	●修复行政审批首页标签未解析的问题；</div>\n<div style="padding: 0px; margin: 0px; font-family: Tahoma, 宋体; line-height: 28px; white-space: normal; -webkit-text-size-adjust: none;">\n	●修复行政审批前台提交附件后，工作流中没显示附件的问题；</div>\n<div style="padding: 0px; margin: 0px; font-family: Tahoma, 宋体; line-height: 28px; white-space: normal; -webkit-text-size-adjust: none;">\n	●修复信件管理错误提示信息不准确的问题；</div>\n<div style="padding: 0px; margin: 0px; font-family: Tahoma, 宋体; line-height: 28px; white-space: normal; -webkit-text-size-adjust: none;">\n	●修复生成单页节点页面更改后台目录后资源引用错误的问题；</div>\n<div style="padding: 0px; margin: 0px; font-family: Tahoma, 宋体; line-height: 28px; white-space: normal; -webkit-text-size-adjust: none;">\n	●修复生成单页节点不选择任何节点会出错的问题；</div>\n<div style="padding: 0px; margin: 0px; font-family: Tahoma, 宋体; line-height: 28px; white-space: normal; -webkit-text-size-adjust: none;">\n	●修复生成单页节点页面最外层节点无法选中的问题；</div>\n<div style="padding: 0px; margin: 0px; font-family: Tahoma, 宋体; line-height: 28px; white-space: normal; -webkit-text-size-adjust: none;">\n	●修复三级审核流程中，批量对内容审核错误显示批量内容为终审通过的问题；</div>\n<div style="padding: 0px; margin: 0px; font-family: Tahoma, 宋体; line-height: 28px; white-space: normal; -webkit-text-size-adjust: none;">\n	●修复角色成员设置、部门成员设置，快速查找功能无效的问题；</div>\n<div style="padding: 0px; margin: 0px; font-family: Tahoma, 宋体; line-height: 28px; white-space: normal; -webkit-text-size-adjust: none;">\n	●修复工作流并发问题；</div>\n<div style="padding: 0px; margin: 0px; font-family: Tahoma, 宋体; line-height: 28px; white-space: normal; -webkit-text-size-adjust: none;">\n	●修复下载模型状态为草稿等内容也是可以下载文件的问题；</div>\n<div style="padding: 0px; margin: 0px; font-family: Tahoma, 宋体; line-height: 28px; white-space: normal; -webkit-text-size-adjust: none;">\n	●修复工作流主办、经办为同一人时列表显示不正确的问题；</div>\n<div style="padding: 0px; margin: 0px; font-family: Tahoma, 宋体; line-height: 28px; white-space: normal; -webkit-text-size-adjust: none;">\n	●修复工作流工作列表记录数与显示的记录数不一致的问题；</div>\n<div style="padding: 0px; margin: 0px; font-family: Tahoma, 宋体; line-height: 28px; white-space: normal; -webkit-text-size-adjust: none;">\n	●修复工作流附件名中包含逗号无法下载的问题；</div>\n<div style="padding: 0px; margin: 0px; font-family: Tahoma, 宋体; line-height: 28px; white-space: normal; -webkit-text-size-adjust: none;">\n	●修复工作流显示当前步骤错误的问题；</div>\n<div style="padding: 0px; margin: 0px; font-family: Tahoma, 宋体; line-height: 28px; white-space: normal; -webkit-text-size-adjust: none;">\n	●修复工作流多人经办时，无法通过工作查看页办理工作的问题；</div>\n<div style="padding: 0px; margin: 0px; font-family: Tahoma, 宋体; line-height: 28px; white-space: normal; -webkit-text-size-adjust: none;">\n	&nbsp;</div>\n<div style="padding: 0px; margin: 0px; font-family: Tahoma, 宋体; line-height: 28px; white-space: normal; -webkit-text-size-adjust: none;">\n	改进：</div>\n<div style="padding: 0px; margin: 0px; font-family: Tahoma, 宋体; line-height: 28px; white-space: normal; -webkit-text-size-adjust: none;">\n	●增加热门关键字标签功能模块；</div>\n<div style="padding: 0px; margin: 0px; font-family: Tahoma, 宋体; line-height: 28px; white-space: normal; -webkit-text-size-adjust: none;">\n	●修改生成单页节点的选择样式；</div>\n<div style="padding: 0px; margin: 0px; font-family: Tahoma, 宋体; line-height: 28px; white-space: normal; -webkit-text-size-adjust: none;">\n	&nbsp;</div>\n<div style="padding: 0px; margin: 0px; font-family: Tahoma, 宋体; line-height: 28px; white-space: normal; -webkit-text-size-adjust: none;">\n	新增：</div>\n<div style="padding: 0px; margin: 0px; font-family: Tahoma, 宋体; line-height: 28px; white-space: normal; -webkit-text-size-adjust: none;">\n	●领导信箱后台新增显示IP地址功能；</div>\n<div style="padding: 0px; margin: 0px; font-family: Tahoma, 宋体; line-height: 28px; white-space: normal; -webkit-text-size-adjust: none;">\n	●在线访谈新增在线直播功能；</div>\n<div style="padding: 0px; margin: 0px; font-family: Tahoma, 宋体; line-height: 28px; white-space: normal; -webkit-text-size-adjust: none;">\n	●生成管理中选择可生成的节点时新增展示明确的节点层级关系；</div>\n<div style="padding: 0px; margin: 0px; font-family: Tahoma, 宋体; line-height: 28px; white-space: normal; -webkit-text-size-adjust: none;">\n	●新增复位节点操作前确认提醒功能；</div>\n<div style="padding: 0px; margin: 0px; font-family: Tahoma, 宋体; line-height: 28px; white-space: normal; -webkit-text-size-adjust: none;">\n	●后台内容，博客，公开信息，问答的问题新增支持空格分词搜索功能；</div>\n<div style="padding: 0px; margin: 0px; font-family: Tahoma, 宋体; line-height: 28px; white-space: normal; -webkit-text-size-adjust: none;">\n	●新增百科系统；</div>\n<div style="padding: 0px; margin: 0px; font-family: Tahoma, 宋体; line-height: 28px; white-space: normal; -webkit-text-size-adjust: none;">\n	●新增针对不同的访问设备提供不同的界面功能；</div>\n<div style="padding: 0px; margin: 0px; font-family: Tahoma, 宋体; line-height: 28px; white-space: normal; -webkit-text-size-adjust: none;">\n	●新增内容聚合标签功能；</div>\n<div style="padding: 0px; margin: 0px; font-family: Tahoma, 宋体; line-height: 28px; white-space: normal; -webkit-text-size-adjust: none;">\n	●新增复位节点操作前确认提醒功能；</div>\n<div style="padding: 0px; margin: 0px; font-family: Tahoma, 宋体; line-height: 28px; white-space: normal; -webkit-text-size-adjust: none;">\n	●新增相关操作中增加日志记录功能；</div>\n<div style="padding: 0px; margin: 0px; font-family: Tahoma, 宋体; line-height: 28px; white-space: normal; -webkit-text-size-adjust: none;">\n	&nbsp;</div>\n<div style="padding: 0px; margin: 0px; font-family: Tahoma, 宋体; line-height: 28px; white-space: normal; -webkit-text-size-adjust: none;">\n	&nbsp;</div>\n<div style="padding: 0px; margin: 0px; font-family: Tahoma, 宋体; line-height: 28px; white-space: normal; -webkit-text-size-adjust: none;">\n	<strong>SmartSchool 学校网站管理系统</strong></div>\n<div style="padding: 0px; margin: 0px; font-family: Tahoma, 宋体; line-height: 28px; white-space: normal; -webkit-text-size-adjust: none;">\n	&nbsp;</div>\n<div style="padding: 0px; margin: 0px; font-family: Tahoma, 宋体; line-height: 28px; white-space: normal; -webkit-text-size-adjust: none;">\n	修复：</div>\n<div style="padding: 0px; margin: 0px; font-family: Tahoma, 宋体; line-height: 28px; white-space: normal; -webkit-text-size-adjust: none;">\n	●修复生成单页节点页面更改后台目录后资源引用错误的问题；</div>\n<div style="padding: 0px; margin: 0px; font-family: Tahoma, 宋体; line-height: 28px; white-space: normal; -webkit-text-size-adjust: none;">\n	●修复生成单页节点不选择任何节点会出错的问题；</div>\n<div style="padding: 0px; margin: 0px; font-family: Tahoma, 宋体; line-height: 28px; white-space: normal; -webkit-text-size-adjust: none;">\n	●修复生成单页节点页面最外层节点无法选中的问题；</div>\n<div style="padding: 0px; margin: 0px; font-family: Tahoma, 宋体; line-height: 28px; white-space: normal; -webkit-text-size-adjust: none;">\n	●修复三级审核流程中，批量对内容审核错误显示批量内容为终审通过的问题；</div>\n<div style="padding: 0px; margin: 0px; font-family: Tahoma, 宋体; line-height: 28px; white-space: normal; -webkit-text-size-adjust: none;">\n	●修复角色成员设置、部门成员设置，快速查找功能无效的问题；</div>\n<div style="padding: 0px; margin: 0px; font-family: Tahoma, 宋体; line-height: 28px; white-space: normal; -webkit-text-size-adjust: none;">\n	●修复班级成绩分析选择保存查询出现提示错误；</div>\n<div style="padding: 0px; margin: 0px; font-family: Tahoma, 宋体; line-height: 28px; white-space: normal; -webkit-text-size-adjust: none;">\n	●修复IE6下模板选择不正常的问题；</div>\n<div style="padding: 0px; margin: 0px; font-family: Tahoma, 宋体; line-height: 28px; white-space: normal; -webkit-text-size-adjust: none;">\n	●修复博客前台&ldquo;页面设置&rdquo;中官方模板列表在IE9下不显示的问题；</div>\n<div style="padding: 0px; margin: 0px; font-family: Tahoma, 宋体; line-height: 28px; white-space: normal; -webkit-text-size-adjust: none;">\n	●修复工作流并发问题；</div>\n<div style="padding: 0px; margin: 0px; font-family: Tahoma, 宋体; line-height: 28px; white-space: normal; -webkit-text-size-adjust: none;">\n	●修复下载模型状态为草稿等内容也是可以下载文件的问题；</div>\n<div style="padding: 0px; margin: 0px; font-family: Tahoma, 宋体; line-height: 28px; white-space: normal; -webkit-text-size-adjust: none;">\n	●修复工作流主办、经办为同一人时列表显示不正确的问题；</div>\n<div style="padding: 0px; margin: 0px; font-family: Tahoma, 宋体; line-height: 28px; white-space: normal; -webkit-text-size-adjust: none;">\n	●修复上传单个文件时,无法保存链接地址的问题；</div>\n<div style="padding: 0px; margin: 0px; font-family: Tahoma, 宋体; line-height: 28px; white-space: normal; -webkit-text-size-adjust: none;">\n	●修复博客模块&ldquo;用户博文列表&rdquo;标签在后台标签管理中看不到标签内容的问题；</div>\n<div style="padding: 0px; margin: 0px; font-family: Tahoma, 宋体; line-height: 28px; white-space: normal; -webkit-text-size-adjust: none;">\n	●修复博客模块中&ldquo;博客信息焦点图&rdquo;标签中的无用查询，造成博文很多的时候，性能严重消耗问题；</div>\n<div style="padding: 0px; margin: 0px; font-family: Tahoma, 宋体; line-height: 28px; white-space: normal; -webkit-text-size-adjust: none;">\n	●修复上传控件和Common.js 产生冲突的问题；</div>\n<div style="padding: 0px; margin: 0px; font-family: Tahoma, 宋体; line-height: 28px; white-space: normal; -webkit-text-size-adjust: none;">\n	●修复成绩分析及格率计算没有包含满分情况的问题；</div>\n<div style="padding: 0px; margin: 0px; font-family: Tahoma, 宋体; line-height: 28px; white-space: normal; -webkit-text-size-adjust: none;">\n	●修复工作流工作列表记录数与显示的记录数不一致的问题；</div>\n<div style="padding: 0px; margin: 0px; font-family: Tahoma, 宋体; line-height: 28px; white-space: normal; -webkit-text-size-adjust: none;">\n	●修复工作流附件名中包含逗号无法下载的问题；</div>\n<div style="padding: 0px; margin: 0px; font-family: Tahoma, 宋体; line-height: 28px; white-space: normal; -webkit-text-size-adjust: none;">\n	●修复博客如果没有发表博文时，删除该博客，此博客下面的分类不会删除的问题；</div>\n<div style="padding: 0px; margin: 0px; font-family: Tahoma, 宋体; line-height: 28px; white-space: normal; -webkit-text-size-adjust: none;">\n	●修复工作流显示当前步骤错误的问题；</div>\n<div style="padding: 0px; margin: 0px; font-family: Tahoma, 宋体; line-height: 28px; white-space: normal; -webkit-text-size-adjust: none;">\n	●修复工作流多人经办时，无法通过工作查看页办理工作的问题；</div>\n<div style="padding: 0px; margin: 0px; font-family: Tahoma, 宋体; line-height: 28px; white-space: normal; -webkit-text-size-adjust: none;">\n	●修复后台多图片上传在ie6下无法上传的问题；</div>\n<div style="padding: 0px; margin: 0px; font-family: Tahoma, 宋体; line-height: 28px; white-space: normal; -webkit-text-size-adjust: none;">\n	●修复工作流表单数据换行问题；</div>\n<div style="padding: 0px; margin: 0px; font-family: Tahoma, 宋体; line-height: 28px; white-space: normal; -webkit-text-size-adjust: none;">\n	●修复多图片上传时 无法选择生成首页缩略图的问题；</div>\n<div style="padding: 0px; margin: 0px; font-family: Tahoma, 宋体; line-height: 28px; white-space: normal; -webkit-text-size-adjust: none;">\n	●修复采集不支持虚拟目录的问题；</div>\n<div style="padding: 0px; margin: 0px; font-family: Tahoma, 宋体; line-height: 28px; white-space: normal; -webkit-text-size-adjust: none;">\n	●修复普通管理员，对新建节点没有没有内容管理权限的问题；</div>\n<div style="padding: 0px; margin: 0px; font-family: Tahoma, 宋体; line-height: 28px; white-space: normal; -webkit-text-size-adjust: none;">\n	●修复管理员被删除后，对应的部门关系表记录没有被删除的问题；</div>\n<div style="padding: 0px; margin: 0px; font-family: Tahoma, 宋体; line-height: 28px; white-space: normal; -webkit-text-size-adjust: none;">\n	●修复添加报名学生信息保存出错；</div>\n<div style="padding: 0px; margin: 0px; font-family: Tahoma, 宋体; line-height: 28px; white-space: normal; -webkit-text-size-adjust: none;">\n	●修复教师任课管理，查询功能无效；</div>\n<div style="padding: 0px; margin: 0px; font-family: Tahoma, 宋体; line-height: 28px; white-space: normal; -webkit-text-size-adjust: none;">\n	&nbsp;</div>\n<div style="padding: 0px; margin: 0px; font-family: Tahoma, 宋体; line-height: 28px; white-space: normal; -webkit-text-size-adjust: none;">\n	改进：</div>\n<div style="padding: 0px; margin: 0px; font-family: Tahoma, 宋体; line-height: 28px; white-space: normal; -webkit-text-size-adjust: none;">\n	●增加热门关键字标签功能模块；</div>\n<div style="padding: 0px; margin: 0px; font-family: Tahoma, 宋体; line-height: 28px; white-space: normal; -webkit-text-size-adjust: none;">\n	●修改生成单页节点的选择样式；</div>\n<div style="padding: 0px; margin: 0px; font-family: Tahoma, 宋体; line-height: 28px; white-space: normal; -webkit-text-size-adjust: none;">\n	&nbsp;</div>\n<div style="padding: 0px; margin: 0px; font-family: Tahoma, 宋体; line-height: 28px; white-space: normal; -webkit-text-size-adjust: none;">\n	新增：</div>\n<div style="padding: 0px; margin: 0px; font-family: Tahoma, 宋体; line-height: 28px; white-space: normal; -webkit-text-size-adjust: none;">\n	●新增百科系统；</div>\n<div style="padding: 0px; margin: 0px; font-family: Tahoma, 宋体; line-height: 28px; white-space: normal; -webkit-text-size-adjust: none;">\n	●新增针对不同的访问设备提供不同的界面；</div>\n<div style="padding: 0px; margin: 0px; font-family: Tahoma, 宋体; line-height: 28px; white-space: normal; -webkit-text-size-adjust: none;">\n	●新增一个后台对应多种前端设备的界面；</div>\n<div style="padding: 0px; margin: 0px; font-family: Tahoma, 宋体; line-height: 28px; white-space: normal; -webkit-text-size-adjust: none;">\n	●新增增加内容聚合标签功能模块；</div>\n<div style="padding: 0px; margin: 0px; font-family: Tahoma, 宋体; line-height: 28px; white-space: normal; -webkit-text-size-adjust: none;">\n	●新增后台搜索支持空格分词搜索；</div>\n<div style="padding: 0px; margin: 0px; font-family: Tahoma, 宋体; line-height: 28px; white-space: normal; -webkit-text-size-adjust: none;">\n	●新增生成管理中选择可生成的节点时展示明确的节点层级关系；</div>\n<div style="padding: 0px; margin: 0px; font-family: Tahoma, 宋体; line-height: 28px; white-space: normal; -webkit-text-size-adjust: none;">\n	●新增复位节点操作前确认提醒功能；</div>\n<div style="padding: 0px; margin: 0px; font-family: Tahoma, 宋体; line-height: 28px; white-space: normal; -webkit-text-size-adjust: none;">\n	&nbsp;</div>\n<div style="padding: 0px; margin: 0px; font-family: Tahoma, 宋体; line-height: 28px; white-space: normal; -webkit-text-size-adjust: none;">\n	&nbsp;</div>\n<div style="padding: 0px; margin: 0px; font-family: Tahoma, 宋体; line-height: 28px; white-space: normal; -webkit-text-size-adjust: none;">\n	<strong>SiteFactory标准版</strong></div>\n<div style="padding: 0px; margin: 0px; font-family: Tahoma, 宋体; line-height: 28px; white-space: normal; -webkit-text-size-adjust: none;">\n	&nbsp;</div>\n<div style="padding: 0px; margin: 0px; font-family: Tahoma, 宋体; line-height: 28px; white-space: normal; -webkit-text-size-adjust: none;">\n	修复：</div>\n<div style="padding: 0px; margin: 0px; font-family: Tahoma, 宋体; line-height: 28px; white-space: normal; -webkit-text-size-adjust: none;">\n	●修复匿名投稿无法显示作者和来源的问题；</div>\n<div style="padding: 0px; margin: 0px; font-family: Tahoma, 宋体; line-height: 28px; white-space: normal; -webkit-text-size-adjust: none;">\n	●修复前台匿名投稿前台样式问题；</div>\n<div style="padding: 0px; margin: 0px; font-family: Tahoma, 宋体; line-height: 28px; white-space: normal; -webkit-text-size-adjust: none;">\n	●修复文件上传到虚拟目录，无法正常删除的问题；</div>\n<div style="padding: 0px; margin: 0px; font-family: Tahoma, 宋体; line-height: 28px; white-space: normal; -webkit-text-size-adjust: none;">\n	●修复文章批量移动时，不点击任何节点，保存后，该文章无法打开的问题；</div>\n<div style="padding: 0px; margin: 0px; font-family: Tahoma, 宋体; line-height: 28px; white-space: normal; -webkit-text-size-adjust: none;">\n	●修复点击【清理无相关文件】按钮后，文章模型中的上传的媒体会被删除的问题；</div>\n<div style="padding: 0px; margin: 0px; font-family: Tahoma, 宋体; line-height: 28px; white-space: normal; -webkit-text-size-adjust: none;">\n	●修复成员设置，快速查找功能无效的问题；</div>\n<div style="padding: 0px; margin: 0px; font-family: Tahoma, 宋体; line-height: 28px; white-space: normal; -webkit-text-size-adjust: none;">\n	●修复全文索引操作出现异常信息的问题；</div>\n<div style="padding: 0px; margin: 0px; font-family: Tahoma, 宋体; line-height: 28px; white-space: normal; -webkit-text-size-adjust: none;">\n	●修复普通管理员，对新建节点没有没有内容管理权限的问题；</div>\n<div style="padding: 0px; margin: 0px; font-family: Tahoma, 宋体; line-height: 28px; white-space: normal; -webkit-text-size-adjust: none;">\n	●修复角色成员设置、部门成员设置，快速查找功能无效的问题；</div>\n<div style="padding: 0px; margin: 0px; font-family: Tahoma, 宋体; line-height: 28px; white-space: normal; -webkit-text-size-adjust: none;">\n	●修复会员扩展字段，无法在会员中心处隐藏的问题；</div>\n<div style="padding: 0px; margin: 0px; font-family: Tahoma, 宋体; line-height: 28px; white-space: normal; -webkit-text-size-adjust: none;">\n	●修复前台公告列表无法分页的问题；</div>\n<div style="padding: 0px; margin: 0px; font-family: Tahoma, 宋体; line-height: 28px; white-space: normal; -webkit-text-size-adjust: none;">\n	●修复生成单页节点页面更改后台目录后资源引用错误的问题；</div>\n<div style="padding: 0px; margin: 0px; font-family: Tahoma, 宋体; line-height: 28px; white-space: normal; -webkit-text-size-adjust: none;">\n	●修复生成单页节点不选择任何节点会出错的问题；</div>\n<div style="padding: 0px; margin: 0px; font-family: Tahoma, 宋体; line-height: 28px; white-space: normal; -webkit-text-size-adjust: none;">\n	●修复生成单页节点页面最外层节点无法选中的问题；</div>\n<div style="padding: 0px; margin: 0px; font-family: Tahoma, 宋体; line-height: 28px; white-space: normal; -webkit-text-size-adjust: none;">\n	●修复下载模型状态为草稿等内容也是可以下载文件的问题；</div>\n<div style="padding: 0px; margin: 0px; font-family: Tahoma, 宋体; line-height: 28px; white-space: normal; -webkit-text-size-adjust: none;">\n	●修复下载模型状态为草稿等内容时能正常下载的问题；</div>\n<div style="padding: 0px; margin: 0px; font-family: Tahoma, 宋体; line-height: 28px; white-space: normal; -webkit-text-size-adjust: none;">\n	●修复上传单个文件时,无法保存链接地址的问题；</div>\n<div style="padding: 0px; margin: 0px; font-family: Tahoma, 宋体; line-height: 28px; white-space: normal; -webkit-text-size-adjust: none;">\n	●修复上传控件和Common.js 产生冲突的问题；</div>\n<div style="padding: 0px; margin: 0px; font-family: Tahoma, 宋体; line-height: 28px; white-space: normal; -webkit-text-size-adjust: none;">\n	●修复图片模型中的Stars 字段，无法修改的问题；</div>\n<div style="padding: 0px; margin: 0px; font-family: Tahoma, 宋体; line-height: 28px; white-space: normal; -webkit-text-size-adjust: none;">\n	●修复自动编号字段无法保存数据的问题；</div>\n<div style="padding: 0px; margin: 0px; font-family: Tahoma, 宋体; line-height: 28px; white-space: normal; -webkit-text-size-adjust: none;">\n	●修复后台多图片上传在ie6下无法上传的问题；</div>\n<div style="padding: 0px; margin: 0px; font-family: Tahoma, 宋体; line-height: 28px; white-space: normal; -webkit-text-size-adjust: none;">\n	●修复多图片上传时 无法选择生成首页缩略图的问题；</div>\n<div style="padding: 0px; margin: 0px; font-family: Tahoma, 宋体; line-height: 28px; white-space: normal; -webkit-text-size-adjust: none;">\n	●修复采集不支持虚拟目录的问题；</div>\n<div style="padding: 0px; margin: 0px; font-family: Tahoma, 宋体; line-height: 28px; white-space: normal; -webkit-text-size-adjust: none;">\n	●修复启用子域名无法获取前台模板风格目录路径的问题；</div>\n<div style="padding: 0px; margin: 0px; font-family: Tahoma, 宋体; line-height: 28px; white-space: normal; -webkit-text-size-adjust: none;">\n	●修复添加文章时，自动提取的关键字无法保存的问题；</div>\n<div style="padding: 0px; margin: 0px; font-family: Tahoma, 宋体; line-height: 28px; white-space: normal; -webkit-text-size-adjust: none;">\n	●修复IE6下模板选择不正常的问题；</div>\n<div style="padding: 0px; margin: 0px; font-family: Tahoma, 宋体; line-height: 28px; white-space: normal; -webkit-text-size-adjust: none;">\n	●修复三级审核流程中，批量对内容审核错误显示批量内容为终审通过的问题；</div>\n<div style="padding: 0px; margin: 0px; font-family: Tahoma, 宋体; line-height: 28px; white-space: normal; -webkit-text-size-adjust: none;">\n	&nbsp;</div>\n<div style="padding: 0px; margin: 0px; font-family: Tahoma, 宋体; line-height: 28px; white-space: normal; -webkit-text-size-adjust: none;">\n	改进：</div>\n<div style="padding: 0px; margin: 0px; font-family: Tahoma, 宋体; line-height: 28px; white-space: normal; -webkit-text-size-adjust: none;">\n	●增加热门关键字标签功能模块；</div>\n<div style="padding: 0px; margin: 0px; font-family: Tahoma, 宋体; line-height: 28px; white-space: normal; -webkit-text-size-adjust: none;">\n	●修改生成单页节点的选择样式；</div>\n<div style="padding: 0px; margin: 0px; font-family: Tahoma, 宋体; line-height: 28px; white-space: normal; -webkit-text-size-adjust: none;">\n	●生成管理中选择可生成的节点时展示明确的节点层级关系；</div>\n<div style="padding: 0px; margin: 0px; font-family: Tahoma, 宋体; line-height: 28px; white-space: normal; -webkit-text-size-adjust: none;">\n	&nbsp;</div>\n<div style="padding: 0px; margin: 0px; font-family: Tahoma, 宋体; line-height: 28px; white-space: normal; -webkit-text-size-adjust: none;">\n	新增：</div>\n<div style="padding: 0px; margin: 0px; font-family: Tahoma, 宋体; line-height: 28px; white-space: normal; -webkit-text-size-adjust: none;">\n	●新增复位节点操作前确认提醒功能；</div>\n<div style="padding: 0px; margin: 0px; font-family: Tahoma, 宋体; line-height: 28px; white-space: normal; -webkit-text-size-adjust: none;">\n	●新增后台搜索支持空格分词搜索；</div>\n<div style="padding: 0px; margin: 0px; font-family: Tahoma, 宋体; line-height: 28px; white-space: normal; -webkit-text-size-adjust: none;">\n	&nbsp;</div>\n<div style="padding: 0px; margin: 0px; font-family: Tahoma, 宋体; line-height: 28px; white-space: normal; -webkit-text-size-adjust: none;">\n	&nbsp;</div>\n<div style="padding: 0px; margin: 0px; font-family: Tahoma, 宋体; line-height: 28px; white-space: normal; -webkit-text-size-adjust: none;">\n	<strong>SiteFactory专业版</strong></div>\n<div style="padding: 0px; margin: 0px; font-family: Tahoma, 宋体; line-height: 28px; white-space: normal; -webkit-text-size-adjust: none;">\n	&nbsp;</div>\n<div style="padding: 0px; margin: 0px; font-family: Tahoma, 宋体; line-height: 28px; white-space: normal; -webkit-text-size-adjust: none;">\n	修复：</div>\n<div style="padding: 0px; margin: 0px; font-family: Tahoma, 宋体; line-height: 28px; white-space: normal; -webkit-text-size-adjust: none;">\n	●修复匿名投稿无法显示作者和来源的问题；</div>\n<div style="padding: 0px; margin: 0px; font-family: Tahoma, 宋体; line-height: 28px; white-space: normal; -webkit-text-size-adjust: none;">\n	●修复文件上传到虚拟目录，无法正常删除的问题；</div>\n<div style="padding: 0px; margin: 0px; font-family: Tahoma, 宋体; line-height: 28px; white-space: normal; -webkit-text-size-adjust: none;">\n	●修复点击【清理无相关文件】按钮后，文章模型中的上传的媒体会被删除的问题；</div>\n<div style="padding: 0px; margin: 0px; font-family: Tahoma, 宋体; line-height: 28px; white-space: normal; -webkit-text-size-adjust: none;">\n	●修复成员设置，快速查找功能无效的问题；</div>\n<div style="padding: 0px; margin: 0px; font-family: Tahoma, 宋体; line-height: 28px; white-space: normal; -webkit-text-size-adjust: none;">\n	●修复全文索引操作出现异常信息的问题；</div>\n<div style="padding: 0px; margin: 0px; font-family: Tahoma, 宋体; line-height: 28px; white-space: normal; -webkit-text-size-adjust: none;">\n	●修复普通管理员，对新建节点没有没有内容管理权限的问题；</div>\n<div style="padding: 0px; margin: 0px; font-family: Tahoma, 宋体; line-height: 28px; white-space: normal; -webkit-text-size-adjust: none;">\n	●修复角色成员设置、部门成员设置，快速查找功能无效的问题；</div>\n<div style="padding: 0px; margin: 0px; font-family: Tahoma, 宋体; line-height: 28px; white-space: normal; -webkit-text-size-adjust: none;">\n	●修复会员扩展字段，无法在会员中心处隐藏的问题；</div>\n<div style="padding: 0px; margin: 0px; font-family: Tahoma, 宋体; line-height: 28px; white-space: normal; -webkit-text-size-adjust: none;">\n	●修复前台公告列表无法分页的问题；</div>\n<div style="padding: 0px; margin: 0px; font-family: Tahoma, 宋体; line-height: 28px; white-space: normal; -webkit-text-size-adjust: none;">\n	●修复生成单页节点页面更改后台目录后资源引用错误的问题；</div>\n<div style="padding: 0px; margin: 0px; font-family: Tahoma, 宋体; line-height: 28px; white-space: normal; -webkit-text-size-adjust: none;">\n	●修复生成单页节点不选择任何节点会出错的问题；</div>\n<div style="padding: 0px; margin: 0px; font-family: Tahoma, 宋体; line-height: 28px; white-space: normal; -webkit-text-size-adjust: none;">\n	●修复生成单页节点页面最外层节点无法选中的问题；</div>\n<div style="padding: 0px; margin: 0px; font-family: Tahoma, 宋体; line-height: 28px; white-space: normal; -webkit-text-size-adjust: none;">\n	●修复下载模型状态为草稿等内容也是可以下载文件的问题；</div>\n<div style="padding: 0px; margin: 0px; font-family: Tahoma, 宋体; line-height: 28px; white-space: normal; -webkit-text-size-adjust: none;">\n	●修复下载模型状态为草稿等内容时能正常下载的问题；</div>\n<div style="padding: 0px; margin: 0px; font-family: Tahoma, 宋体; line-height: 28px; white-space: normal; -webkit-text-size-adjust: none;">\n	●修复上传单个文件时,无法保存链接地址的问题；</div>\n<div style="padding: 0px; margin: 0px; font-family: Tahoma, 宋体; line-height: 28px; white-space: normal; -webkit-text-size-adjust: none;">\n	●修复上传控件和Common.js 产生冲突的问题；</div>\n<div style="padding: 0px; margin: 0px; font-family: Tahoma, 宋体; line-height: 28px; white-space: normal; -webkit-text-size-adjust: none;">\n	●修复后台多图片上传在ie6下无法上传的问题；</div>\n<div style="padding: 0px; margin: 0px; font-family: Tahoma, 宋体; line-height: 28px; white-space: normal; -webkit-text-size-adjust: none;">\n	●修复多图片上传时 无法选择生成首页缩略图的问题；</div>\n<div style="padding: 0px; margin: 0px; font-family: Tahoma, 宋体; line-height: 28px; white-space: normal; -webkit-text-size-adjust: none;">\n	●修复上传发生错误时，不提示错误的问题；</div>\n<div style="padding: 0px; margin: 0px; font-family: Tahoma, 宋体; line-height: 28px; white-space: normal; -webkit-text-size-adjust: none;">\n	●修复采集不支持虚拟目录的问题；</div>\n<div style="padding: 0px; margin: 0px; font-family: Tahoma, 宋体; line-height: 28px; white-space: normal; -webkit-text-size-adjust: none;">\n	●修复IE6下模板选择不正常的问题；</div>\n<div style="padding: 0px; margin: 0px; font-family: Tahoma, 宋体; line-height: 28px; white-space: normal; -webkit-text-size-adjust: none;">\n	●修复三级审核流程中，批量对内容审核错误显示批量内容为终审通过的问题；</div>\n<div style="padding: 0px; margin: 0px; font-family: Tahoma, 宋体; line-height: 28px; white-space: normal; -webkit-text-size-adjust: none;">\n	●修复博客前台&ldquo;页面设置&rdquo;中官方模板列表在IE9下不显示的问题；</div>\n<div style="padding: 0px; margin: 0px; font-family: Tahoma, 宋体; line-height: 28px; white-space: normal; -webkit-text-size-adjust: none;">\n	●修复博客如果没有发表博文时，删除该博客，此博客下面的分类不会删除的问题；</div>\n<div style="padding: 0px; margin: 0px; font-family: Tahoma, 宋体; line-height: 28px; white-space: normal; -webkit-text-size-adjust: none;">\n	●修复博客模块&ldquo;用户博文列表&rdquo;标签在后台标签管理中看不到标签内容的问题；</div>\n<div style="padding: 0px; margin: 0px; font-family: Tahoma, 宋体; line-height: 28px; white-space: normal; -webkit-text-size-adjust: none;">\n	●修复博客模块中&ldquo;博客信息焦点图&rdquo;标签中的无用查询，造成博文很多的时候，性能严重消耗问题；</div>\n<div style="padding: 0px; margin: 0px; font-family: Tahoma, 宋体; line-height: 28px; white-space: normal; -webkit-text-size-adjust: none;">\n	&nbsp;</div>\n<div style="padding: 0px; margin: 0px; font-family: Tahoma, 宋体; line-height: 28px; white-space: normal; -webkit-text-size-adjust: none;">\n	改进：</div>\n<div style="padding: 0px; margin: 0px; font-family: Tahoma, 宋体; line-height: 28px; white-space: normal; -webkit-text-size-adjust: none;">\n	●增加热门关键字标签功能模块；</div>\n<div style="padding: 0px; margin: 0px; font-family: Tahoma, 宋体; line-height: 28px; white-space: normal; -webkit-text-size-adjust: none;">\n	●修改生成单页节点的选择样式；</div>\n<div style="padding: 0px; margin: 0px; font-family: Tahoma, 宋体; line-height: 28px; white-space: normal; -webkit-text-size-adjust: none;">\n	&nbsp;</div>\n<div style="padding: 0px; margin: 0px; font-family: Tahoma, 宋体; line-height: 28px; white-space: normal; -webkit-text-size-adjust: none;">\n	新增：</div>\n<div style="padding: 0px; margin: 0px; font-family: Tahoma, 宋体; line-height: 28px; white-space: normal; -webkit-text-size-adjust: none;">\n	●新增百科系统；</div>\n<div style="padding: 0px; margin: 0px; font-family: Tahoma, 宋体; line-height: 28px; white-space: normal; -webkit-text-size-adjust: none;">\n	●新增针对不同的访问设备提供不同的界面；</div>\n<div style="padding: 0px; margin: 0px; font-family: Tahoma, 宋体; line-height: 28px; white-space: normal; -webkit-text-size-adjust: none;">\n	●新增一个后台对应多种前端设备的界面；</div>\n<div style="padding: 0px; margin: 0px; font-family: Tahoma, 宋体; line-height: 28px; white-space: normal; -webkit-text-size-adjust: none;">\n	●新增增加内容聚合标签功能模块；</div>\n<div style="padding: 0px; margin: 0px; font-family: Tahoma, 宋体; line-height: 28px; white-space: normal; -webkit-text-size-adjust: none;">\n	●新增后台搜索支持空格分词搜索；</div>\n<div style="padding: 0px; margin: 0px; font-family: Tahoma, 宋体; line-height: 28px; white-space: normal; -webkit-text-size-adjust: none;">\n	●新增生成管理中选择可生成的节点时展示明确的节点层级关系；</div>\n<div style="padding: 0px; margin: 0px; font-family: Tahoma, 宋体; line-height: 28px; white-space: normal; -webkit-text-size-adjust: none;">\n	●新增复位节点操作前确认提醒功能；</div>\n<div style="padding: 0px; margin: 0px; font-family: Tahoma, 宋体; line-height: 28px; white-space: normal; -webkit-text-size-adjust: none;">\n	&nbsp;</div>\n<div style="padding: 0px; margin: 0px; font-family: Tahoma, 宋体; line-height: 28px; white-space: normal; -webkit-text-size-adjust: none;">\n	&nbsp;</div>\n<div style="padding: 0px; margin: 0px; font-family: Tahoma, 宋体; line-height: 28px; white-space: normal; -webkit-text-size-adjust: none;">\n	<strong>BizIdea标准版：</strong></div>\n<div style="padding: 0px; margin: 0px; font-family: Tahoma, 宋体; line-height: 28px; white-space: normal; -webkit-text-size-adjust: none;">\n	&nbsp;</div>\n<div style="padding: 0px; margin: 0px; font-family: Tahoma, 宋体; line-height: 28px; white-space: normal; -webkit-text-size-adjust: none;">\n	修复：</div>\n<div style="padding: 0px; margin: 0px; font-family: Tahoma, 宋体; line-height: 28px; white-space: normal; -webkit-text-size-adjust: none;">\n	●修复订单流程第二步和提交订单后运费在显示上出现差异的问题；</div>\n<div style="padding: 0px; margin: 0px; font-family: Tahoma, 宋体; line-height: 28px; white-space: normal; -webkit-text-size-adjust: none;">\n	●修复商品设置虚拟库存，下单后对商品的库存统计无效的问题；</div>\n<div style="padding: 0px; margin: 0px; font-family: Tahoma, 宋体; line-height: 28px; white-space: normal; -webkit-text-size-adjust: none;">\n	●修复勾选筛选条件后，点击&ldquo;删除&rdquo;，下拉列表并没有取消勾选的问题；</div>\n<div style="padding: 0px; margin: 0px; font-family: Tahoma, 宋体; line-height: 28px; white-space: normal; -webkit-text-size-adjust: none;">\n	●修复订单填写发票信息，发票金额无法保存的问题；</div>\n<div style="padding: 0px; margin: 0px; font-family: Tahoma, 宋体; line-height: 28px; white-space: normal; -webkit-text-size-adjust: none;">\n	●修复对订单的邮编进行修改造成邮费计算出现变动的问题；</div>\n<div style="padding: 0px; margin: 0px; font-family: Tahoma, 宋体; line-height: 28px; white-space: normal; -webkit-text-size-adjust: none;">\n	●修复会员中心的【个性化首页】图片显示不出来的问题；</div>\n<div style="padding: 0px; margin: 0px; font-family: Tahoma, 宋体; line-height: 28px; white-space: normal; -webkit-text-size-adjust: none;">\n	●修复送货方式管理中的[同一城市间运费标准]在IE8下样式错误的问题；</div>\n<div style="padding: 0px; margin: 0px; font-family: Tahoma, 宋体; line-height: 28px; white-space: normal; -webkit-text-size-adjust: none;">\n	●修复会员中心首页订单及物流状态显示错误的问题；</div>\n<div style="padding: 0px; margin: 0px; font-family: Tahoma, 宋体; line-height: 28px; white-space: normal; -webkit-text-size-adjust: none;">\n	●修复前台积分商品列表页无法分页的问题；</div>\n<div style="padding: 0px; margin: 0px; font-family: Tahoma, 宋体; line-height: 28px; white-space: normal; -webkit-text-size-adjust: none;">\n	●修复提交订单选择银行汇款，订单付款情况错误显示已付清的问题；</div>\n<div style="padding: 0px; margin: 0px; font-family: Tahoma, 宋体; line-height: 28px; white-space: normal; -webkit-text-size-adjust: none;">\n	●修复品牌页面，商品分类无效的问题；</div>\n<div style="padding: 0px; margin: 0px; font-family: Tahoma, 宋体; line-height: 28px; white-space: normal; -webkit-text-size-adjust: none;">\n	●修复会员中心,添加商品,缺少商品款色项的问题；</div>\n<div style="padding: 0px; margin: 0px; font-family: Tahoma, 宋体; line-height: 28px; white-space: normal; -webkit-text-size-adjust: none;">\n	●修复限购商品，已购买限制数量后，可以不断向后台提交商品数量为零的订单的问题；</div>\n<div style="padding: 0px; margin: 0px; font-family: Tahoma, 宋体; line-height: 28px; white-space: normal; -webkit-text-size-adjust: none;">\n	●修复多属性的秒杀商品，秒杀后，商品属性为空的问题；</div>\n<div style="padding: 0px; margin: 0px; font-family: Tahoma, 宋体; line-height: 28px; white-space: normal; -webkit-text-size-adjust: none;">\n	●修复会员中心的【个性化首页】图片无法显示的问题；</div>\n<div style="padding: 0px; margin: 0px; font-family: Tahoma, 宋体; line-height: 28px; white-space: normal; -webkit-text-size-adjust: none;">\n	●修复会员中心，无法查看&ldquo;信息管理，商店管理，好友管理，短消息管理，推广管理&rdquo;的问题；</div>\n<div style="padding: 0px; margin: 0px; font-family: Tahoma, 宋体; line-height: 28px; white-space: normal; -webkit-text-size-adjust: none;">\n	●修复游客下单联系人信息不准确的问题；</div>\n<div style="padding: 0px; margin: 0px; font-family: Tahoma, 宋体; line-height: 28px; white-space: normal; -webkit-text-size-adjust: none;">\n	&nbsp;</div>\n<div style="padding: 0px; margin: 0px; font-family: Tahoma, 宋体; line-height: 28px; white-space: normal; -webkit-text-size-adjust: none;">\n	改进：</div>\n<div style="padding: 0px; margin: 0px; font-family: Tahoma, 宋体; line-height: 28px; white-space: normal; -webkit-text-size-adjust: none;">\n	●订单复杂查询性能优化；</div>\n<div style="padding: 0px; margin: 0px; font-family: Tahoma, 宋体; line-height: 28px; white-space: normal; -webkit-text-size-adjust: none;">\n	●改进生成单页面节点的选择样式，和在各浏览器下的兼容性；</div>\n<div style="padding: 0px; margin: 0px; font-family: Tahoma, 宋体; line-height: 28px; white-space: normal; -webkit-text-size-adjust: none;">\n	●改进客户查重功能；</div>\n<div style="padding: 0px; margin: 0px; font-family: Tahoma, 宋体; line-height: 28px; white-space: normal; -webkit-text-size-adjust: none;">\n	●客户列表改进；</div>\n<div style="padding: 0px; margin: 0px; font-family: Tahoma, 宋体; line-height: 28px; white-space: normal; -webkit-text-size-adjust: none;">\n	●客户列表增加客户行业筛选条件；</div>\n<div style="padding: 0px; margin: 0px; font-family: Tahoma, 宋体; line-height: 28px; white-space: normal; -webkit-text-size-adjust: none;">\n	●客户查重功能改进（点击客户列表，在页面下方显示客户的基本信息和订单列表）；</div>\n<div style="padding: 0px; margin: 0px; font-family: Tahoma, 宋体; line-height: 28px; white-space: normal; -webkit-text-size-adjust: none;">\n	●客户查重功能改进（搜索条件增加&ldquo;助记名&rdquo;字段、搜索时支持分词搜索、CRM的客户管理的右侧筛选条件，时间范围增加&ldquo;超过20天没有联系的客户&rdquo;）；</div>\n<div style="padding: 0px; margin: 0px; font-family: Tahoma, 宋体; line-height: 28px; white-space: normal; -webkit-text-size-adjust: none;">\n	●增加客户查重页面权限；</div>\n<div style="padding: 0px; margin: 0px; font-family: Tahoma, 宋体; line-height: 28px; white-space: normal; -webkit-text-size-adjust: none;">\n	●客户复杂查询增加公共客户查询条件；</div>\n<div style="padding: 0px; margin: 0px; font-family: Tahoma, 宋体; line-height: 28px; white-space: normal; -webkit-text-size-adjust: none;">\n	&nbsp;</div>\n<div style="padding: 0px; margin: 0px; font-family: Tahoma, 宋体; line-height: 28px; white-space: normal; -webkit-text-size-adjust: none;">\n	新增：</div>\n<div style="padding: 0px; margin: 0px; font-family: Tahoma, 宋体; line-height: 28px; white-space: normal; -webkit-text-size-adjust: none;">\n	●新增&quot;自动释放客户&quot;功能；</div>\n<div style="padding: 0px; margin: 0px; font-family: Tahoma, 宋体; line-height: 28px; white-space: normal; -webkit-text-size-adjust: none;">\n	●新增客服中心，预约提醒，联系记录管理，投诉管理 加入空格分词搜索功能；</div>\n<div style="padding: 0px; margin: 0px; font-family: Tahoma, 宋体; line-height: 28px; white-space: normal; -webkit-text-size-adjust: none;">\n	●新增商品后台搜索加入空格分词搜索功能；</div>\n<div style="padding: 0px; margin: 0px; font-family: Tahoma, 宋体; line-height: 28px; white-space: normal; -webkit-text-size-adjust: none;">\n	●新增增加热门关键字标签模块功能；</div>\n<div style="padding: 0px; margin: 0px; font-family: Tahoma, 宋体; line-height: 28px; white-space: normal; -webkit-text-size-adjust: none;">\n	●新增客户列表增加客户行业筛选条件；</div>\n<div style="padding: 0px; margin: 0px; font-family: Tahoma, 宋体; line-height: 28px; white-space: normal; -webkit-text-size-adjust: none;">\n	●新增复位节点操作前确认提醒功能；</div>\n<div style="padding: 0px; margin: 0px; font-family: Tahoma, 宋体; line-height: 28px; white-space: normal; -webkit-text-size-adjust: none;">\n	&nbsp;</div>\n<div style="padding: 0px; margin: 0px; font-family: Tahoma, 宋体; line-height: 28px; white-space: normal; -webkit-text-size-adjust: none;">\n	&nbsp;</div>\n<div style="padding: 0px; margin: 0px; font-family: Tahoma, 宋体; line-height: 28px; white-space: normal; -webkit-text-size-adjust: none;">\n	<strong>BizIdea专业版</strong></div>\n<div style="padding: 0px; margin: 0px; font-family: Tahoma, 宋体; line-height: 28px; white-space: normal; -webkit-text-size-adjust: none;">\n	&nbsp;</div>\n<div style="padding: 0px; margin: 0px; font-family: Tahoma, 宋体; line-height: 28px; white-space: normal; -webkit-text-size-adjust: none;">\n	修复：</div>\n<div style="padding: 0px; margin: 0px; font-family: Tahoma, 宋体; line-height: 28px; white-space: normal; -webkit-text-size-adjust: none;">\n	●修复订单流程第二步和提交订单后运费在显示上出现差异的问题；</div>\n<div style="padding: 0px; margin: 0px; font-family: Tahoma, 宋体; line-height: 28px; white-space: normal; -webkit-text-size-adjust: none;">\n	●修复商品设置虚拟库存，下单后对商品的库存统计无效的问题；</div>\n<div style="padding: 0px; margin: 0px; font-family: Tahoma, 宋体; line-height: 28px; white-space: normal; -webkit-text-size-adjust: none;">\n	●修复勾选筛选条件后，点击&ldquo;删除&rdquo;，下拉列表并没有取消勾选的问题；</div>\n<div style="padding: 0px; margin: 0px; font-family: Tahoma, 宋体; line-height: 28px; white-space: normal; -webkit-text-size-adjust: none;">\n	●修复订单填写发票信息，发票金额无法保存的问题；</div>\n<div style="padding: 0px; margin: 0px; font-family: Tahoma, 宋体; line-height: 28px; white-space: normal; -webkit-text-size-adjust: none;">\n	●修复对订单的邮编进行修改造成邮费计算出现变动的问题；</div>\n<div style="padding: 0px; margin: 0px; font-family: Tahoma, 宋体; line-height: 28px; white-space: normal; -webkit-text-size-adjust: none;">\n	●修复游客下单联系人信息不准确的问题；</div>\n<div style="padding: 0px; margin: 0px; font-family: Tahoma, 宋体; line-height: 28px; white-space: normal; -webkit-text-size-adjust: none;">\n	●修复会员中心的【个性化首页】图片显示不出来的问题；</div>\n<div style="padding: 0px; margin: 0px; font-family: Tahoma, 宋体; line-height: 28px; white-space: normal; -webkit-text-size-adjust: none;">\n	●修复送货方式管理中的[同一城市间运费标准]在IE8下样式错误的问题；</div>\n<div style="padding: 0px; margin: 0px; font-family: Tahoma, 宋体; line-height: 28px; white-space: normal; -webkit-text-size-adjust: none;">\n	●修复会员中心首页订单及物流状态显示错误的问题；</div>\n<div style="padding: 0px; margin: 0px; font-family: Tahoma, 宋体; line-height: 28px; white-space: normal; -webkit-text-size-adjust: none;">\n	●修复前台积分商品列表页无法分页的问题；</div>\n<div style="padding: 0px; margin: 0px; font-family: Tahoma, 宋体; line-height: 28px; white-space: normal; -webkit-text-size-adjust: none;">\n	●修复限时抢购功能对时间开始和结束时间判断有误的问题；</div>\n<div style="padding: 0px; margin: 0px; font-family: Tahoma, 宋体; line-height: 28px; white-space: normal; -webkit-text-size-adjust: none;">\n	●修复会员中心,添加商品,缺少商品款色项的问题；</div>\n<div style="padding: 0px; margin: 0px; font-family: Tahoma, 宋体; line-height: 28px; white-space: normal; -webkit-text-size-adjust: none;">\n	●修复限购商品，已购买限制数量后，可以不断向后台提交商品数量为零的订单的问题</div>\n<div style="padding: 0px; margin: 0px; font-family: Tahoma, 宋体; line-height: 28px; white-space: normal; -webkit-text-size-adjust: none;">\n	●修复多属性的秒杀商品，秒杀后，商品属性为空的问题；</div>\n<div style="padding: 0px; margin: 0px; font-family: Tahoma, 宋体; line-height: 28px; white-space: normal; -webkit-text-size-adjust: none;">\n	●修复提交订单选择银行汇款，订单付款情况错误显示已付清的问题；</div>\n<div style="padding: 0px; margin: 0px; font-family: Tahoma, 宋体; line-height: 28px; white-space: normal; -webkit-text-size-adjust: none;">\n	●修复品牌页面，商品分类无效的问题；</div>\n<div style="padding: 0px; margin: 0px; font-family: Tahoma, 宋体; line-height: 28px; white-space: normal; -webkit-text-size-adjust: none;">\n	●修复博客前台&ldquo;页面设置&rdquo;中官方模板列表在IE9下不显示的问题；</div>\n<div style="padding: 0px; margin: 0px; font-family: Tahoma, 宋体; line-height: 28px; white-space: normal; -webkit-text-size-adjust: none;">\n	●修复博客如果没有发表博文时，删除该博客，此博客下面的分类不会删除的问题；</div>\n<div style="padding: 0px; margin: 0px; font-family: Tahoma, 宋体; line-height: 28px; white-space: normal; -webkit-text-size-adjust: none;">\n	●修复博客模块&ldquo;用户博文列表&rdquo;标签在后台标签管理中看不到标签内容的问题；</div>\n<div style="padding: 0px; margin: 0px; font-family: Tahoma, 宋体; line-height: 28px; white-space: normal; -webkit-text-size-adjust: none;">\n	●修复博客模块中&ldquo;博客信息焦点图&rdquo;标签中的无用查询，造成博文很多的时候，性能严重消耗问题；</div>\n<div style="padding: 0px; margin: 0px; font-family: Tahoma, 宋体; line-height: 28px; white-space: normal; -webkit-text-size-adjust: none;">\n	●修复文件上传到虚拟目录，无法正常删除的问题；</div>\n<div style="padding: 0px; margin: 0px; font-family: Tahoma, 宋体; line-height: 28px; white-space: normal; -webkit-text-size-adjust: none;">\n	●修复成员设置，快速查找功能无效的问题；</div>\n<div style="padding: 0px; margin: 0px; font-family: Tahoma, 宋体; line-height: 28px; white-space: normal; -webkit-text-size-adjust: none;">\n	●修复多图片上传时 无法选择生成首页缩略图的问题；</div>\n<div style="padding: 0px; margin: 0px; font-family: Tahoma, 宋体; line-height: 28px; white-space: normal; -webkit-text-size-adjust: none;">\n	&nbsp;</div>\n<div style="padding: 0px; margin: 0px; font-family: Tahoma, 宋体; line-height: 28px; white-space: normal; -webkit-text-size-adjust: none;">\n	改进：</div>\n<div style="padding: 0px; margin: 0px; font-family: Tahoma, 宋体; line-height: 28px; white-space: normal; -webkit-text-size-adjust: none;">\n	●订单复杂查询性能优化；</div>\n<div style="padding: 0px; margin: 0px; font-family: Tahoma, 宋体; line-height: 28px; white-space: normal; -webkit-text-size-adjust: none;">\n	●改进生成单页面节点的选择样式，和在各浏览器下的兼容性；</div>\n<div style="padding: 0px; margin: 0px; font-family: Tahoma, 宋体; line-height: 28px; white-space: normal; -webkit-text-size-adjust: none;">\n	●改进客户查重功能；</div>\n<div style="padding: 0px; margin: 0px; font-family: Tahoma, 宋体; line-height: 28px; white-space: normal; -webkit-text-size-adjust: none;">\n	●客户列表改进；</div>\n<div style="padding: 0px; margin: 0px; font-family: Tahoma, 宋体; line-height: 28px; white-space: normal; -webkit-text-size-adjust: none;">\n	●客户列表增加客户行业筛选条件；</div>\n<div style="padding: 0px; margin: 0px; font-family: Tahoma, 宋体; line-height: 28px; white-space: normal; -webkit-text-size-adjust: none;">\n	●客户查重功能改进（点击客户列表，在页面下方显示客户的基本信息和订单列表）；</div>\n<div style="padding: 0px; margin: 0px; font-family: Tahoma, 宋体; line-height: 28px; white-space: normal; -webkit-text-size-adjust: none;">\n	●客户查重功能改进（搜索条件增加&ldquo;助记名&rdquo;字段、搜索时支持分词搜索、CRM的客户管理的右侧筛选条件，时间范围增加&ldquo;超过20天没有联系的客户&rdquo;）；</div>\n<div style="padding: 0px; margin: 0px; font-family: Tahoma, 宋体; line-height: 28px; white-space: normal; -webkit-text-size-adjust: none;">\n	●增加客户查重页面权限；</div>\n<div style="padding: 0px; margin: 0px; font-family: Tahoma, 宋体; line-height: 28px; white-space: normal; -webkit-text-size-adjust: none;">\n	●客户复杂查询增加公共客户查询条件；</div>\n<div style="padding: 0px; margin: 0px; font-family: Tahoma, 宋体; line-height: 28px; white-space: normal; -webkit-text-size-adjust: none;">\n	&nbsp;</div>\n<div style="padding: 0px; margin: 0px; font-family: Tahoma, 宋体; line-height: 28px; white-space: normal; -webkit-text-size-adjust: none;">\n	新增：</div>\n<div style="padding: 0px; margin: 0px; font-family: Tahoma, 宋体; line-height: 28px; white-space: normal; -webkit-text-size-adjust: none;">\n	●新增百科系统；</div>\n<div style="padding: 0px; margin: 0px; font-family: Tahoma, 宋体; line-height: 28px; white-space: normal; -webkit-text-size-adjust: none;">\n	●新增针对不同的访问设备提供不同的界面；</div>\n<div style="padding: 0px; margin: 0px; font-family: Tahoma, 宋体; line-height: 28px; white-space: normal; -webkit-text-size-adjust: none;">\n	●新增一个后台对应多种前端设备的界面；</div>\n<div style="padding: 0px; margin: 0px; font-family: Tahoma, 宋体; line-height: 28px; white-space: normal; -webkit-text-size-adjust: none;">\n	●新增&quot;自动释放客户&quot;功能；</div>\n<div style="padding: 0px; margin: 0px; font-family: Tahoma, 宋体; line-height: 28px; white-space: normal; -webkit-text-size-adjust: none;">\n	●新增客服中心，预约提醒，联系记录管理，投诉管理和问题管理 加入空格分词搜索功能；</div>\n<div style="padding: 0px; margin: 0px; font-family: Tahoma, 宋体; line-height: 28px; white-space: normal; -webkit-text-size-adjust: none;">\n	●新增商品后台搜索加入空格分词搜索功能；</div>\n<div style="padding: 0px; margin: 0px; font-family: Tahoma, 宋体; line-height: 28px; white-space: normal; -webkit-text-size-adjust: none;">\n	●新增百科词条加入后台搜索支持空格分词搜索；</div>\n<div style="padding: 0px; margin: 0px; font-family: Tahoma, 宋体; line-height: 28px; white-space: normal; -webkit-text-size-adjust: none;">\n	●新增问答模块，内容后台，后台博文加入空格分词搜索功能；</div>\n<div style="padding: 0px; margin: 0px; font-family: Tahoma, 宋体; line-height: 28px; white-space: normal; -webkit-text-size-adjust: none;">\n	●新增增加热门关键字标签模块功能；</div>\n<div style="padding: 0px; margin: 0px; font-family: Tahoma, 宋体; line-height: 28px; white-space: normal; -webkit-text-size-adjust: none;">\n	●新增客户列表增加客户行业筛选条件；</div>\n<div style="padding: 0px; margin: 0px; font-family: Tahoma, 宋体; line-height: 28px; white-space: normal; -webkit-text-size-adjust: none;">\n	●新增复位节点操作前确认提醒功能；</div>\n<div style="padding: 0px; margin: 0px; font-family: Tahoma, 宋体; line-height: 28px; white-space: normal; -webkit-text-size-adjust: none;">\n	&nbsp;</div>\n<div style="padding: 0px; margin: 0px; font-family: Tahoma, 宋体; line-height: 28px; white-space: normal; -webkit-text-size-adjust: none;">\n	&nbsp;</div>\n<div style="padding: 0px; margin: 0px; font-family: Tahoma, 宋体; line-height: 28px; white-space: normal; -webkit-text-size-adjust: none;">\n	<strong>行业网站管理系统</strong></div>\n<div style="padding: 0px; margin: 0px; font-family: Tahoma, 宋体; line-height: 28px; white-space: normal; -webkit-text-size-adjust: none;">\n	&nbsp;</div>\n<div style="padding: 0px; margin: 0px; font-family: Tahoma, 宋体; line-height: 28px; white-space: normal; -webkit-text-size-adjust: none;">\n	修复：</div>\n<div style="padding: 0px; margin: 0px; font-family: Tahoma, 宋体; line-height: 28px; white-space: normal; -webkit-text-size-adjust: none;">\n	●修复分类信息，信息状态设置无效的问题；</div>\n<div style="padding: 0px; margin: 0px; font-family: Tahoma, 宋体; line-height: 28px; white-space: normal; -webkit-text-size-adjust: none;">\n	●修复前台填写供求信息，物品数量类型提示错误的问题；</div>\n<div style="padding: 0px; margin: 0px; font-family: Tahoma, 宋体; line-height: 28px; white-space: normal; -webkit-text-size-adjust: none;">\n	●修复求购标题单击无效，标题点击没连接到求购信息页面的问题；</div>\n<div style="padding: 0px; margin: 0px; font-family: Tahoma, 宋体; line-height: 28px; white-space: normal; -webkit-text-size-adjust: none;">\n	●修复修改简历风格，点击返回按键无效的问题；</div>\n<div style="padding: 0px; margin: 0px; font-family: Tahoma, 宋体; line-height: 28px; white-space: normal; -webkit-text-size-adjust: none;">\n	●修复前台找回密码页面，出现文字重叠样式错误的问题；</div>\n<div style="padding: 0px; margin: 0px; font-family: Tahoma, 宋体; line-height: 28px; white-space: normal; -webkit-text-size-adjust: none;">\n	●修复分类信息后台关键字分页出错的问题；</div>\n<div style="padding: 0px; margin: 0px; font-family: Tahoma, 宋体; line-height: 28px; white-space: normal; -webkit-text-size-adjust: none;">\n	●修复行业版后台关键字排行分页出错的问题；</div>\n<div style="padding: 0px; margin: 0px; font-family: Tahoma, 宋体; line-height: 28px; white-space: normal; -webkit-text-size-adjust: none;">\n	●修复人才招聘内容无法保存的问题；</div>\n<div style="padding: 0px; margin: 0px; font-family: Tahoma, 宋体; line-height: 28px; white-space: normal; -webkit-text-size-adjust: none;">\n	●修复行业版前台搜索企业信息时，关键字记录类型错误的问题；</div>\n<div style="padding: 0px; margin: 0px; font-family: Tahoma, 宋体; line-height: 28px; white-space: normal; -webkit-text-size-adjust: none;">\n	●修复行业办人才中心在谷歌浏览器下的兼容问题；</div>\n<div style="padding: 0px; margin: 0px; font-family: Tahoma, 宋体; line-height: 28px; white-space: normal; -webkit-text-size-adjust: none;">\n	●修复行业版企业网站招聘列表页,招聘内容页,点击申请职位按钮出错的问题；</div>\n<div style="padding: 0px; margin: 0px; font-family: Tahoma, 宋体; line-height: 28px; white-space: normal; -webkit-text-size-adjust: none;">\n	●修复文件上传到虚拟目录，无法正常删除的问题；</div>\n<div style="padding: 0px; margin: 0px; font-family: Tahoma, 宋体; line-height: 28px; white-space: normal; -webkit-text-size-adjust: none;">\n	●修复成员设置，快速查找功能无效的问题；</div>\n<div style="padding: 0px; margin: 0px; font-family: Tahoma, 宋体; line-height: 28px; white-space: normal; -webkit-text-size-adjust: none;">\n	●修复生成单页节点页面更改后台目录后资源引用错误的问题；</div>\n<div style="padding: 0px; margin: 0px; font-family: Tahoma, 宋体; line-height: 28px; white-space: normal; -webkit-text-size-adjust: none;">\n	●修复生成单页节点不选择任何节点会出错的问题；</div>\n<div style="padding: 0px; margin: 0px; font-family: Tahoma, 宋体; line-height: 28px; white-space: normal; -webkit-text-size-adjust: none;">\n	●修复生成单页节点页面最外层节点无法选中的问题；</div>\n<div style="padding: 0px; margin: 0px; font-family: Tahoma, 宋体; line-height: 28px; white-space: normal; -webkit-text-size-adjust: none;">\n	&nbsp;</div>\n<div style="padding: 0px; margin: 0px; font-family: Tahoma, 宋体; line-height: 28px; white-space: normal; -webkit-text-size-adjust: none;">\n	改进：</div>\n<div style="padding: 0px; margin: 0px; font-family: Tahoma, 宋体; line-height: 28px; white-space: normal; -webkit-text-size-adjust: none;">\n	●增加热门关键字标签功能模块；</div>\n<div style="padding: 0px; margin: 0px; font-family: Tahoma, 宋体; line-height: 28px; white-space: normal; -webkit-text-size-adjust: none;">\n	●修改生成单页节点的选择样式；</div>\n<div style="padding: 0px; margin: 0px; font-family: Tahoma, 宋体; line-height: 28px; white-space: normal; -webkit-text-size-adjust: none;">\n	&nbsp;</div>\n<div style="padding: 0px; margin: 0px; font-family: Tahoma, 宋体; line-height: 28px; white-space: normal; -webkit-text-size-adjust: none;">\n	新增：</div>\n<div style="padding: 0px; margin: 0px; font-family: Tahoma, 宋体; line-height: 28px; white-space: normal; -webkit-text-size-adjust: none;">\n	●新增百科系统；</div>\n<div style="padding: 0px; margin: 0px; font-family: Tahoma, 宋体; line-height: 28px; white-space: normal; -webkit-text-size-adjust: none;">\n	●新增针对不同的访问设备提供不同的界面；</div>\n<div style="padding: 0px; margin: 0px; font-family: Tahoma, 宋体; line-height: 28px; white-space: normal; -webkit-text-size-adjust: none;">\n	●新增一个后台对应多种前端设备的界面；</div>\n<div style="padding: 0px; margin: 0px; font-family: Tahoma, 宋体; line-height: 28px; white-space: normal; -webkit-text-size-adjust: none;">\n	●新增后台搜索支持空格分词搜索；</div>\n<div style="padding: 0px; margin: 0px; font-family: Tahoma, 宋体; line-height: 28px; white-space: normal; -webkit-text-size-adjust: none;">\n	●新增生成管理中选择可生成的节点时展示明确的节点层级关系；</div>\n<div style="padding: 0px; margin: 0px; font-family: Tahoma, 宋体; line-height: 28px; white-space: normal; -webkit-text-size-adjust: none;">\n	●新增复位节点操作前确认提醒功能；</div>\n<div style="padding: 0px; margin: 0px; font-family: Tahoma, 宋体; line-height: 28px; white-space: normal; -webkit-text-size-adjust: none;">\n	&nbsp;</div>\n<div style="padding: 0px; margin: 0px; font-family: Tahoma, 宋体; line-height: 28px; white-space: normal; -webkit-text-size-adjust: none;">\n	&nbsp;</div>\n<div style="padding: 0px; margin: 0px; font-family: Tahoma, 宋体; line-height: 28px; white-space: normal; -webkit-text-size-adjust: none;">\n	<strong>文件服务器</strong></div>\n<div style="padding: 0px; margin: 0px; font-family: Tahoma, 宋体; line-height: 28px; white-space: normal; -webkit-text-size-adjust: none;">\n	&nbsp;</div>\n<div style="padding: 0px; margin: 0px; font-family: Tahoma, 宋体; line-height: 28px; white-space: normal; -webkit-text-size-adjust: none;">\n	修复：</div>\n<div style="padding: 0px; margin: 0px; font-family: Tahoma, 宋体; line-height: 28px; white-space: normal; -webkit-text-size-adjust: none;">\n	●修复+ 号文件上传错误和删除文件后提交失败错误的问题；</div>\n<div style="padding: 0px; margin: 0px; font-family: Tahoma, 宋体; line-height: 28px; white-space: normal; -webkit-text-size-adjust: none;">\n	&nbsp;</div>\n<div style="padding: 0px; margin: 0px; font-family: Tahoma, 宋体; line-height: 28px; white-space: normal; -webkit-text-size-adjust: none;">\n	SmartSchool校庆版</div>\n<div style="padding: 0px; margin: 0px; font-family: Tahoma, 宋体; line-height: 28px; white-space: normal; -webkit-text-size-adjust: none;">\n	&nbsp;</div>\n<div style="padding: 0px; margin: 0px; font-family: Tahoma, 宋体; line-height: 28px; white-space: normal; -webkit-text-size-adjust: none;">\n	修复：</div>\n<div style="padding: 0px; margin: 0px; font-family: Tahoma, 宋体; line-height: 28px; white-space: normal; -webkit-text-size-adjust: none;">\n	●修复生成单页节点页面更改后台目录后资源引用错误的问题；</div>\n<div style="padding: 0px; margin: 0px; font-family: Tahoma, 宋体; line-height: 28px; white-space: normal; -webkit-text-size-adjust: none;">\n	●修复生成单页节点不选择任何节点会出错的问题；</div>\n<div style="padding: 0px; margin: 0px; font-family: Tahoma, 宋体; line-height: 28px; white-space: normal; -webkit-text-size-adjust: none;">\n	●修复生成单页节点页面最外层节点无法选中的问题；</div>\n<div style="padding: 0px; margin: 0px; font-family: Tahoma, 宋体; line-height: 28px; white-space: normal; -webkit-text-size-adjust: none;">\n	●修复三级审核流程中，批量对内容审核错误显示批量内容为终审通过的问题；</div>\n<div style="padding: 0px; margin: 0px; font-family: Tahoma, 宋体; line-height: 28px; white-space: normal; -webkit-text-size-adjust: none;">\n	●修复角色成员设置、部门成员设置，快速查找功能无效的问题；</div>\n<div style="padding: 0px; margin: 0px; font-family: Tahoma, 宋体; line-height: 28px; white-space: normal; -webkit-text-size-adjust: none;">\n	●修复后台多图片上传在ie6下无法上传的问题；</div>\n<div style="padding: 0px; margin: 0px; font-family: Tahoma, 宋体; line-height: 28px; white-space: normal; -webkit-text-size-adjust: none;">\n	●修复多图片上传时 无法选择生成首页缩略图的问题；</div>\n<div style="padding: 0px; margin: 0px; font-family: Tahoma, 宋体; line-height: 28px; white-space: normal; -webkit-text-size-adjust: none;">\n	●修复采集不支持虚拟目录的问题；</div>\n<div style="padding: 0px; margin: 0px; font-family: Tahoma, 宋体; line-height: 28px; white-space: normal; -webkit-text-size-adjust: none;">\n	●修复普通管理员，对新建节点没有没有内容管理权限的问题；</div>\n<div style="padding: 0px; margin: 0px; font-family: Tahoma, 宋体; line-height: 28px; white-space: normal; -webkit-text-size-adjust: none;">\n	●修复管理员被删除后，对应的部门关系表记录没有被删除的问题；</div>\n<div style="padding: 0px; margin: 0px; font-family: Tahoma, 宋体; line-height: 28px; white-space: normal; -webkit-text-size-adjust: none;">\n	&nbsp;</div>\n<div style="padding: 0px; margin: 0px; font-family: Tahoma, 宋体; line-height: 28px; white-space: normal; -webkit-text-size-adjust: none;">\n	改进：</div>\n<div style="padding: 0px; margin: 0px; font-family: Tahoma, 宋体; line-height: 28px; white-space: normal; -webkit-text-size-adjust: none;">\n	●增加热门关键字标签功能模块；</div>\n<div style="padding: 0px; margin: 0px; font-family: Tahoma, 宋体; line-height: 28px; white-space: normal; -webkit-text-size-adjust: none;">\n	●修改生成单页节点的选择样式；</div>\n<div style="padding: 0px; margin: 0px; font-family: Tahoma, 宋体; line-height: 28px; white-space: normal; -webkit-text-size-adjust: none;">\n	&nbsp;</div>\n<div style="padding: 0px; margin: 0px; font-family: Tahoma, 宋体; line-height: 28px; white-space: normal; -webkit-text-size-adjust: none;">\n	新增：</div>\n<div style="padding: 0px; margin: 0px; font-family: Tahoma, 宋体; line-height: 28px; white-space: normal; -webkit-text-size-adjust: none;">\n	●新增百科系统；</div>\n<div style="padding: 0px; margin: 0px; font-family: Tahoma, 宋体; line-height: 28px; white-space: normal; -webkit-text-size-adjust: none;">\n	●新增针对不同的访问设备提供不同的界面；</div>\n<div style="padding: 0px; margin: 0px; font-family: Tahoma, 宋体; line-height: 28px; white-space: normal; -webkit-text-size-adjust: none;">\n	●新增一个后台对应多种前端设备的界面；</div>\n<div style="padding: 0px; margin: 0px; font-family: Tahoma, 宋体; line-height: 28px; white-space: normal; -webkit-text-size-adjust: none;">\n	●新增后台搜索支持空格分词搜索；</div>\n<div style="padding: 0px; margin: 0px; font-family: Tahoma, 宋体; line-height: 28px; white-space: normal; -webkit-text-size-adjust: none;">\n	●新增生成管理中选择可生成的节点时展示明确的节点层级关系；</div>\n<div style="padding: 0px; margin: 0px; font-family: Tahoma, 宋体; line-height: 28px; white-space: normal; -webkit-text-size-adjust: none;">\n	●新增复位节点操作前确认提醒功能；</div>\n<div style="padding: 0px; margin: 0px; font-family: Tahoma, 宋体; line-height: 28px; white-space: normal; -webkit-text-size-adjust: none;">\n	&nbsp;</div>\n<div style="padding: 0px; margin: 0px; font-family: Tahoma, 宋体; line-height: 28px; white-space: normal; -webkit-text-size-adjust: none;">\n	&nbsp;</div>\n<div style="padding: 0px; margin: 0px; font-family: Tahoma, 宋体; line-height: 28px; white-space: normal; -webkit-text-size-adjust: none;">\n	<strong>协同办公与知识共享平台</strong></div>\n<div style="padding: 0px; margin: 0px; font-family: Tahoma, 宋体; line-height: 28px; white-space: normal; -webkit-text-size-adjust: none;">\n	&nbsp;</div>\n<div style="padding: 0px; margin: 0px; font-family: Tahoma, 宋体; line-height: 28px; white-space: normal; -webkit-text-size-adjust: none;">\n	修复：</div>\n<div style="padding: 0px; margin: 0px; font-family: Tahoma, 宋体; line-height: 28px; white-space: normal; -webkit-text-size-adjust: none;">\n	●修复生成单页节点页面更改后台目录后资源引用错误的问题；</div>\n<div style="padding: 0px; margin: 0px; font-family: Tahoma, 宋体; line-height: 28px; white-space: normal; -webkit-text-size-adjust: none;">\n	●修复生成单页节点不选择任何节点会出错的问题；</div>\n<div style="padding: 0px; margin: 0px; font-family: Tahoma, 宋体; line-height: 28px; white-space: normal; -webkit-text-size-adjust: none;">\n	●修复生成单页节点页面最外层节点无法选中的问题；</div>\n<div style="padding: 0px; margin: 0px; font-family: Tahoma, 宋体; line-height: 28px; white-space: normal; -webkit-text-size-adjust: none;">\n	●修复三级审核流程中，批量对内容审核错误显示批量内容为终审通过的问题；</div>\n<div style="padding: 0px; margin: 0px; font-family: Tahoma, 宋体; line-height: 28px; white-space: normal; -webkit-text-size-adjust: none;">\n	●修复角色成员设置、部门成员设置，快速查找功能无效的问题；</div>\n<div style="padding: 0px; margin: 0px; font-family: Tahoma, 宋体; line-height: 28px; white-space: normal; -webkit-text-size-adjust: none;">\n	●修复工作流并发问题；</div>\n<div style="padding: 0px; margin: 0px; font-family: Tahoma, 宋体; line-height: 28px; white-space: normal; -webkit-text-size-adjust: none;">\n	●修复下载模型状态为草稿等内容也是可以下载文件的问题；</div>\n<div style="padding: 0px; margin: 0px; font-family: Tahoma, 宋体; line-height: 28px; white-space: normal; -webkit-text-size-adjust: none;">\n	●修复工作流主办、经办为同一人时列表显示不正确的问题；</div>\n<div style="padding: 0px; margin: 0px; font-family: Tahoma, 宋体; line-height: 28px; white-space: normal; -webkit-text-size-adjust: none;">\n	●修复工作流工作列表记录数与显示的记录数不一致的问题；</div>\n<div style="padding: 0px; margin: 0px; font-family: Tahoma, 宋体; line-height: 28px; white-space: normal; -webkit-text-size-adjust: none;">\n	●修复工作流附件名中包含逗号无法下载的问题；</div>\n<div style="padding: 0px; margin: 0px; font-family: Tahoma, 宋体; line-height: 28px; white-space: normal; -webkit-text-size-adjust: none;">\n	●修复工作流显示当前步骤错误的问题；</div>\n<div style="padding: 0px; margin: 0px; font-family: Tahoma, 宋体; line-height: 28px; white-space: normal; -webkit-text-size-adjust: none;">\n	●修复工作流多人经办时，无法通过工作查看页办理工作的问题；</div>\n<div style="padding: 0px; margin: 0px; font-family: Tahoma, 宋体; line-height: 28px; white-space: normal; -webkit-text-size-adjust: none;">\n	●修复工作流表单数据换行问题；</div>\n<div style="padding: 0px; margin: 0px; font-family: Tahoma, 宋体; line-height: 28px; white-space: normal; -webkit-text-size-adjust: none;">\n	●修复后台多图片上传在ie6下无法上传的问题；</div>\n<div style="padding: 0px; margin: 0px; font-family: Tahoma, 宋体; line-height: 28px; white-space: normal; -webkit-text-size-adjust: none;">\n	●修复上传控件和Common.js 产生冲突的问题；</div>\n<div style="padding: 0px; margin: 0px; font-family: Tahoma, 宋体; line-height: 28px; white-space: normal; -webkit-text-size-adjust: none;">\n	●修复上传单个文件时,无法保存链接地址的问题；</div>\n<div style="padding: 0px; margin: 0px; font-family: Tahoma, 宋体; line-height: 28px; white-space: normal; -webkit-text-size-adjust: none;">\n	●修复下载模型状态为草稿等内容也是可以下载文件的问题；</div>\n<div style="padding: 0px; margin: 0px; font-family: Tahoma, 宋体; line-height: 28px; white-space: normal; -webkit-text-size-adjust: none;">\n	●修复多图片上传时 无法选择生成首页缩略图的问题；</div>\n<div style="padding: 0px; margin: 0px; font-family: Tahoma, 宋体; line-height: 28px; white-space: normal; -webkit-text-size-adjust: none;">\n	●修复采集不支持虚拟目录的问题；</div>\n<div style="padding: 0px; margin: 0px; font-family: Tahoma, 宋体; line-height: 28px; white-space: normal; -webkit-text-size-adjust: none;">\n	●修复普通管理员，对新建节点没有没有内容管理权限的问题；</div>\n<div style="padding: 0px; margin: 0px; font-family: Tahoma, 宋体; line-height: 28px; white-space: normal; -webkit-text-size-adjust: none;">\n	●修复管理员被删除后，对应的部门关系表记录没有被删除的问题；</div>\n<div style="padding: 0px; margin: 0px; font-family: Tahoma, 宋体; line-height: 28px; white-space: normal; -webkit-text-size-adjust: none;">\n	&nbsp;</div>\n<div style="padding: 0px; margin: 0px; font-family: Tahoma, 宋体; line-height: 28px; white-space: normal; -webkit-text-size-adjust: none;">\n	改进：</div>\n<div style="padding: 0px; margin: 0px; font-family: Tahoma, 宋体; line-height: 28px; white-space: normal; -webkit-text-size-adjust: none;">\n	●增加热门关键字标签功能模块；</div>\n<div style="padding: 0px; margin: 0px; font-family: Tahoma, 宋体; line-height: 28px; white-space: normal; -webkit-text-size-adjust: none;">\n	●修改生成单页节点的选择样式；</div>\n<div style="padding: 0px; margin: 0px; font-family: Tahoma, 宋体; line-height: 28px; white-space: normal; -webkit-text-size-adjust: none;">\n	&nbsp;</div>\n<div style="padding: 0px; margin: 0px; font-family: Tahoma, 宋体; line-height: 28px; white-space: normal; -webkit-text-size-adjust: none;">\n	新增：</div>\n<div style="padding: 0px; margin: 0px; font-family: Tahoma, 宋体; line-height: 28px; white-space: normal; -webkit-text-size-adjust: none;">\n	●生成管理中选择可生成的节点时新增展示明确的节点层级关系；</div>\n<div style="padding: 0px; margin: 0px; font-family: Tahoma, 宋体; line-height: 28px; white-space: normal; -webkit-text-size-adjust: none;">\n	●新增复位节点操作前确认提醒功能；</div>\n<div style="padding: 0px; margin: 0px; font-family: Tahoma, 宋体; line-height: 28px; white-space: normal; -webkit-text-size-adjust: none;">\n	●新增后台内容管理支持空格分词搜索功能；</div>\n<div style="padding: 0px; margin: 0px; font-family: Tahoma, 宋体; line-height: 28px; white-space: normal; -webkit-text-size-adjust: none;">\n	●新增增加内容聚合标签功能模块；</div>\n<div style="padding: 0px; margin: 0px; font-family: Tahoma, 宋体; line-height: 28px; white-space: normal; -webkit-text-size-adjust: none;">\n	●新增百科系统；</div>\n<div style="padding: 0px; margin: 0px; font-family: Tahoma, 宋体; line-height: 28px; white-space: normal; -webkit-text-size-adjust: none;">\n	●新增针对不同的访问设备提供不同的界面功能；</div>\n<div style="padding: 0px; margin: 0px; font-family: Tahoma, 宋体; line-height: 28px; white-space: normal; -webkit-text-size-adjust: none;">\n	●新增内容聚合标签功能；</div>\n<div style="padding: 0px; margin: 0px; font-family: Tahoma, 宋体; line-height: 28px; white-space: normal; -webkit-text-size-adjust: none;">\n	●新增复位节点操作前确认提醒功能；</div>', '', '', '1');
INSERT INTO `cms_article_data` (`id`, `content`, `copyfrom`, `relation`, `allow_comment`) VALUES
(70, '<p>\r\n	&nbsp;</p>\r\n<p style="padding: 10px 0px; margin: 0px; line-height: 28px; font-family: Tahoma, 宋体; white-space: normal; -webkit-text-size-adjust: none;">\r\n	2013年6月7日，由国家信息中心信息化研究部、国家信息中心网络政府研究中心（简称网研中心）主办，广东动易网络科技有限公司承办的&ldquo;大数据与智慧政府门户建设&rdquo;培训班在广东顺德举行。来自广东、湖南、贵州等地区60个市县及部门的政府网站管理人员及动易公司相关负责人共140人参加了本次培训。国家信息中心信息化研究部主任、网研中心主任张新红、国家信息中心信息化研究部副主任、网研中心副主任于施洋，以及网研中心副主任续扬，网研中心培训认证部主任崔岩莉，咨询部主任王建冬博士，广东动易网络科技有限公司总裁粟维胜先生等相关负责同志参加了此次会议。会议由网研中心副主任续扬主持。</p>\r\n<p style="padding: 10px 0px; margin: 0px; line-height: 28px; font-family: Tahoma, 宋体; white-space: normal; -webkit-text-size-adjust: none;">\r\n	　　张新红主任以《大数据与信息社会》为题，从大数据的特点和发展方向、信息社会的发展历程和未来趋势两个方面向全体会议代表做了专题发言。</p>\r\n<p style="padding: 10px 0px; margin: 0px; line-height: 28px; font-family: Tahoma, 宋体; white-space: normal; -webkit-text-size-adjust: none;">\r\n	　　于施洋副主任分别围绕互联网的发展及其对政府管理的挑战，大数据与创造政府网上公共服务价值，向全体参会人员做了精彩的专题讲座。他指出，大数据与精准分析技术结合是全球政府网站发展的新趋势，建设智慧政府门户是我国政府网站建设的新方向，并从理论和实践两个角度介绍了智慧政府门户&ldquo;五个智慧&rdquo;的内涵、特点、建设思路和总体框架等。</p>\r\n<p style="padding: 10px 0px; margin: 0px; line-height: 28px; font-family: Tahoma, 宋体; white-space: normal; -webkit-text-size-adjust: none;">\r\n	　　王建冬博士以案例讲解、现场数据剖析的形式介绍了我国政府网站发展存在的问题，从提升网站用户体验的角度重点讲解了政府网站关键页面服务效果分析与优化的方法。</p>\r\n<p style="padding: 10px 0px; margin: 0px; line-height: 28px; font-family: Tahoma, 宋体; white-space: normal; -webkit-text-size-adjust: none;">\r\n	　　动易公司总裁粟维胜做了《大数据时代智慧政府门户网站应用的趋势探讨》主题发言，介绍了动易5.0产品在移动互联网时代的新技术特点，并与参会人员进行了互动交流。</p>\r\n<div style="padding: 0px; margin: 0px; font-family: Tahoma, 宋体; line-height: 28px; white-space: normal; -webkit-text-size-adjust: none;">\r\n	<p style="padding: 10px 0px; margin: 0px; text-align: center;">\r\n		<img src="http://www.powereasy.net/UploadFiles/20136/201306131625460322.jpg" /></p>\r\n	<p style="padding: 10px 0px; margin: 0px; text-align: center;">\r\n		<span style="color: rgb(0, 0, 0); font-family: 微软雅黑; line-height: 22px;">会议现场</span></p>\r\n	<p style="padding: 10px 0px; margin: 0px; text-align: center;">\r\n		<img src="http://www.powereasy.net/UploadFiles/20136/201306131627342691.jpg" /></p>\r\n	<p style="padding: 10px 0px; margin: 0px; text-align: center;">\r\n		<span style="color: rgb(0, 0, 0); font-family: 微软雅黑; line-height: 22px;">国家信息中心信息化研究部主任张新红主题发言</span></p>\r\n	<p style="padding: 10px 0px; margin: 0px; text-align: center;">\r\n		<img src="http://www.powereasy.net/UploadFiles/20136/201306131625479558.jpg" /></p>\r\n	<p style="padding: 10px 0px; margin: 0px; text-align: center;">\r\n		<span style="color: rgb(0, 0, 0); font-family: 微软雅黑; line-height: 22px;">国家信息中心信息化研究部副主任于施洋主题演讲</span></p>\r\n	<p style="padding: 10px 0px; margin: 0px; text-align: center;">\r\n		<img src="http://www.powereasy.net/UploadFiles/20136/201306131625476008.jpg" /></p>\r\n	<p style="padding: 10px 0px; margin: 0px; text-align: center;">\r\n		<span style="color: rgb(0, 0, 0); font-family: 微软雅黑; line-height: 22px;">国家信息中心网络政府研究中心咨询部主任王建冬博士主题演讲</span></p>\r\n	<p style="padding: 10px 0px; margin: 0px; text-align: center;">\r\n		<img src="http://www.powereasy.net/UploadFiles/20136/201306131625474698.jpg" /></p>\r\n	<p style="padding: 10px 0px; margin: 0px; text-align: center;">\r\n		<span style="color: rgb(0, 0, 0); font-family: 微软雅黑; line-height: 22px;">国家信息中心网络政府研究中心副主任续扬主持会议</span></p>\r\n	<p style="padding: 10px 0px; margin: 0px; text-align: center;">\r\n		<img src="http://www.powereasy.net/UploadFiles/20136/201306131625471734.jpg" /></p>\r\n	<p style="padding: 10px 0px; margin: 0px; text-align: center;">\r\n		<span style="color: rgb(0, 0, 0); font-family: 微软雅黑; line-height: 22px;">广东动易网络科技有限公司总裁粟维胜主题发言</span></p>\r\n	<p style="padding: 10px 0px; margin: 0px;">\r\n		&nbsp;</p>\r\n	<p style="padding: 10px 0px; margin: 0px;">\r\n		　　会议专题页面：<a href="http://powereasy.net/zt/bigdate-and-smart-government-portal-training-classes.html" style="color: rgb(0, 102, 204); text-decoration: underline; outline: none; display: inline-block; padding: 0px 3px;" target="_blank">大数据与智慧政府门户建设培训班</a></p>\r\n</div>\r\n<p>\r\n	&nbsp;</p>', '', '', '1'),
(71, '<p>\r\n	&nbsp;</p>\r\n<p style="padding: 10px 0px; margin: 0px; line-height: 28px; font-family: Tahoma, 宋体; white-space: normal; -webkit-text-size-adjust: none;">\r\n	各位尊敬的动易用户：<br />\r\n	<br />\r\n	　　根据《国务院关于2013年部分节假日安排的通知》中的相关规定，经我公司研究决定，现将2013年端午节放假安排通知如下：<br />\r\n	<br />\r\n	　　2013年6月10日至6月12日放假，共计3天。其中6月12日（端午节）是法定节假日，6月8日（周六）、9日（周日）公休日与6月10日（周一）、11日（周二）对调休息，6月8日、9日正常上班。<br />\r\n	<br />\r\n	　　在6月12日端午节放假当天，我公司不安排专人值班（主机紧急处理电话18923218203），其他时间则正常提供技术支持服务。由此给您带来的不便，敬请谅解！<br />\r\n	<br />\r\n	　　顺祝各位端午节快乐！特此通知！</p>\r\n<p style="padding: 10px 0px; margin: 0px; line-height: 28px; font-family: Tahoma, 宋体; white-space: normal; -webkit-text-size-adjust: none;">\r\n	<br />\r\n	<br />\r\n	<br />\r\n	　　　　　　　　　　　　　　　　　　　　　　　　　　　　　广东动易网络科技有限公司<br />\r\n	　　　　　　　　　　　　　　　　　　　　　　　　　　　　　　 二○一三年六月七日</p>', '', '', '1'),
(72, '<p>\r\n	&nbsp;</p>\r\n<p style="padding: 10px 0px; margin: 0px; line-height: 28px; font-family: Tahoma, 宋体; white-space: normal; -webkit-text-size-adjust: none;">\r\n	各位尊敬的动易用户：<br />\r\n	<br />\r\n	　　根据《国务院关于2013年部分节假日安排的通知》中的相关规定，经公司研究决定，现将我公司2013年&ldquo;五&bull;一&rdquo;劳动节放假安排通知如下：<br />\r\n	<br />\r\n	　　2013年4月29日至5月1日放假，共计3天。其中5月1日（周三、国际劳动节）为法定节假日，4月27日（周六）、28日（周日）公休日调至4月29日（周一）、30日（周二）休息，4月27日（周六）、28日（周日）正常上班。<br />\r\n	<br />\r\n	　　在5月1日劳动节放假当天，我公司将不安排专人值班（主机紧急处理电话：18923218203），其他时间仍正常提供技术支持服务。由此给您带来的不便，敬请谅解！<br />\r\n	<br />\r\n	　　顺祝各位五一劳动节快乐！特此通知！</p>\r\n<p style="padding: 10px 0px; margin: 0px; line-height: 28px; font-family: Tahoma, 宋体; white-space: normal; -webkit-text-size-adjust: none;">\r\n	<br />\r\n	<br />\r\n	<br />\r\n	　　　　　　　　　　　　　　　　　　　　　　　　　　　　　广东动易网络科技有限公司<br />\r\n	　　　　　　　　　　　　　　　　　　　　　　　　　　　　　　二○一三年四月二十二日</p>', '', '', '1'),
(73, '', '', '', '1'),
(74, '', '', '', '1'),
(75, '', '', '', '1'),
(76, '', '', '', '1'),
(77, '<p>\r\n	<span style="color: rgb(102, 102, 102); font-family: Arial, Tahoma, Helvetica, 宋体, sans-serif; line-height: 28px; text-indent: 28px; white-space: normal;">第三代医院网站信息化平台解决方案</span></p>', '', '', '1'),
(78, '<p>\r\n	<span style="color: rgb(0, 0, 0); font-family: Simsun; font-size: 16px; line-height: 28.796875px; text-indent: 32px; white-space: normal;">动易</span><sup style="color: rgb(0, 0, 0); font-family: Simsun; line-height: 28.796875px; text-indent: 32px; white-space: normal;">&reg;</sup><span style="color: rgb(0, 0, 0); font-family: Simsun; font-size: 16px; line-height: 28.796875px; text-indent: 32px; white-space: normal;">&nbsp;站群管理系统</span></p>', '', '', '1'),
(79, '<p>\r\n	<span style="font-family: Arial; line-height: 22px; text-indent: 20px; white-space: normal;">动易</span><sup style="font-family: Arial; line-height: 22px; text-indent: 20px; white-space: normal;">&reg;</sup><span style="font-family: Arial; line-height: 22px; text-indent: 20px; white-space: normal;">&nbsp;SmartSchool</span><sup style="font-family: Arial; line-height: 22px; text-indent: 20px; white-space: normal;">&reg;</sup><span style="font-family: Arial; line-height: 22px; text-indent: 20px; white-space: normal;">&nbsp;学校网站管理系统</span></p>', '', '', '1'),
(80, '<p>\r\n	<span style="font-family: Arial; line-height: 25px; text-indent: 20px; white-space: normal;">动易</span><sup style="font-family: Arial; line-height: 25px; text-indent: 20px; white-space: normal;">&reg;</sup><span style="font-family: Arial; line-height: 25px; text-indent: 20px; white-space: normal;">&nbsp;政府网站管理系统</span></p>', '', '', '1'),
(81, '<p>\r\n	&nbsp;</p>\r\n<h2 class="tit" style="padding: 0px; margin: 0px; font-size: 28px; line-height: 48px; font-family: 微软雅黑; white-space: normal; -webkit-text-size-adjust: none;">\r\n	动易文件服务器管理系统正式发布</h2>', '', '', '1'),
(82, '<p>\r\n	&nbsp;</p>\r\n<h2 class="tit" style="padding: 0px; margin: 0px; font-size: 28px; line-height: 48px; font-family: 微软雅黑; white-space: normal; -webkit-text-size-adjust: none;">\r\n	动易协同办公与知识共享平台正式发布</h2>', '', '', '1'),
(83, '<p>\r\n	&nbsp;</p>\r\n<h2 class="tit" style="padding: 0px; margin: 0px; font-size: 28px; line-height: 48px; font-family: 微软雅黑; white-space: normal; -webkit-text-size-adjust: none;">\r\n	动易视频产品正式发布 推专业流媒体平台</h2>', '', '', '1'),
(84, '<p>\r\n	&nbsp;</p>\r\n<h2 class="tit" style="padding: 0px; margin: 0px; font-size: 28px; line-height: 48px; font-family: 微软雅黑; white-space: normal; -webkit-text-size-adjust: none;">\r\n	专业成就卓越 动易通过CMMI3</h2>', '', '', '1'),
(85, '<p>\r\n	&nbsp;</p>\r\n<p class="operSummary" style="padding: 0px 0px 60px; margin: 0px 0px 20px; line-height: 24px; background-image: url(http://www.powereasy.net/Template/2012/Skin/images/operation-sep.jpg); font-family: Tahoma, 宋体, Helvetica, Arial, sans-serif; font-size: 12px; white-space: normal; -webkit-text-size-adjust: none; background-position: 50% 100%; background-repeat: no-repeat no-repeat;">\r\n	经过八年的拼搏与积累，动易已形成了产品研发与销售、网站建设与实施、网站技术外包、软件外包、主机业务、短信服务六大业务体系，并初步形成了&ldquo;全业务解决方案提供商&rdquo;的战略布局。</p>\r\n<p>\r\n	<a id="c1" name="c1" style="color: rgb(51, 51, 51); outline: none; font-family: Tahoma, 宋体, Helvetica, Arial, sans-serif; font-size: 12px; line-height: 20px; white-space: normal; -webkit-text-size-adjust: none; background-color: rgb(255, 255, 255);"></a></p>\r\n<dl class="operBoxList" style="padding-top: 20px; padding-right: 0px; margin: 0px 0px 25px; background-image: url(http://www.powereasy.net/Template/2012/Skin/images/operation-bg-box.jpg); overflow: hidden; font-family: Tahoma, 宋体, Helvetica, Arial, sans-serif; font-size: 12px; line-height: 20px; white-space: normal; -webkit-text-size-adjust: none; background-position: 0px 0px; background-repeat: no-repeat no-repeat;">\r\n	<dt class="oper01" style="padding: 0px; margin: 0px; height: 30px; background-image: url(http://www.powereasy.net/Template/2012/Skin/images/operation-txt.png); text-indent: -9999px; background-position: 0px -80px; background-repeat: no-repeat no-repeat;">\r\n		产品研发与销售</dt>\r\n	<dd style="padding: 5px 40px 0px 0px; margin: 0px;">\r\n		<p style="padding: 10px 0px; margin: 0px 0px 15px; line-height: 24px; text-indent: 2em;">\r\n			动易系列产品是动易公司全力打造的网站管理系统互联网品牌，是网站应用软件领域的创新者和领导者。截止至2011年9月份，使用动易系列产品的用户超过76万，占据国内四分之一的市场份额，是国内最大的网站管理系统提供商。</p>\r\n		<p style="padding: 10px 0px; margin: 0px 0px 15px; line-height: 24px; text-indent: 2em;">\r\n			动易系列产品包括：SiteFactory 内容管理系统、BizIdea 企业电子商务系统、SmartGov 政府网站管理系统、SmartSchool 学校网站管理系统、SiteGroup 站群管理系统、短信通手机短信发送系统、SiteWeaver 内容管理系统等一系列拥有自主知识产权的互联网应用软件产品。</p>\r\n		<p style="padding: 10px 0px; margin: 0px 0px 15px; line-height: 24px; text-indent: 2em;">\r\n			动易立足广东，在广州、上海、北京等多个城市设立分公司或办事处，销售范围覆盖全国。目前动易拥有近2万家客户，客户范围涉及政府（部委和省级政府部门、市/县/乡及委办局）、教育科研（大/中/小学、各地方教育局）、电信运营商、金融（证券、保险及银行）、企业（矿业、煤炭、石油集团及大中型制造类企业）、新闻媒体（报社、网媒）等多个行业。</p>\r\n	</dd>\r\n</dl>\r\n<p>\r\n	<a id="c2" name="c2" style="color: rgb(51, 51, 51); outline: none; font-family: Tahoma, 宋体, Helvetica, Arial, sans-serif; font-size: 12px; line-height: 20px; white-space: normal; -webkit-text-size-adjust: none; background-color: rgb(255, 255, 255);"></a></p>\r\n<dl class="operBoxList" style="padding-top: 20px; padding-right: 0px; margin: 0px 0px 25px; background-image: url(http://www.powereasy.net/Template/2012/Skin/images/operation-bg-box.jpg); overflow: hidden; font-family: Tahoma, 宋体, Helvetica, Arial, sans-serif; font-size: 12px; line-height: 20px; white-space: normal; -webkit-text-size-adjust: none; background-position: 0px 0px; background-repeat: no-repeat no-repeat;">\r\n	<dt class="oper02" style="padding: 0px; margin: 0px; height: 30px; background-image: url(http://www.powereasy.net/Template/2012/Skin/images/operation-txt.png); text-indent: -9999px; background-position: 0px -140px; background-repeat: no-repeat no-repeat;">\r\n		网站建设</dt>\r\n	<dd style="padding: 5px 40px 0px 0px; margin: 0px;">\r\n		<p style="padding: 10px 0px; margin: 0px 0px 15px; line-height: 24px; text-indent: 2em;">\r\n			动易依托公司强大的产品和服务资源，打造集调研、规划、实施、运营、服务于一体的&ldquo;一站式&rdquo;销售及服务平台，在售前、售中、售后过程中向客户提供全方位的服务；以&ldquo;网站建设专家&rdquo;的定位为宗旨，&ldquo;精于产品 专注行业&rdquo;为品牌发展理念，力求将动易品牌打造成为全国领先的&ldquo;全业务解决方案提供商&rdquo;。</p>\r\n	</dd>\r\n</dl>\r\n<p>\r\n	<a id="c3" name="c3" style="color: rgb(51, 51, 51); outline: none; font-family: Tahoma, 宋体, Helvetica, Arial, sans-serif; font-size: 12px; line-height: 20px; white-space: normal; -webkit-text-size-adjust: none; background-color: rgb(255, 255, 255);"></a></p>\r\n<dl class="operBoxList" style="padding-top: 20px; padding-right: 0px; margin: 0px 0px 25px; background-image: url(http://www.powereasy.net/Template/2012/Skin/images/operation-bg-box.jpg); overflow: hidden; font-family: Tahoma, 宋体, Helvetica, Arial, sans-serif; font-size: 12px; line-height: 20px; white-space: normal; -webkit-text-size-adjust: none; background-position: 0px 0px; background-repeat: no-repeat no-repeat;">\r\n	<dt class="oper03" style="padding: 0px; margin: 0px; height: 30px; background-image: url(http://www.powereasy.net/Template/2012/Skin/images/operation-txt.png); text-indent: -9999px; background-position: 0px -200px; background-repeat: no-repeat no-repeat;">\r\n		网站技术外包</dt>\r\n	<dd style="padding: 5px 40px 0px 0px; margin: 0px;">\r\n		<p style="padding: 10px 0px; margin: 0px 0px 15px; line-height: 24px; text-indent: 2em;">\r\n			伴随着传统行业不断联姻互联网，行业性网站应用需求的差异化日趋明显。动易将以长达七年的技术磨练与积累，对互联网行业性网站前瞻性研究及多年网站建设实施经验，为各行业客户提供专业、优良的网站技术外包服务。</p>\r\n	</dd>\r\n</dl>\r\n<p>\r\n	<a id="c4" name="c4" style="color: rgb(51, 51, 51); outline: none; font-family: Tahoma, 宋体, Helvetica, Arial, sans-serif; font-size: 12px; line-height: 20px; white-space: normal; -webkit-text-size-adjust: none; background-color: rgb(255, 255, 255);"></a></p>\r\n<dl class="operBoxList" style="padding-top: 20px; padding-right: 0px; margin: 0px 0px 25px; background-image: url(http://www.powereasy.net/Template/2012/Skin/images/operation-bg-box.jpg); overflow: hidden; font-family: Tahoma, 宋体, Helvetica, Arial, sans-serif; font-size: 12px; line-height: 20px; white-space: normal; -webkit-text-size-adjust: none; background-position: 0px 0px; background-repeat: no-repeat no-repeat;">\r\n	<dt class="oper04" style="padding: 0px; margin: 0px; height: 30px; background-image: url(http://www.powereasy.net/Template/2012/Skin/images/operation-txt.png); text-indent: -9999px; background-position: 0px -260px; background-repeat: no-repeat no-repeat;">\r\n		软件外包</dt>\r\n	<dd style="padding: 5px 40px 0px 0px; margin: 0px;">\r\n		<p style="padding: 10px 0px; margin: 0px 0px 15px; line-height: 24px; text-indent: 2em;">\r\n			公司拥有一批资深的专业技术人员、企业咨询顾问和项目管理专家，建立了规模化的产品研发、咨询、营销和服务体系。经过七年的技术沉淀与业务实施经验，以&ldquo;严谨务实 精益求精&rdquo;的研发理念，为各行业客户提供全业务软件外包服务解决方案，并基于先进的项目管理和知识管理模式来为客户提供优质的产品和服务，从而降低软件项目成本，最终让客户专注核心竞争力业务。</p>\r\n	</dd>\r\n</dl>\r\n<p>\r\n	<a id="c5" name="c5" style="color: rgb(51, 51, 51); outline: none; font-family: Tahoma, 宋体, Helvetica, Arial, sans-serif; font-size: 12px; line-height: 20px; white-space: normal; -webkit-text-size-adjust: none; background-color: rgb(255, 255, 255);"></a></p>\r\n<dl class="operBoxList" style="padding-top: 20px; padding-right: 0px; margin: 0px 0px 25px; background-image: url(http://www.powereasy.net/Template/2012/Skin/images/operation-bg-box.jpg); overflow: hidden; font-family: Tahoma, 宋体, Helvetica, Arial, sans-serif; font-size: 12px; line-height: 20px; white-space: normal; -webkit-text-size-adjust: none; background-position: 0px 0px; background-repeat: no-repeat no-repeat;">\r\n	<dt class="oper05" style="padding: 0px; margin: 0px; height: 30px; background-image: url(http://www.powereasy.net/Template/2012/Skin/images/operation-txt.png); text-indent: -9999px; background-position: 0px -320px; background-repeat: no-repeat no-repeat;">\r\n		主机业务</dt>\r\n	<dd style="padding: 5px 40px 0px 0px; margin: 0px;">\r\n		<p style="padding: 10px 0px; margin: 0px 0px 15px; line-height: 24px; text-indent: 2em;">\r\n			为用户提供虚拟空间租用、主机合租\\租用等服务。为适应用户的不同需求，公司同时提供动易电信主机和动易双线主机为用户服务，为客户提供一体化的网站运营及维护方案的同时切实节约用户的IT投资成本。</p>\r\n	</dd>\r\n</dl>\r\n<p>\r\n	<a id="c6" name="c6" style="color: rgb(51, 51, 51); outline: none; font-family: Tahoma, 宋体, Helvetica, Arial, sans-serif; font-size: 12px; line-height: 20px; white-space: normal; -webkit-text-size-adjust: none; background-color: rgb(255, 255, 255);"></a></p>\r\n<dl class="operBoxList" style="padding-top: 20px; padding-right: 0px; margin: 0px 0px 25px; background-image: url(http://www.powereasy.net/Template/2012/Skin/images/operation-bg-box.jpg); overflow: hidden; font-family: Tahoma, 宋体, Helvetica, Arial, sans-serif; font-size: 12px; line-height: 20px; white-space: normal; -webkit-text-size-adjust: none; background-position: 0px 0px; background-repeat: no-repeat no-repeat;">\r\n	<dt class="oper06" style="padding: 0px; margin: 0px; height: 30px; background-image: url(http://www.powereasy.net/Template/2012/Skin/images/operation-txt.png); text-indent: -9999px; background-position: 0px -380px; background-repeat: no-repeat no-repeat;">\r\n		短信业务</dt>\r\n	<dd style="padding: 5px 40px 0px 0px; margin: 0px;">\r\n		<p style="padding: 10px 0px; margin: 0px 0px 15px; line-height: 24px; text-indent: 2em;">\r\n			&ldquo;动易短信通&rdquo;是动易公司与中国电信合作的一项业务，短信通用户可以WEB方式通过&ldquo;动易短信通&rdquo;服务平台向中国移动、中国联通、中国电信和用户实时或定时发送手机短消息。短信通服务平台数年来已经过上万用户的数千万次短信发送实验，十分稳定而可靠。</p>\r\n	</dd>\r\n</dl>', '', '', '1');

-- --------------------------------------------------------

--
-- 表的结构 `cms_category`
--

CREATE TABLE IF NOT EXISTS `cms_category` (
  `id` bigint(20) NOT NULL AUTO_INCREMENT COMMENT '编号',
  `site_id` bigint(20) DEFAULT '1' COMMENT '站点编号',
  `office_id` bigint(20) DEFAULT NULL COMMENT '归属机构',
  `parent_id` bigint(20) NOT NULL COMMENT '父级编号',
  `parent_ids` varchar(255) NOT NULL COMMENT '所有父级编号',
  `module` varchar(20) DEFAULT NULL COMMENT '栏目模块（article：文章；picture：图片；download：下载；link：链接；special：专题）',
  `name` varchar(100) NOT NULL COMMENT '栏目名称',
  `custom_list_view` varchar(255) DEFAULT NULL COMMENT '自定义列表视图',
  `custom_content_view` varchar(255) DEFAULT NULL COMMENT '自定义内容视图',
  `view_config` text COMMENT '视图参数',
  `image` varchar(255) DEFAULT NULL COMMENT '栏目图片',
  `href` varchar(255) DEFAULT NULL COMMENT '链接',
  `target` varchar(20) DEFAULT NULL COMMENT '目标（ _blank、_self、_parent、_top）',
  `description` varchar(255) DEFAULT NULL COMMENT '描述，填写有助于搜索引擎优化',
  `keywords` varchar(255) DEFAULT NULL COMMENT '关键字，填写有助于搜索引擎优化',
  `sort` int(11) DEFAULT '30' COMMENT '排序（升序）',
  `in_menu` char(1) DEFAULT '1' COMMENT '是否在导航中显示（1：显示；0：不显示）',
  `in_list` char(1) DEFAULT '1' COMMENT '是否在分类页中显示列表（1：显示；0：不显示）',
  `show_modes` char(1) DEFAULT '0' COMMENT '展现方式（0:有子栏目显示栏目列表，无子栏目显示内容列表;1：首栏目内容列表；2：栏目第一条内容）',
  `allow_comment` char(1) DEFAULT NULL COMMENT '是否允许评论',
  `is_audit` char(1) DEFAULT NULL COMMENT '是否需要审核',
  `create_by` bigint(20) DEFAULT NULL COMMENT '创建者',
  `create_date` datetime DEFAULT NULL COMMENT '创建时间',
  `update_by` bigint(20) DEFAULT NULL COMMENT '更新者',
  `update_date` datetime DEFAULT NULL COMMENT '更新时间',
  `remarks` varchar(255) DEFAULT NULL COMMENT '备注信息',
  `del_flag` char(1) NOT NULL DEFAULT '0' COMMENT '删除标记（0：正常；1：删除）',
  PRIMARY KEY (`id`),
  KEY `cms_category_parent_id` (`parent_id`),
  KEY `cms_category_parent_ids` (`parent_ids`),
  KEY `cms_category_module` (`module`),
  KEY `cms_category_name` (`name`),
  KEY `cms_category_sort` (`sort`),
  KEY `cms_category_del_flag` (`del_flag`),
  KEY `cms_category_office_id` (`office_id`),
  KEY `cms_category_site_id` (`site_id`)
) ENGINE=InnoDB  DEFAULT CHARSET=utf8 COMMENT='栏目表' AUTO_INCREMENT=80 ;

--
-- 转存表中的数据 `cms_category`
--

INSERT INTO `cms_category` (`id`, `site_id`, `office_id`, `parent_id`, `parent_ids`, `module`, `name`, `custom_list_view`, `custom_content_view`, `view_config`, `image`, `href`, `target`, `description`, `keywords`, `sort`, `in_menu`, `in_list`, `show_modes`, `allow_comment`, `is_audit`, `create_by`, `create_date`, `update_by`, `update_date`, `remarks`, `del_flag`) VALUES
(1, 0, 1, 0, '0,', NULL, '顶级栏目', NULL, NULL, NULL, NULL, NULL, NULL, NULL, NULL, 0, '1', '1', '0', '0', '1', 1, '2013-05-27 08:00:00', 1, '2013-05-27 08:00:00', NULL, '0'),
(2, 1, 3, 1, '0,1,', 'article', '组织机构', NULL, NULL, NULL, NULL, NULL, NULL, NULL, NULL, 10, '1', '1', '0', '0', '1', 1, '2013-05-27 08:00:00', 1, '2013-05-27 08:00:00', NULL, '0'),
(3, 1, 3, 2, '0,1,2,', 'article', '网站简介', NULL, NULL, NULL, NULL, NULL, NULL, NULL, NULL, 30, '1', '1', '0', '0', '1', 1, '2013-05-27 08:00:00', 1, '2013-05-27 08:00:00', NULL, '0'),
(4, 1, 3, 2, '0,1,2,', 'article', '内部机构', NULL, NULL, NULL, NULL, NULL, NULL, NULL, NULL, 40, '1', '1', '0', '0', '1', 1, '2013-05-27 08:00:00', 1, '2013-05-27 08:00:00', NULL, '0'),
(5, 1, 3, 2, '0,1,2,', 'article', '地方机构', NULL, NULL, NULL, NULL, NULL, NULL, NULL, NULL, 50, '1', '1', '0', '0', '1', 1, '2013-05-27 08:00:00', 1, '2013-05-27 08:00:00', NULL, '0'),
(6, 1, 3, 1, '0,1,', 'article', '质量检验', NULL, NULL, NULL, NULL, NULL, NULL, NULL, NULL, 20, '1', '1', '1', '1', '0', 1, '2013-05-27 08:00:00', 1, '2013-05-27 08:00:00', NULL, '0'),
(7, 1, 3, 6, '0,1,6,', 'article', '产品质量', NULL, NULL, NULL, NULL, NULL, NULL, NULL, NULL, 30, '1', '1', '0', '1', '0', 1, '2013-05-27 08:00:00', 1, '2013-05-27 08:00:00', NULL, '0'),
(8, 1, 3, 6, '0,1,6,', 'article', '技术质量', NULL, NULL, NULL, NULL, NULL, NULL, NULL, NULL, 40, '1', '1', '0', '1', '0', 1, '2013-05-27 08:00:00', 1, '2013-05-27 08:00:00', NULL, '0'),
(9, 1, 3, 6, '0,1,6,', 'article', '工程质量', NULL, NULL, NULL, NULL, NULL, NULL, NULL, NULL, 50, '1', '1', '0', '1', '0', 1, '2013-05-27 08:00:00', 1, '2013-05-27 08:00:00', NULL, '0'),
(10, 1, 4, 1, '0,1,', 'article', '软件介绍', NULL, NULL, NULL, NULL, NULL, NULL, NULL, NULL, 20, '1', '1', '0', '1', '0', 1, '2013-05-27 08:00:00', 1, '2013-05-27 08:00:00', NULL, '0'),
(11, 1, 4, 10, '0,1,10,', 'article', '网络工具', NULL, NULL, NULL, NULL, NULL, NULL, NULL, NULL, 30, '1', '1', '0', '1', '0', 1, '2013-05-27 08:00:00', 1, '2013-05-27 08:00:00', NULL, '0'),
(12, 1, 4, 10, '0,1,10,', 'article', '浏览工具', NULL, NULL, NULL, NULL, NULL, NULL, NULL, NULL, 40, '1', '1', '0', '1', '0', 1, '2013-05-27 08:00:00', 1, '2013-05-27 08:00:00', NULL, '0'),
(13, 1, 4, 10, '0,1,10,', 'article', '浏览辅助', NULL, NULL, NULL, NULL, NULL, NULL, NULL, NULL, 50, '1', '1', '0', '1', '0', 1, '2013-05-27 08:00:00', 1, '2013-05-27 08:00:00', NULL, '0'),
(14, 1, 4, 10, '0,1,10,', 'article', '网络优化', NULL, NULL, NULL, NULL, NULL, NULL, NULL, NULL, 50, '1', '1', '0', '1', '0', 1, '2013-05-27 08:00:00', 1, '2013-05-27 08:00:00', NULL, '0'),
(15, 1, 4, 10, '0,1,10,', 'article', '邮件处理', NULL, NULL, NULL, NULL, NULL, NULL, NULL, NULL, 50, '1', '1', '0', '1', '0', 1, '2013-05-27 08:00:00', 1, '2013-05-27 08:00:00', NULL, '0'),
(16, 1, 4, 10, '0,1,10,', 'article', '下载工具', NULL, NULL, NULL, NULL, NULL, NULL, NULL, NULL, 50, '1', '1', '0', '1', '0', 1, '2013-05-27 08:00:00', 1, '2013-05-27 08:00:00', NULL, '0'),
(17, 1, 4, 10, '0,1,10,', 'article', '搜索工具', NULL, NULL, NULL, NULL, NULL, NULL, NULL, NULL, 50, '1', '1', '2', '1', '0', 1, '2013-05-27 08:00:00', 1, '2013-05-27 08:00:00', NULL, '0'),
(18, 1, 5, 1, '0,1,', 'link', '友情链接', NULL, NULL, NULL, NULL, NULL, NULL, NULL, NULL, 90, '1', '1', '0', '1', '0', 1, '2013-05-27 08:00:00', 1, '2013-05-27 08:00:00', NULL, '0'),
(19, 1, 5, 18, '0,1,18,', 'link', '常用网站', NULL, NULL, NULL, NULL, NULL, NULL, NULL, NULL, 50, '1', '1', '0', '1', '0', 1, '2013-05-27 08:00:00', 1, '2013-05-27 08:00:00', NULL, '0'),
(20, 1, 5, 18, '0,1,18,', 'link', '门户网站', NULL, NULL, NULL, NULL, NULL, NULL, NULL, NULL, 50, '1', '1', '0', '1', '0', 1, '2013-05-27 08:00:00', 1, '2013-05-27 08:00:00', NULL, '0'),
(21, 1, 5, 18, '0,1,18,', 'link', '购物网站', NULL, NULL, NULL, NULL, NULL, NULL, NULL, NULL, 50, '1', '1', '0', '1', '0', 1, '2013-05-27 08:00:00', 1, '2013-05-27 08:00:00', NULL, '0'),
(22, 1, 5, 18, '0,1,18,', 'link', '交友社区', NULL, NULL, NULL, NULL, NULL, NULL, NULL, NULL, 50, '1', '1', '0', '1', '0', 1, '2013-05-27 08:00:00', 1, '2013-05-27 08:00:00', NULL, '0'),
(23, 1, 5, 18, '0,1,18,', 'link', '音乐视频', NULL, NULL, NULL, NULL, NULL, NULL, NULL, NULL, 50, '1', '1', '0', '1', '0', 1, '2013-05-27 08:00:00', 1, '2013-05-27 08:00:00', NULL, '0'),
(24, 1, 6, 1, '0,1,', NULL, '百度一下', NULL, NULL, NULL, NULL, 'http://www.baidu.com', '_blank', NULL, NULL, 90, '1', '1', '0', '1', '0', 1, '2013-05-27 08:00:00', 1, '2013-05-27 08:00:00', NULL, '0'),
(25, 1, 6, 1, '0,1,', NULL, '全文检索', NULL, NULL, NULL, NULL, '/search', NULL, NULL, NULL, 90, '0', '1', '0', '1', '0', 1, '2013-05-27 08:00:00', 1, '2013-05-27 08:00:00', NULL, '0'),
(26, 2, 6, 1, '0,1,', 'article', '测试栏目', NULL, NULL, NULL, NULL, NULL, NULL, NULL, NULL, 90, '1', '1', '0', '1', '0', 1, '2013-05-27 08:00:00', 1, '2013-05-27 08:00:00', NULL, '0'),
(27, 1, 6, 1, '0,1,', NULL, '公共留言', NULL, NULL, NULL, NULL, '/guestbook', NULL, NULL, NULL, 90, '1', '1', '0', '1', '0', 1, '2013-05-27 08:00:00', 1, '2013-05-27 08:00:00', NULL, '0'),
(28, 1, 1, 1, '0,1,', 'link', '2131', NULL, NULL, NULL, '', '', '', '', '', 30, '0', '1', '0', '0', '0', 1, '2013-07-19 23:20:52', 1, '2013-07-19 23:20:52', NULL, '1'),
(29, 1, 1, 1, '0,1,', 'article', '60', NULL, NULL, NULL, '', '', '', '', '', 60, '1', '1', '0', '0', '0', 1, '2013-07-19 23:25:31', 1, '2013-07-19 23:25:31', NULL, '0'),
(30, 3, 1, 1, '0,1,', 'article', '公司', NULL, '', '', '', '', '', '', '', 10, '1', '1', '2', '0', '0', 1, '2013-08-20 16:29:14', 1, '2013-08-23 16:51:39', NULL, '0'),
(31, 3, 1, 1, '0,1,', 'article', '产品', NULL, 'frontListChanpin', NULL, '', '', '', '', '', 20, '1', '1', '0', '0', '0', 1, '2013-08-20 16:29:33', 1, '2013-08-23 13:26:48', NULL, '0'),
(32, 3, 1, 1, '0,1,', 'article', '业务', NULL, '', '{currentId:1}', '', '', '', '', '', 30, '1', '1', '2', '0', '0', 1, '2013-08-20 16:30:32', 1, '2013-08-23 15:51:57', NULL, '0'),
(33, 3, 1, 1, '0,1,', 'article', '服务', NULL, NULL, NULL, '', '', '', '', '', 40, '1', '1', '0', '0', '0', 1, '2013-08-20 16:30:44', 1, '2013-08-20 16:30:44', NULL, '0'),
(34, 3, 1, 1, '0,1,', 'article', '解决方案', '', '', '{description:"<p>　　PowerEasy® 系列软件产品是动易公司独立开发的互联网网站建设产品。包括SiteFactory 内容管理系统、BizIdea 企业电子商务系统、SmartGov         政府网站管理系统、SmartSchool 学校网站管理系统、SiteGroup         站群管理系统在内的五大核心产品，可全面协助各类企业（电子商务）网站、政府网站、学校（教育）网站的构建，可快速、便捷地打造出各类专业而强大的网站。<br>         　　PowerEasy®         解决方案是指使用一套经过完善设计的产品，并提供包含所有实施阶段专业的售前和售后服务，从规划部署到系统运用，提供专业咨询与项目指导，帮助企业快速、经济地解决网站建设的高效、全新、快速和优秀的网站解决方案。     </p>"}', '', '', '', '', '', 50, '1', '1', '0', '0', '0', 1, '2013-08-20 16:31:02', 1, '2013-08-23 20:56:42', NULL, '0'),
(35, 3, 1, 1, '0,1,', 'article', '成功案例', NULL, NULL, NULL, '', '', '', '', '', 60, '1', '1', '0', '0', '0', 1, '2013-08-20 16:31:18', 1, '2013-08-20 16:31:18', NULL, '0'),
(36, 3, 1, 1, '0,1,', 'article', '下载中心', NULL, NULL, NULL, '', '', '', '', '', 70, '1', '1', '0', '0', '0', 1, '2013-08-20 16:31:33', 1, '2013-08-20 16:31:33', NULL, '0'),
(37, 3, 1, 1, '0,1,', 'article', '助你选购', NULL, NULL, NULL, '', '', '', '', '', 80, '1', '1', '0', '0', '0', 1, '2013-08-20 16:31:42', 1, '2013-08-20 16:31:42', NULL, '0'),
(38, 3, 1, 1, '0,1,', 'article', '人才招聘', NULL, NULL, NULL, '', '', '', '', '', 90, '1', '1', '0', '0', '0', 1, '2013-08-20 16:31:50', 1, '2013-08-20 16:31:50', NULL, '0'),
(39, 3, 1, 1, '0,1,', 'article', '首页轮换Banner', NULL, NULL, NULL, '', '', '', '', '', 910, '0', '0', '0', '0', '0', 1, '2013-08-21 09:34:16', 1, '2013-08-21 09:34:16', NULL, '0'),
(40, 3, 1, 1, '0,1,', 'article', '首页静态Banner', NULL, NULL, NULL, '', '', '', '', '', 920, '0', '0', '0', '0', '0', 1, '2013-08-21 09:58:33', 1, '2013-08-21 09:58:33', NULL, '0'),
(41, 3, 1, 1, '0,1,', 'article', '签约新闻', NULL, NULL, NULL, '', '', '', '', '', 510, '0', '1', '0', '0', '0', 1, '2013-08-21 10:06:54', 1, '2013-08-21 10:06:54', NULL, '0'),
(42, 3, 1, 30, '0,1,30,', 'article', '公司动态', NULL, '', '{currentId:3}', '', '', '', '', '', 30, '0', '1', '0', '0', '0', 1, '2013-08-21 10:25:18', 1, '2013-08-23 15:57:29', NULL, '0'),
(43, 3, 1, 1, '0,1,', 'article', '媒体报道', NULL, NULL, NULL, '', '', '', '', '', 520, '0', '0', '0', '0', '0', 1, '2013-08-21 12:24:42', 1, '2013-08-21 12:31:19', NULL, '0'),
(44, 3, 1, 35, '0,1,35,', 'article', '政府网站类', NULL, NULL, NULL, '', '', '', '动易是国内领先的政府网站建设解决方案提供商。客户范围涉及部委、省级政府部门、市/县/乡及各委办局。', '', 10, '0', '1', '0', '0', '0', 1, '2013-08-21 15:13:08', 1, '2013-08-21 15:17:06', NULL, '0'),
(45, 3, 1, 35, '0,1,35,', 'article', '教育网站类', NULL, NULL, NULL, '', '', '', '动易教育客户一直在各教育门户网站、学校网站评选中名列前茅，客户涉及大/中/小学/幼儿园、各地方教育局。', '', 20, '0', '1', '0', '0', '0', 1, '2013-08-21 15:14:27', 1, '2013-08-21 15:17:17', NULL, '0'),
(46, 3, 1, 35, '0,1,35,', 'article', '媒体网站类', NULL, NULL, NULL, '', '', '', '首家通过CMMI3认证的媒体网站平台解决方案提供商，客户涉及出版社、报业、网络媒体、电视台、杂志社等。', '', 30, '0', '1', '0', '0', '0', 1, '2013-08-21 15:14:40', 1, '2013-08-21 15:18:26', NULL, '0'),
(47, 3, 1, 35, '0,1,35,', 'article', '企业网站类', NULL, NULL, NULL, '', '', '', '国内最大的网站管理软件（CMS）及服务提供商，电子商务百强企业，客户涉及矿业、煤炭、石油及大中型制造企业。', '', 30, '0', '1', '0', '0', '0', 1, '2013-08-21 15:14:53', 1, '2013-08-21 15:18:11', NULL, '0'),
(48, 3, 1, 35, '0,1,35,', 'article', '电子商务类', NULL, NULL, NULL, '', '', '', '', '', 30, '0', '1', '0', '0', '0', 1, '2013-08-21 15:15:01', 1, '2013-08-21 15:15:01', NULL, '0'),
(49, 3, 1, 35, '0,1,35,', 'article', '组织机构类', NULL, NULL, NULL, '', '', '', '中国医药信息学会、中国电子学会医院信息学分会推荐&quot;医院网站管理系统首选品牌&quot;，客户涉及三甲二甲医院。', '', 30, '0', '1', '0', '0', '0', 1, '2013-08-21 15:15:09', 1, '2013-08-21 15:17:34', NULL, '0'),
(50, 3, 1, 35, '0,1,35,', 'article', '地方门户类', NULL, NULL, NULL, '', '', '', '', '', 30, '0', '1', '0', '0', '0', 1, '2013-08-21 15:15:17', 1, '2013-08-21 15:15:17', NULL, '0'),
(51, 3, 1, 35, '0,1,35,', 'article', '行业门户类', NULL, NULL, NULL, '', '', '', '', '', 30, '0', '1', '0', '0', '0', 1, '2013-08-21 15:15:25', 1, '2013-08-21 15:15:25', NULL, '0'),
(52, 3, 1, 35, '0,1,35,', 'article', '短信通', NULL, NULL, NULL, '', '', '', '', '', 30, '0', '1', '0', '0', '0', 1, '2013-08-21 15:15:33', 1, '2013-08-21 15:15:33', NULL, '0'),
(53, 3, 1, 1, '0,1,', 'article', '官方博客', NULL, NULL, NULL, '', '', '', '', '', 300, '0', '1', '0', '0', '0', 1, '2013-08-21 15:41:54', 1, '2013-08-21 15:41:54', NULL, '0'),
(54, 3, 1, 53, '0,1,53,', 'article', '产品报道', NULL, NULL, NULL, '', '', '', '', '', 30, '0', '1', '0', '0', '0', 1, '2013-08-21 15:42:07', 1, '2013-08-21 15:42:07', NULL, '0'),
(55, 3, 1, 53, '0,1,53,', 'article', '生活偶拾', NULL, NULL, NULL, '', '', '', '', '', 50, '0', '1', '0', '0', '0', 1, '2013-08-21 15:42:27', 1, '2013-08-21 15:42:27', NULL, '0'),
(56, 3, 1, 53, '0,1,53,', 'article', '专家坐堂', NULL, NULL, NULL, '', '', '', '', '', 40, '0', '1', '0', '0', '0', 1, '2013-08-21 15:42:50', 1, '2013-08-21 15:42:50', NULL, '0'),
(57, 3, 1, 53, '0,1,53,', 'article', '探究与思考', NULL, NULL, NULL, '', '', '', '', '', 60, '0', '1', '0', '0', '0', 1, '2013-08-21 15:43:04', 1, '2013-08-21 15:43:04', NULL, '0'),
(58, 3, 1, 53, '0,1,53,', 'article', '技术交流', NULL, NULL, NULL, '', '', '', '', '', 70, '0', '1', '0', '0', '0', 1, '2013-08-21 15:43:15', 1, '2013-08-21 15:43:15', NULL, '0'),
(59, 3, 1, 1, '0,1,', 'article', '子页静态Banner', NULL, NULL, NULL, '', '', '', '', '', 930, '0', '0', '0', '0', '0', 1, '2013-08-21 17:09:01', 1, '2013-08-21 17:09:01', NULL, '0'),
(60, 3, 1, 1, '0,1,', 'article', '关于动易', NULL, NULL, NULL, '', '', '', '', '', 200, '0', '1', '0', '0', '0', 1, '2013-08-21 20:29:44', 1, '2013-08-21 20:29:44', NULL, '0'),
(61, 3, 1, 60, '0,1,60,', 'article', '公司简介', NULL, NULL, NULL, '', '', '', '', '', 10, '0', '1', '0', '0', '0', 1, '2013-08-21 20:30:49', 1, '2013-08-21 20:30:49', NULL, '0'),
(62, 3, 1, 60, '0,1,60,', 'article', '相关证书', NULL, NULL, NULL, '', '', '', '', '', 20, '0', '1', '0', '0', '0', 1, '2013-08-21 20:31:03', 1, '2013-08-21 20:31:03', NULL, '0'),
(63, 3, 1, 60, '0,1,60,', 'article', '公司环境', NULL, NULL, NULL, '', '', '', '', '', 30, '0', '1', '0', '0', '0', 1, '2013-08-21 20:31:12', 1, '2013-08-21 20:31:12', NULL, '0'),
(64, 3, 1, 60, '0,1,60,', 'article', '员工活动', NULL, NULL, NULL, '', '', '', '', '', 40, '0', '1', '0', '0', '0', 1, '2013-08-21 20:31:25', 1, '2013-08-21 20:31:25', NULL, '0'),
(65, 3, 1, 60, '0,1,60,', 'article', '人员招聘', NULL, NULL, NULL, '', '', '', '', '', 50, '0', '1', '0', '0', '0', 1, '2013-08-21 20:31:37', 1, '2013-08-21 20:31:37', NULL, '0'),
(66, 3, 1, 60, '0,1,60,', 'article', '我与动易的故事', NULL, NULL, NULL, '', '', '', '', '', 60, '0', '1', '0', '0', '0', 1, '2013-08-21 20:31:48', 1, '2013-08-21 20:31:48', NULL, '0'),
(67, 3, 1, 60, '0,1,60,', 'article', '动易联系方式', NULL, NULL, NULL, '', '', '', '', '', 70, '0', '1', '0', '0', '0', 1, '2013-08-21 20:32:00', 1, '2013-08-21 20:32:00', NULL, '0'),
(68, 3, 1, 60, '0,1,60,', 'article', '汇款方式', NULL, NULL, NULL, '', '', '', '', '', 80, '0', '1', '0', '0', '0', 1, '2013-08-21 20:32:12', 1, '2013-08-21 20:32:12', NULL, '0'),
(69, 3, 1, 30, '0,1,30,', 'article', '公司简介', '', 'frontViewArticle_page', '', '', '', '', '', '', 1, '0', '0', '2', '0', '0', 1, '2013-08-21 20:34:37', 1, '2013-08-23 20:58:44', NULL, '0'),
(70, 3, 1, 31, '0,1,31,', 'article', '全线产品', NULL, '', NULL, '', '', '', '', '', 30, '1', '1', '0', '0', '0', 1, '2013-08-23 14:02:47', 1, '2013-08-23 14:02:58', NULL, '0'),
(71, 3, 1, 31, '0,1,31,', 'article', '产品技术', NULL, '', NULL, '', '', '', '', '', 30, '1', '1', '0', '0', '0', 1, '2013-08-23 14:03:13', 1, '2013-08-23 14:03:13', NULL, '0'),
(72, 3, 1, 31, '0,1,31,', 'article', '增值服务', NULL, '', NULL, '', '', '', '', '', 30, '1', '1', '0', '0', '0', 1, '2013-08-23 14:05:06', 1, '2013-08-23 14:05:06', NULL, '0'),
(73, 3, 1, 34, '0,1,34,', 'article', '政府机关', NULL, '', '', '', '', '', '', '', 30, '0', '1', '0', '0', '0', 1, '2013-08-23 17:02:05', 1, '2013-08-23 17:02:05', NULL, '0'),
(74, 3, 1, 34, '0,1,34,', 'article', '教育科研', NULL, '', '', '', '', '', '', '', 30, '0', '1', '0', '0', '0', 1, '2013-08-23 17:02:17', 1, '2013-08-23 17:02:17', NULL, '0'),
(75, 3, 1, 34, '0,1,34,', 'article', '电子商务', NULL, '', '', '', '', '', '', '', 30, '0', '1', '0', '0', '0', 1, '2013-08-23 17:02:26', 1, '2013-08-23 17:02:26', NULL, '0'),
(76, 3, 1, 34, '0,1,34,', 'article', '企业展示', NULL, '', '', '', '', '', '', '', 30, '0', '1', '0', '0', '0', 1, '2013-08-23 17:02:34', 1, '2013-08-23 17:02:34', NULL, '0'),
(77, 3, 1, 34, '0,1,34,', 'article', '新闻媒体', NULL, '', '', '', '', '', '', '', 30, '0', '1', '0', '0', '0', 1, '2013-08-23 17:02:42', 1, '2013-08-23 17:02:42', NULL, '0'),
(78, 3, 1, 34, '0,1,34,', 'article', '行业门户', NULL, '', '', '', '', '', '', '', 30, '0', '1', '0', '0', '0', 1, '2013-08-23 17:02:50', 1, '2013-08-23 17:02:50', NULL, '0'),
(79, 3, 1, 34, '0,1,34,', 'article', '短信通', NULL, '', '', '', '', '', '', '', 30, '0', '1', '0', '0', '0', 1, '2013-08-23 17:02:58', 1, '2013-08-23 17:02:58', NULL, '0');

-- --------------------------------------------------------

--
-- 表的结构 `cms_comment`
--

CREATE TABLE IF NOT EXISTS `cms_comment` (
  `id` bigint(20) NOT NULL AUTO_INCREMENT COMMENT '编号',
  `category_id` bigint(20) NOT NULL COMMENT '栏目编号',
  `content_id` bigint(20) NOT NULL COMMENT '栏目内容的编号（Article.id、Photo.id、Download.id）',
  `title` varchar(255) DEFAULT NULL COMMENT '栏目内容的标题（Article.title、Photo.title、Download.title）',
  `content` varchar(255) DEFAULT NULL COMMENT '评论内容',
  `name` varchar(100) DEFAULT NULL COMMENT '评论姓名',
  `ip` varchar(100) DEFAULT NULL COMMENT '评论IP',
  `create_date` datetime NOT NULL COMMENT '评论时间',
  `audit_user_id` bigint(20) DEFAULT NULL COMMENT '审核人',
  `audit_date` datetime DEFAULT NULL COMMENT '审核时间',
  `del_flag` char(1) NOT NULL DEFAULT '0' COMMENT '删除标记（0：正常；1：删除）',
  PRIMARY KEY (`id`),
  KEY `cms_comment_category_id` (`category_id`),
  KEY `cms_comment_content_id` (`content_id`),
  KEY `cms_comment_status` (`del_flag`)
) ENGINE=InnoDB DEFAULT CHARSET=utf8 COMMENT='评论表' AUTO_INCREMENT=1 ;

-- --------------------------------------------------------

--
-- 表的结构 `cms_guestbook`
--

CREATE TABLE IF NOT EXISTS `cms_guestbook` (
  `id` bigint(20) NOT NULL AUTO_INCREMENT COMMENT '编号',
  `type` char(1) NOT NULL COMMENT '留言分类（1咨询、2建议、3投诉、4其它）',
  `content` varchar(255) NOT NULL COMMENT '留言内容',
  `name` varchar(100) NOT NULL COMMENT '姓名',
  `email` varchar(100) NOT NULL COMMENT '邮箱',
  `phone` varchar(100) NOT NULL COMMENT '电话',
  `workunit` varchar(100) NOT NULL COMMENT '单位',
  `ip` varchar(100) NOT NULL COMMENT 'IP',
  `create_date` datetime NOT NULL COMMENT '留言时间',
  `re_user_id` bigint(20) DEFAULT NULL COMMENT '回复人',
  `re_date` datetime DEFAULT NULL COMMENT '回复时间',
  `re_content` varchar(100) DEFAULT NULL COMMENT '回复内容',
  `del_flag` char(1) NOT NULL DEFAULT '0' COMMENT '删除标记（0：正常；1：删除）',
  PRIMARY KEY (`id`),
  KEY `cms_guestbook_del_flag` (`del_flag`)
) ENGINE=InnoDB DEFAULT CHARSET=utf8 COMMENT='留言板' AUTO_INCREMENT=1 ;

-- --------------------------------------------------------

--
-- 表的结构 `cms_link`
--

CREATE TABLE IF NOT EXISTS `cms_link` (
  `id` bigint(20) NOT NULL AUTO_INCREMENT COMMENT '编号',
  `category_id` bigint(20) NOT NULL COMMENT '栏目编号',
  `title` varchar(255) NOT NULL COMMENT '链接名称',
  `color` varchar(50) DEFAULT NULL COMMENT '标题颜色（red：红色；green：绿色；blue：蓝色；yellow：黄色；orange：橙色）',
  `image` varchar(255) DEFAULT NULL COMMENT '链接图片，如果上传了图片，则显示为图片链接',
  `href` varchar(255) DEFAULT NULL COMMENT '链接地址',
  `weight` int(11) DEFAULT '0' COMMENT '权重，越大越靠前',
  `weight_date` datetime DEFAULT NULL COMMENT '权重期限，过期后将权重设置为：0',
  `create_by` bigint(20) DEFAULT NULL COMMENT '创建者',
  `create_date` datetime DEFAULT NULL COMMENT '创建时间',
  `update_by` bigint(20) DEFAULT NULL COMMENT '更新者',
  `update_date` datetime DEFAULT NULL COMMENT '更新时间',
  `remarks` varchar(255) DEFAULT NULL COMMENT '备注信息',
  `del_flag` char(1) NOT NULL DEFAULT '0' COMMENT '删除标记（0：正常；1：删除）',
  PRIMARY KEY (`id`),
  KEY `cms_link_category_id` (`category_id`),
  KEY `cms_link_title` (`title`),
  KEY `cms_link_del_flag` (`del_flag`),
  KEY `cms_link_weight` (`weight`),
  KEY `cms_link_create_by` (`create_by`),
  KEY `cms_link_update_date` (`update_date`)
) ENGINE=InnoDB  DEFAULT CHARSET=utf8 COMMENT='友情链接' AUTO_INCREMENT=13 ;

--
-- 转存表中的数据 `cms_link`
--

INSERT INTO `cms_link` (`id`, `category_id`, `title`, `color`, `image`, `href`, `weight`, `weight_date`, `create_by`, `create_date`, `update_by`, `update_date`, `remarks`, `del_flag`) VALUES
(1, 19, 'JeeSite', NULL, NULL, 'http://thinkgem.github.com/jeesite', 0, NULL, 1, '2013-05-27 08:00:00', 1, '2013-05-27 08:00:00', NULL, '0'),
(2, 19, 'ThinkGem', NULL, NULL, 'http://thinkgem.iteye.com/', 0, NULL, 1, '2013-05-27 08:00:00', 1, '2013-05-27 08:00:00', NULL, '0'),
(3, 19, '百度一下', NULL, NULL, 'http://www.baidu.com', 0, NULL, 1, '2013-05-27 08:00:00', 1, '2013-05-27 08:00:00', NULL, '0'),
(4, 19, '谷歌搜索', NULL, NULL, 'http://www.google.com', 0, NULL, 1, '2013-05-27 08:00:00', 1, '2013-05-27 08:00:00', NULL, '0'),
(5, 20, '新浪网', NULL, NULL, 'http://www.sina.com.cn', 0, NULL, 1, '2013-05-27 08:00:00', 1, '2013-05-27 08:00:00', NULL, '0'),
(6, 20, '腾讯网', NULL, NULL, 'http://www.qq.com/', 0, NULL, 1, '2013-05-27 08:00:00', 1, '2013-05-27 08:00:00', NULL, '0'),
(7, 21, '淘宝网', NULL, NULL, 'http://www.taobao.com/', 0, NULL, 1, '2013-05-27 08:00:00', 1, '2013-05-27 08:00:00', NULL, '0'),
(8, 21, '新华网', NULL, NULL, 'http://www.xinhuanet.com/', 0, NULL, 1, '2013-05-27 08:00:00', 1, '2013-05-27 08:00:00', NULL, '0'),
(9, 22, '赶集网', NULL, NULL, 'http://www.ganji.com/', 0, NULL, 1, '2013-05-27 08:00:00', 1, '2013-05-27 08:00:00', NULL, '0'),
(10, 22, '58同城', NULL, NULL, 'http://www.58.com/', 0, NULL, 1, '2013-05-27 08:00:00', 1, '2013-05-27 08:00:00', NULL, '0'),
(11, 23, '视频大全', NULL, NULL, 'http://v.360.cn/', 0, NULL, 1, '2013-05-27 08:00:00', 1, '2013-05-27 08:00:00', NULL, '0'),
(12, 23, '凤凰网', NULL, NULL, 'http://www.ifeng.com/', 0, NULL, 1, '2013-05-27 08:00:00', 1, '2013-05-27 08:00:00', NULL, '0');

-- --------------------------------------------------------

--
-- 表的结构 `cms_site`
--

CREATE TABLE IF NOT EXISTS `cms_site` (
  `id` bigint(20) NOT NULL AUTO_INCREMENT COMMENT '编号',
  `name` varchar(100) NOT NULL COMMENT '站点名称',
  `title` varchar(100) NOT NULL COMMENT '站点标题',
  `domain` varchar(255) NOT NULL COMMENT '域名',
  `description` varchar(255) DEFAULT NULL COMMENT '描述，填写有助于搜索引擎优化',
  `keywords` varchar(255) DEFAULT NULL COMMENT '关键字，填写有助于搜索引擎优化',
  `theme` varchar(255) DEFAULT 'default' COMMENT '主题',
  `copyright` text COMMENT '版权信息',
  `create_by` bigint(20) DEFAULT NULL COMMENT '创建者',
  `create_date` datetime DEFAULT NULL COMMENT '创建时间',
  `update_by` bigint(20) DEFAULT NULL COMMENT '更新者',
  `update_date` datetime DEFAULT NULL COMMENT '更新时间',
  `remarks` varchar(255) DEFAULT NULL COMMENT '备注信息',
  `del_flag` char(1) NOT NULL DEFAULT '0' COMMENT '删除标记（0：正常；1：删除）',
  PRIMARY KEY (`id`),
  KEY `cms_site_del_flag` (`del_flag`)
) ENGINE=InnoDB  DEFAULT CHARSET=utf8 COMMENT='站点表' AUTO_INCREMENT=4 ;

--
-- 转存表中的数据 `cms_site`
--

INSERT INTO `cms_site` (`id`, `name`, `title`, `domain`, `description`, `keywords`, `theme`, `copyright`, `create_by`, `create_date`, `update_by`, `update_date`, `remarks`, `del_flag`) VALUES
(1, '默认站点', 'JeeSite Web', 'a.com', 'JeeSite', 'JeeSite', 'basic', '<p>\r\n	Copyright &copy; 2012-2013 <a href="http://thinkgem.iteye.com" target="_blank">ThinkGem</a> - Powered By <a href="https://github.com/thinkgem/jeesite" target="_blank">JeeSite</a> V1.0</p>', 1, '2013-05-27 08:00:00', 1, '2013-07-20 10:25:33', NULL, '0'),
(2, '子站点测试', 'JeeSite Subsite', 'b.com', 'JeeSite subsite', 'JeeSite subsite', 'b.com', '<p>\r\n	Copyright &copy; 2012-2013 <a href="http://thinkgem.iteye.com" target="_blank">ThinkGem</a> - Powered By <a href="https://github.com/thinkgem/jeesite" target="_blank">JeeSite</a> V1.0</p>', 1, '2013-05-27 08:00:00', 1, '2013-07-20 11:23:51', NULL, '0'),
(3, '杰易斯特', '杰易斯特', 'j.com', '杰易斯特', '杰易斯特', 'jeesite', '<p>\r\n	杰易斯特</p>', 1, '2013-08-20 14:24:16', 1, '2013-08-20 14:25:58', NULL, '0');

-- --------------------------------------------------------

--
-- 表的结构 `oa_leave`
--

CREATE TABLE IF NOT EXISTS `oa_leave` (
  `id` bigint(20) NOT NULL AUTO_INCREMENT COMMENT '编号',
  `process_instance_id` varchar(64) DEFAULT NULL COMMENT '流程实例编号',
  `start_time` datetime DEFAULT NULL COMMENT '开始时间',
  `end_time` datetime DEFAULT NULL COMMENT '结束时间',
  `leave_type` varchar(20) DEFAULT NULL COMMENT '请假类型',
  `reason` varchar(255) DEFAULT NULL COMMENT '请假理由',
  `apply_time` datetime DEFAULT NULL COMMENT '申请时间',
  `reality_start_time` datetime DEFAULT NULL COMMENT '实际开始时间',
  `reality_end_time` datetime DEFAULT NULL COMMENT '实际结束时间',
  `create_by` bigint(20) DEFAULT NULL COMMENT '创建者',
  `create_date` datetime DEFAULT NULL COMMENT '创建时间',
  `update_by` bigint(20) DEFAULT NULL COMMENT '更新者',
  `update_date` datetime DEFAULT NULL COMMENT '更新时间',
  `remarks` varchar(255) DEFAULT NULL COMMENT '备注信息',
  `del_flag` char(1) NOT NULL DEFAULT '0' COMMENT '删除标记（0：正常；1：删除）',
  PRIMARY KEY (`id`),
  KEY `oa_leave_create_by` (`create_by`),
  KEY `oa_leave_process_instance_id` (`process_instance_id`),
  KEY `oa_leave_del_flag` (`del_flag`)
) ENGINE=InnoDB DEFAULT CHARSET=utf8 AUTO_INCREMENT=1 ;

-- --------------------------------------------------------

--
-- 表的结构 `sys_area`
--

CREATE TABLE IF NOT EXISTS `sys_area` (
  `id` bigint(20) NOT NULL AUTO_INCREMENT COMMENT '编号',
  `parent_id` bigint(20) NOT NULL COMMENT '父级编号',
  `parent_ids` varchar(255) NOT NULL COMMENT '所有父级编号',
  `code` varchar(100) DEFAULT NULL COMMENT '区域编码',
  `name` varchar(100) NOT NULL COMMENT '区域名称',
  `type` char(1) DEFAULT NULL COMMENT '区域类型（1：国家；2：省份、直辖市；3：地市；4：区县）',
  `create_by` bigint(20) DEFAULT NULL COMMENT '创建者',
  `create_date` datetime DEFAULT NULL COMMENT '创建时间',
  `update_by` bigint(20) DEFAULT NULL COMMENT '更新者',
  `update_date` datetime DEFAULT NULL COMMENT '更新时间',
  `remarks` varchar(255) DEFAULT NULL COMMENT '备注信息',
  `del_flag` char(1) NOT NULL DEFAULT '0' COMMENT '删除标记（0：正常；1：删除）',
  PRIMARY KEY (`id`),
  KEY `sys_area_parent_id` (`parent_id`),
  KEY `sys_area_parent_ids` (`parent_ids`),
  KEY `sys_area_del_flag` (`del_flag`)
) ENGINE=InnoDB  DEFAULT CHARSET=utf8 COMMENT='区域表' AUTO_INCREMENT=15 ;

--
-- 转存表中的数据 `sys_area`
--

INSERT INTO `sys_area` (`id`, `parent_id`, `parent_ids`, `code`, `name`, `type`, `create_by`, `create_date`, `update_by`, `update_date`, `remarks`, `del_flag`) VALUES
(1, 0, '0,', '100000', '中国', '1', 1, '2013-05-27 08:00:00', 1, '2013-05-27 08:00:00', NULL, '0'),
(2, 1, '0,1,', '110000', '北京市', '2', 1, '2013-05-27 08:00:00', 1, '2013-05-27 08:00:00', NULL, '0'),
(3, 2, '0,1,2,', '110101', '东城区', '4', 1, '2013-05-27 08:00:00', 1, '2013-05-27 08:00:00', NULL, '0'),
(4, 2, '0,1,2,', '110102', '西城区', '4', 1, '2013-05-27 08:00:00', 1, '2013-05-27 08:00:00', NULL, '0'),
(5, 2, '0,1,2,', '110103', '朝阳区', '4', 1, '2013-05-27 08:00:00', 1, '2013-05-27 08:00:00', NULL, '0'),
(6, 2, '0,1,2,', '110104', '丰台区', '4', 1, '2013-05-27 08:00:00', 1, '2013-05-27 08:00:00', NULL, '0'),
(7, 2, '0,1,2,', '110105', '海淀区', '4', 1, '2013-05-27 08:00:00', 1, '2013-05-27 08:00:00', NULL, '0'),
(8, 1, '0,1,', '370000', '山东省', '2', 1, '2013-05-27 08:00:00', 1, '2013-05-27 08:00:00', NULL, '0'),
(9, 8, '0,1,2,', '370531', '济南市', '3', 1, '2013-05-27 08:00:00', 1, '2013-05-27 08:00:00', NULL, '0'),
(10, 8, '0,1,2,', '370532', '历城区', '4', 1, '2013-05-27 08:00:00', 1, '2013-05-27 08:00:00', NULL, '0'),
(11, 8, '0,1,2,', '370533', '历城区', '4', 1, '2013-05-27 08:00:00', 1, '2013-05-27 08:00:00', NULL, '0'),
(12, 8, '0,1,2,', '370534', '历下区', '4', 1, '2013-05-27 08:00:00', 1, '2013-05-27 08:00:00', NULL, '0'),
(13, 8, '0,1,2,', '370535', '天桥区', '4', 1, '2013-05-27 08:00:00', 1, '2013-05-27 08:00:00', NULL, '0'),
(14, 8, '0,1,2,', '370536', '槐荫区', '4', 1, '2013-05-27 08:00:00', 1, '2013-05-27 08:00:00', NULL, '0');

-- --------------------------------------------------------

--
-- 表的结构 `sys_dict`
--

CREATE TABLE IF NOT EXISTS `sys_dict` (
  `id` bigint(20) NOT NULL AUTO_INCREMENT COMMENT '编号',
  `label` varchar(100) NOT NULL COMMENT '标签名',
  `value` varchar(100) NOT NULL COMMENT '数据值',
  `type` varchar(100) NOT NULL COMMENT '类型',
  `description` varchar(100) NOT NULL COMMENT '描述',
  `sort` int(11) NOT NULL COMMENT '排序（升序）',
  `create_by` bigint(20) DEFAULT NULL COMMENT '创建者',
  `create_date` datetime DEFAULT NULL COMMENT '创建时间',
  `update_by` bigint(20) DEFAULT NULL COMMENT '更新者',
  `update_date` datetime DEFAULT NULL COMMENT '更新时间',
  `remarks` varchar(255) DEFAULT NULL COMMENT '备注信息',
  `del_flag` char(1) NOT NULL DEFAULT '0' COMMENT '删除标记（0：正常；1：删除）',
  PRIMARY KEY (`id`),
  KEY `sys_dict_value` (`value`),
  KEY `sys_dict_label` (`label`),
  KEY `sys_dict_del_flag` (`del_flag`)
) ENGINE=InnoDB  DEFAULT CHARSET=utf8 COMMENT='字典表' AUTO_INCREMENT=66 ;

--
-- 转存表中的数据 `sys_dict`
--

INSERT INTO `sys_dict` (`id`, `label`, `value`, `type`, `description`, `sort`, `create_by`, `create_date`, `update_by`, `update_date`, `remarks`, `del_flag`) VALUES
(1, '正常', '0', 'del_flag', '删除标记', 10, 1, '2013-05-27 08:00:00', 1, '2013-05-27 08:00:00', NULL, '0'),
(2, '删除', '1', 'del_flag', '删除标记', 20, 1, '2013-05-27 08:00:00', 1, '2013-05-27 08:00:00', NULL, '0'),
(3, '显示', '1', 'show_hide', '显示/隐藏', 10, 1, '2013-05-27 08:00:00', 1, '2013-05-27 08:00:00', NULL, '0'),
(4, '隐藏', '0', 'show_hide', '显示/隐藏', 20, 1, '2013-05-27 08:00:00', 1, '2013-05-27 08:00:00', NULL, '0'),
(5, '是', '1', 'yes_no', '是/否', 10, 1, '2013-05-27 08:00:00', 1, '2013-05-27 08:00:00', NULL, '0'),
(6, '否', '0', 'yes_no', '是/否', 20, 1, '2013-05-27 08:00:00', 1, '2013-05-27 08:00:00', NULL, '0'),
(7, '红色', 'red', 'color', '颜色值', 10, 1, '2013-05-27 08:00:00', 1, '2013-05-27 08:00:00', NULL, '0'),
(8, '绿色', 'green', 'color', '颜色值', 20, 1, '2013-05-27 08:00:00', 1, '2013-05-27 08:00:00', NULL, '0'),
(9, '蓝色', 'blue', 'color', '颜色值', 30, 1, '2013-05-27 08:00:00', 1, '2013-05-27 08:00:00', NULL, '0'),
(10, '黄色', 'yellow', 'color', '颜色值', 40, 1, '2013-05-27 08:00:00', 1, '2013-05-27 08:00:00', NULL, '0'),
(11, '橙色', 'orange', 'color', '颜色值', 50, 1, '2013-05-27 08:00:00', 1, '2013-05-27 08:00:00', NULL, '0'),
(12, '默认主题', 'default', 'theme', '主题方案', 10, 1, '2013-05-27 08:00:00', 1, '2013-05-27 08:00:00', NULL, '0'),
(13, '天蓝主题', 'cerulean', 'theme', '主题方案', 20, 1, '2013-05-27 08:00:00', 1, '2013-05-27 08:00:00', NULL, '0'),
(14, '橙色主题', 'readable', 'theme', '主题方案', 30, 1, '2013-05-27 08:00:00', 1, '2013-05-27 08:00:00', NULL, '0'),
(15, '红色主题', 'united', 'theme', '主题方案', 40, 1, '2013-05-27 08:00:00', 1, '2013-05-27 08:00:00', NULL, '0'),
(16, 'Flat主题', 'flat', 'theme', '主题方案', 60, 1, '2013-05-27 08:00:00', 1, '2013-05-27 08:00:00', NULL, '0'),
(17, '国家', '1', 'sys_area_type', '区域类型', 10, 1, '2013-05-27 08:00:00', 1, '2013-05-27 08:00:00', NULL, '0'),
(18, '省份、直辖市', '2', 'sys_area_type', '区域类型', 20, 1, '2013-05-27 08:00:00', 1, '2013-05-27 08:00:00', NULL, '0'),
(19, '地市', '3', 'sys_area_type', '区域类型', 30, 1, '2013-05-27 08:00:00', 1, '2013-05-27 08:00:00', NULL, '0'),
(20, '区县', '4', 'sys_area_type', '区域类型', 40, 1, '2013-05-27 08:00:00', 1, '2013-05-27 08:00:00', NULL, '0'),
(21, '公司', '1', 'sys_office_type', '机构类型', 60, 1, '2013-05-27 08:00:00', 1, '2013-05-27 08:00:00', NULL, '0'),
(22, '部门', '2', 'sys_office_type', '机构类型', 70, 1, '2013-05-27 08:00:00', 1, '2013-05-27 08:00:00', NULL, '0'),
(23, '一级', '1', 'sys_office_grade', '机构等级', 10, 1, '2013-05-27 08:00:00', 1, '2013-05-27 08:00:00', NULL, '0'),
(24, '二级', '2', 'sys_office_grade', '机构等级', 20, 1, '2013-05-27 08:00:00', 1, '2013-05-27 08:00:00', NULL, '0'),
(25, '三级', '3', 'sys_office_grade', '机构等级', 30, 1, '2013-05-27 08:00:00', 1, '2013-05-27 08:00:00', NULL, '0'),
(26, '四级', '4', 'sys_office_grade', '机构等级', 40, 1, '2013-05-27 08:00:00', 1, '2013-05-27 08:00:00', NULL, '0'),
(27, '所有数据', '1', 'sys_data_scope', '数据范围', 10, 1, '2013-05-27 08:00:00', 1, '2013-05-27 08:00:00', NULL, '0'),
(28, '所在公司及以下数据', '2', 'sys_data_scope', '数据范围', 20, 1, '2013-05-27 08:00:00', 1, '2013-05-27 08:00:00', NULL, '0'),
(29, '所在公司数据', '3', 'sys_data_scope', '数据范围', 30, 1, '2013-05-27 08:00:00', 1, '2013-05-27 08:00:00', NULL, '0'),
(30, '所在部门及以下数据', '4', 'sys_data_scope', '数据范围', 40, 1, '2013-05-27 08:00:00', 1, '2013-05-27 08:00:00', NULL, '0'),
(31, '所在部门数据', '5', 'sys_data_scope', '数据范围', 50, 1, '2013-05-27 08:00:00', 1, '2013-05-27 08:00:00', NULL, '0'),
(32, '仅本人数据', '8', 'sys_data_scope', '数据范围', 90, 1, '2013-05-27 08:00:00', 1, '2013-05-27 08:00:00', NULL, '0'),
(33, '按明细设置', '9', 'sys_data_scope', '数据范围', 100, 1, '2013-05-27 08:00:00', 1, '2013-05-27 08:00:00', NULL, '0'),
(34, '系统管理', '1', 'sys_user_type', '用户类型', 10, 1, '2013-05-27 08:00:00', 1, '2013-05-27 08:00:00', NULL, '0'),
(35, '部门经理', '2', 'sys_user_type', '用户类型', 20, 1, '2013-05-27 08:00:00', 1, '2013-05-27 08:00:00', NULL, '0'),
(36, '普通用户', '3', 'sys_user_type', '用户类型', 30, 1, '2013-05-27 08:00:00', 1, '2013-05-27 08:00:00', NULL, '0'),
(37, '基础主题', 'basic', 'cms_theme', '站点主题', 10, 1, '2013-05-27 08:00:00', 1, '2013-05-27 08:00:00', NULL, '0'),
(38, '蓝色主题', 'blue', 'cms_theme', '站点主题', 20, 1, '2013-05-27 08:00:00', 1, '2013-05-27 08:00:00', NULL, '1'),
(39, '红色主题', 'red', 'cms_theme', '站点主题', 30, 1, '2013-05-27 08:00:00', 1, '2013-05-27 08:00:00', NULL, '1'),
(40, '文章模型', 'article', 'cms_module', '栏目模型', 10, 1, '2013-05-27 08:00:00', 1, '2013-05-27 08:00:00', NULL, '0'),
(41, '图片模型', 'picture', 'cms_module', '栏目模型', 20, 1, '2013-05-27 08:00:00', 1, '2013-05-27 08:00:00', NULL, '1'),
(42, '下载模型', 'download', 'cms_module', '栏目模型', 30, 1, '2013-05-27 08:00:00', 1, '2013-05-27 08:00:00', NULL, '1'),
(43, '链接模型', 'link', 'cms_module', '栏目模型', 40, 1, '2013-05-27 08:00:00', 1, '2013-05-27 08:00:00', NULL, '0'),
(44, '专题模型', 'special', 'cms_module', '栏目模型', 50, 1, '2013-05-27 08:00:00', 1, '2013-05-27 08:00:00', NULL, '1'),
(45, '默认展现方式', '0', 'cms_show_modes', '展现方式', 10, 1, '2013-05-27 08:00:00', 1, '2013-05-27 08:00:00', NULL, '0'),
(46, '首栏目内容列表', '1', 'cms_show_modes', '展现方式', 20, 1, '2013-05-27 08:00:00', 1, '2013-05-27 08:00:00', NULL, '0'),
(47, '栏目第一条内容', '2', 'cms_show_modes', '展现方式', 30, 1, '2013-05-27 08:00:00', 1, '2013-05-27 08:00:00', NULL, '0'),
(48, '发布', '0', 'cms_del_flag', '内容状态', 10, 1, '2013-05-27 08:00:00', 1, '2013-05-27 08:00:00', NULL, '0'),
(49, '删除', '1', 'cms_del_flag', '内容状态', 20, 1, '2013-05-27 08:00:00', 1, '2013-05-27 08:00:00', NULL, '0'),
(50, '审核', '2', 'cms_del_flag', '内容状态', 15, 1, '2013-05-27 08:00:00', 1, '2013-05-27 08:00:00', NULL, '0'),
(51, '首页焦点图', '1', 'cms_posid', '推荐位', 10, 1, '2013-05-27 08:00:00', 1, '2013-05-27 08:00:00', NULL, '0'),
(52, '栏目页文章推荐', '2', 'cms_posid', '推荐位', 20, 1, '2013-05-27 08:00:00', 1, '2013-05-27 08:00:00', NULL, '0'),
(53, '咨询', '1', 'cms_guestbook', '留言板分类', 10, 1, '2013-05-27 08:00:00', 1, '2013-05-27 08:00:00', NULL, '0'),
(54, '建议', '2', 'cms_guestbook', '留言板分类', 20, 1, '2013-05-27 08:00:00', 1, '2013-05-27 08:00:00', NULL, '0'),
(55, '投诉', '3', 'cms_guestbook', '留言板分类', 30, 1, '2013-05-27 08:00:00', 1, '2013-05-27 08:00:00', NULL, '0'),
(56, '其它', '4', 'cms_guestbook', '留言板分类', 40, 1, '2013-05-27 08:00:00', 1, '2013-05-27 08:00:00', NULL, '0'),
(57, '公休', '1', 'oa_leave_type', '请假类型', 10, 1, '2013-05-27 08:00:00', 1, '2013-05-27 08:00:00', NULL, '0'),
(58, '病假', '2', 'oa_leave_type', '请假类型', 20, 1, '2013-05-27 08:00:00', 1, '2013-05-27 08:00:00', NULL, '0'),
(59, '事假', '3', 'oa_leave_type', '请假类型', 30, 1, '2013-05-27 08:00:00', 1, '2013-05-27 08:00:00', NULL, '0'),
(60, '调休', '4', 'oa_leave_type', '请假类型', 40, 1, '2013-05-27 08:00:00', 1, '2013-05-27 08:00:00', NULL, '0'),
(61, '婚假', '5', 'oa_leave_type', '请假类型', 60, 1, '2013-05-27 08:00:00', 1, '2013-05-27 08:00:00', NULL, '0'),
(62, '接入日志', '1', 'sys_log_type', '日志类型', 30, 1, '2013-06-03 08:00:00', 1, '2013-06-03 08:00:00', NULL, '0'),
(63, '异常日志', '2', 'sys_log_type', '日志类型', 40, 1, '2013-06-03 08:00:00', 1, '2013-06-03 08:00:00', NULL, '0'),
(64, 'b.com子站', 'b.com', 'cms_theme', '站点主题', 20, 1, '2013-07-20 11:23:28', 1, '2013-07-20 11:23:32', NULL, '0'),
(65, '杰易斯特', 'jeesite', 'cms_theme', '站点主题', 90, 1, '2013-08-20 14:25:07', 1, '2013-08-20 14:25:07', NULL, '0');

-- --------------------------------------------------------

--
-- 表的结构 `sys_log`
--

CREATE TABLE IF NOT EXISTS `sys_log` (
  `id` bigint(20) NOT NULL AUTO_INCREMENT COMMENT '编号',
  `type` char(1) DEFAULT '1' COMMENT '日志类型（1：接入日志；2：异常日志）',
  `create_by` bigint(20) DEFAULT NULL COMMENT '创建者',
  `create_date` datetime DEFAULT NULL COMMENT '创建时间',
  `remote_addr` varchar(255) DEFAULT NULL COMMENT '操作IP地址',
  `user_agent` varchar(255) DEFAULT NULL COMMENT '用户代理',
  `request_uri` varchar(255) DEFAULT NULL COMMENT '请求URI',
  `method` varchar(5) DEFAULT NULL COMMENT '操作方式',
  `params` text COMMENT '操作提交的数据',
  `exception` text COMMENT '异常信息',
  PRIMARY KEY (`id`),
  KEY `sys_log_create_by` (`create_by`),
  KEY `sys_log_request_uri` (`request_uri`),
  KEY `sys_log_type` (`type`),
  KEY `sys_log_create_date` (`create_date`)
) ENGINE=InnoDB  DEFAULT CHARSET=utf8 AUTO_INCREMENT=192 ;

--
-- 转存表中的数据 `sys_log`
--

INSERT INTO `sys_log` (`id`, `type`, `create_by`, `create_date`, `remote_addr`, `user_agent`, `request_uri`, `method`, `params`, `exception`) VALUES
(1, '1', 1, '2013-07-19 21:40:40', '0:0:0:0:0:0:0:1', 'Mozilla/5.0 (Windows NT 6.1; WOW64) AppleWebKit/537.36 (KHTML, like Gecko) Chrome/29.0.1547.15 Safari/537.36', '/a/cms/site/save', 'POST', 'id=1&title=JeeSite Web&keywords=JeeSite&description=JeeSite&theme=basic&name=默认站点&domain=3dey.com&copyright=<p>\r\n	Copyright &copy; 2012-2013 <a href="http://thinkgem.iteye.com" target="_blank">ThinkGem</a>...', ''),
(2, '1', 1, '2013-07-19 21:40:57', '0:0:0:0:0:0:0:1', 'Mozilla/5.0 (Windows NT 6.1; WOW64) AppleWebKit/537.36 (KHTML, like Gecko) Chrome/29.0.1547.15 Safari/537.36', '/a/cms/site/save', 'POST', 'id=2&title=JeeSite Subsite&keywords=JeeSite subsite&description=JeeSite subsite&theme=basic&name=子站点测试&domain=test1.3dey.com&copyright=<p>\r\n	Copyright &copy; 2012-2013 <a href="http://thinkgem.iteye.com" target="_blank">ThinkGem</a>...', ''),
(3, '1', 1, '2013-07-19 23:20:52', '0:0:0:0:0:0:0:1', 'Mozilla/5.0 (Windows NT 6.1; WOW64) AppleWebKit/537.36 (KHTML, like Gecko) Chrome/29.0.1547.15 Safari/537.36', '/a/cms/category/save', 'POST', 'module=link&isAudit=0&sort=30&keywords=&inList=1&inMenu=0&image=&office.id=1&id=&office.name=北京市总公司&description=&name=2131&parent.id=1&target=&allowComment=0&showModes=0&href=&parent.name=顶级栏目', ''),
(4, '1', 1, '2013-07-19 23:21:10', '0:0:0:0:0:0:0:1', 'Mozilla/5.0 (Windows NT 6.1; WOW64) AppleWebKit/537.36 (KHTML, like Gecko) Chrome/29.0.1547.15 Safari/537.36', '/a/cms/category/delete', 'GET', 'id=28', ''),
(5, '1', 1, '2013-07-19 23:25:31', '0:0:0:0:0:0:0:1', 'Mozilla/5.0 (Windows NT 6.1; WOW64) AppleWebKit/537.36 (KHTML, like Gecko) Chrome/29.0.1547.15 Safari/537.36', '/a/cms/category/save', 'POST', 'module=article&isAudit=0&sort=60&keywords=&inList=1&inMenu=1&image=&office.id=1&id=&office.name=北京市总公司&description=&name=60&parent.id=1&target=&allowComment=0&showModes=0&href=&parent.name=顶级栏目', ''),
(6, '1', 1, '2013-07-20 10:25:33', '0:0:0:0:0:0:0:1', 'Mozilla/5.0 (Windows NT 6.1; WOW64) AppleWebKit/537.31 (KHTML, like Gecko) Chrome/26.0.1410.5 Safari/537.31', '/a/cms/site/save', 'POST', 'id=1&title=JeeSite Web&keywords=JeeSite&description=JeeSite&theme=basic&name=默认站点&domain=a.com&copyright=<p>\r\n	Copyright &copy; 2012-2013 <a href="http://thinkgem.iteye.com" target="_blank">ThinkGem</a>...', ''),
(7, '1', 1, '2013-07-20 10:25:43', '0:0:0:0:0:0:0:1', 'Mozilla/5.0 (Windows NT 6.1; WOW64) AppleWebKit/537.31 (KHTML, like Gecko) Chrome/26.0.1410.5 Safari/537.31', '/a/cms/site/save', 'POST', 'id=2&title=JeeSite Subsite&keywords=JeeSite subsite&description=JeeSite subsite&theme=basic&name=子站点测试&domain=b.com&copyright=<p>\r\n	Copyright &copy; 2012-2013 <a href="http://thinkgem.iteye.com" target="_blank">ThinkGem</a>...', ''),
(8, '1', 1, '2013-07-20 11:23:28', '0:0:0:0:0:0:0:1', 'Mozilla/5.0 (Windows NT 6.1; WOW64) AppleWebKit/537.31 (KHTML, like Gecko) Chrome/26.0.1410.5 Safari/537.31', '/a/sys/dict/save', 'POST', 'id=&sort=2&description=站点主题&value=b.com&label=b.com子站&type=cms_theme', ''),
(9, '1', 1, '2013-07-20 11:23:32', '0:0:0:0:0:0:0:1', 'Mozilla/5.0 (Windows NT 6.1; WOW64) AppleWebKit/537.31 (KHTML, like Gecko) Chrome/26.0.1410.5 Safari/537.31', '/a/sys/dict/save', 'POST', 'id=64&sort=20&description=站点主题&value=b.com&label=b.com子站&type=cms_theme', ''),
(10, '1', 1, '2013-07-20 11:23:51', '0:0:0:0:0:0:0:1', 'Mozilla/5.0 (Windows NT 6.1; WOW64) AppleWebKit/537.31 (KHTML, like Gecko) Chrome/26.0.1410.5 Safari/537.31', '/a/cms/site/save', 'POST', 'id=2&title=JeeSite Subsite&keywords=JeeSite subsite&description=JeeSite subsite&theme=b.com&name=子站点测试&domain=b.com&copyright=<p>\r\n	Copyright &copy; 2012-2013 <a href="http://thinkgem.iteye.com" target="_blank">ThinkGem</a>...', ''),
(11, '2', 2, '2013-08-02 10:07:26', '0:0:0:0:0:0:0:1', 'Mozilla/5.0 (Windows NT 6.1; WOW64) AppleWebKit/537.31 (KHTML, like Gecko) Chrome/26.0.1410.5 Safari/537.31', '/a', 'GET', '', 'org.apache.jasper.JasperException: /WEB-INF/views/modules/sys/sysIndex.jsp(54,20) The function getSiteDomain cannot be located with the specified prefix'),
(12, '2', 2, '2013-08-02 10:37:23', '0:0:0:0:0:0:0:1', 'Mozilla/5.0 (Windows NT 6.1; WOW64) AppleWebKit/537.31 (KHTML, like Gecko) Chrome/26.0.1410.5 Safari/537.31', '/a', 'GET', '', 'org.apache.jasper.JasperException: An exception occurred processing JSP page /WEB-INF/views/modules/sys/sysIndex.jsp at line 54\n\n51: 				 </shiro:hasPermission>\n52: 	           </ul>\n53: 	           <ul class="nav pull-right">\n54: 				 <li><a href="${fnc:getSiteDomain()}${fns:getFrontPath()}/index${fns:getUrlSuffix()}" target="_blank" title="璁块棶缃戠珯涓婚〉"><i class="icon-home"></i></a></li>\n55: 			  	 <li id="themeSwitch" class="dropdown">\n56: 			       	<a class="dropdown-toggle" data-toggle="dropdown" href="#" title="涓婚鍒囨崲"><i class="icon-th-large"></i></a>\n57: 				    <ul class="dropdown-menu">\n\n\nStacktrace:'),
(13, '2', 2, '2013-08-02 10:37:48', '0:0:0:0:0:0:0:1', 'Mozilla/5.0 (Windows NT 6.1; WOW64) AppleWebKit/537.31 (KHTML, like Gecko) Chrome/26.0.1410.5 Safari/537.31', '/a', 'GET', '', 'org.apache.jasper.JasperException: An exception occurred processing JSP page /WEB-INF/views/modules/sys/sysIndex.jsp at line 54\n\n51: 				 </shiro:hasPermission>\n52: 	           </ul>\n53: 	           <ul class="nav pull-right">\n54: 				 <li><a href="${fnc:getSiteDomain()}${fns:getFrontPath()}/index${fns:getUrlSuffix()}" target="_blank" title="璁块棶缃戠珯涓婚〉"><i class="icon-home"></i></a></li>\n55: 			  	 <li id="themeSwitch" class="dropdown">\n56: 			       	<a class="dropdown-toggle" data-toggle="dropdown" href="#" title="涓婚鍒囨崲"><i class="icon-th-large"></i></a>\n57: 				    <ul class="dropdown-menu">\n\n\nStacktrace:'),
(14, '1', 1, '2013-08-20 14:24:16', '0:0:0:0:0:0:0:1', 'Mozilla/5.0 (Windows NT 6.1; WOW64) AppleWebKit/537.31 (KHTML, like Gecko) Chrome/26.0.1410.5 Safari/537.31', '/develop/a/cms/site/save', 'POST', 'id=&title=杰易斯特&keywords=杰易斯特&description=杰易斯特&theme=b.com&name=杰易斯特&domain=j.com&copyright=<p>\r\n	杰易斯特</p>\r\n', ''),
(15, '1', 1, '2013-08-20 14:25:07', '0:0:0:0:0:0:0:1', 'Mozilla/5.0 (Windows NT 6.1; WOW64) AppleWebKit/537.31 (KHTML, like Gecko) Chrome/26.0.1410.5 Safari/537.31', '/develop/a/sys/dict/save', 'POST', 'id=&sort=90&description=站点主题&value=jeesite&label=杰易斯特&type=cms_theme', ''),
(16, '1', 1, '2013-08-20 14:25:58', '0:0:0:0:0:0:0:1', 'Mozilla/5.0 (Windows NT 6.1; WOW64) AppleWebKit/537.31 (KHTML, like Gecko) Chrome/26.0.1410.5 Safari/537.31', '/develop/a/cms/site/save', 'POST', 'id=3&title=杰易斯特&keywords=杰易斯特&description=杰易斯特&theme=jeesite&name=杰易斯特&domain=j.com&copyright=<p>\r\n	杰易斯特</p>\r\n', ''),
(17, '1', 1, '2013-08-20 16:29:14', '0:0:0:0:0:0:0:1', 'Mozilla/5.0 (Windows NT 6.1; WOW64) AppleWebKit/537.31 (KHTML, like Gecko) Chrome/26.0.1410.5 Safari/537.31', '/develop/a/cms/category/save', 'POST', 'module=article&isAudit=0&sort=10&keywords=&inList=1&inMenu=1&image=&office.id=1&id=&office.name=北京市总公司&description=&name=公司&parent.id=1&target=&allowComment=0&showModes=0&href=&parent.name=顶级栏目', ''),
(18, '1', 1, '2013-08-20 16:29:33', '0:0:0:0:0:0:0:1', 'Mozilla/5.0 (Windows NT 6.1; WOW64) AppleWebKit/537.31 (KHTML, like Gecko) Chrome/26.0.1410.5 Safari/537.31', '/develop/a/cms/category/save', 'POST', 'module=article&isAudit=0&sort=20&keywords=&inList=1&inMenu=1&image=&office.id=1&id=&office.name=北京市总公司&description=&name=产品&parent.id=1&target=&allowComment=0&showModes=0&href=&parent.name=顶级栏目', ''),
(19, '1', 1, '2013-08-20 16:30:32', '0:0:0:0:0:0:0:1', 'Mozilla/5.0 (Windows NT 6.1; WOW64) AppleWebKit/537.31 (KHTML, like Gecko) Chrome/26.0.1410.5 Safari/537.31', '/develop/a/cms/category/save', 'POST', 'module=article&isAudit=0&sort=30&keywords=&inList=1&inMenu=1&image=&office.id=1&id=&office.name=北京市总公司&description=&name=业务&parent.id=1&target=&allowComment=0&showModes=0&href=&parent.name=顶级栏目', ''),
(20, '1', 1, '2013-08-20 16:30:44', '0:0:0:0:0:0:0:1', 'Mozilla/5.0 (Windows NT 6.1; WOW64) AppleWebKit/537.31 (KHTML, like Gecko) Chrome/26.0.1410.5 Safari/537.31', '/develop/a/cms/category/save', 'POST', 'module=article&isAudit=0&sort=40&keywords=&inList=1&inMenu=1&image=&office.id=1&id=&office.name=北京市总公司&description=&name=服务&parent.id=1&target=&allowComment=0&showModes=0&href=&parent.name=顶级栏目', ''),
(21, '1', 1, '2013-08-20 16:31:02', '0:0:0:0:0:0:0:1', 'Mozilla/5.0 (Windows NT 6.1; WOW64) AppleWebKit/537.31 (KHTML, like Gecko) Chrome/26.0.1410.5 Safari/537.31', '/develop/a/cms/category/save', 'POST', 'module=article&isAudit=0&sort=50&keywords=&inList=1&inMenu=1&image=&office.id=1&id=&office.name=北京市总公司&description=&name=解决方案&parent.id=1&target=&allowComment=0&showModes=0&href=&parent.name=顶级栏目', ''),
(22, '1', 1, '2013-08-20 16:31:18', '0:0:0:0:0:0:0:1', 'Mozilla/5.0 (Windows NT 6.1; WOW64) AppleWebKit/537.31 (KHTML, like Gecko) Chrome/26.0.1410.5 Safari/537.31', '/develop/a/cms/category/save', 'POST', 'module=article&isAudit=0&sort=60&keywords=&inList=1&inMenu=1&image=&office.id=1&id=&office.name=北京市总公司&description=&name=成功案例&parent.id=1&target=&allowComment=0&showModes=0&href=&parent.name=顶级栏目', ''),
(23, '1', 1, '2013-08-20 16:31:33', '0:0:0:0:0:0:0:1', 'Mozilla/5.0 (Windows NT 6.1; WOW64) AppleWebKit/537.31 (KHTML, like Gecko) Chrome/26.0.1410.5 Safari/537.31', '/develop/a/cms/category/save', 'POST', 'module=article&isAudit=0&sort=70&keywords=&inList=1&inMenu=1&image=&office.id=1&id=&office.name=北京市总公司&description=&name=下载中心&parent.id=1&target=&allowComment=0&showModes=0&href=&parent.name=顶级栏目', ''),
(24, '1', 1, '2013-08-20 16:31:42', '0:0:0:0:0:0:0:1', 'Mozilla/5.0 (Windows NT 6.1; WOW64) AppleWebKit/537.31 (KHTML, like Gecko) Chrome/26.0.1410.5 Safari/537.31', '/develop/a/cms/category/save', 'POST', 'module=article&isAudit=0&sort=80&keywords=&inList=1&inMenu=1&image=&office.id=1&id=&office.name=北京市总公司&description=&name=助你选购&parent.id=1&target=&allowComment=0&showModes=0&href=&parent.name=顶级栏目', ''),
(25, '1', 1, '2013-08-20 16:31:50', '0:0:0:0:0:0:0:1', 'Mozilla/5.0 (Windows NT 6.1; WOW64) AppleWebKit/537.31 (KHTML, like Gecko) Chrome/26.0.1410.5 Safari/537.31', '/develop/a/cms/category/save', 'POST', 'module=article&isAudit=0&sort=90&keywords=&inList=1&inMenu=1&image=&office.id=1&id=&office.name=北京市总公司&description=&name=人才招聘&parent.id=1&target=&allowComment=0&showModes=0&href=&parent.name=顶级栏目', ''),
(26, '1', 1, '2013-08-21 09:34:17', '0:0:0:0:0:0:0:1', 'Mozilla/5.0 (Windows NT 6.1; WOW64) AppleWebKit/537.31 (KHTML, like Gecko) Chrome/26.0.1410.5 Safari/537.31', '/develop/a/cms/category/save', 'POST', 'module=article&isAudit=0&sort=910&keywords=&inList=0&inMenu=0&image=&office.id=1&id=&office.name=北京市总公司&description=&name=首页轮换Banner&parent.id=1&target=&allowComment=0&showModes=0&href=&parent.name=顶级栏目', ''),
(27, '1', 1, '2013-08-21 09:38:04', '0:0:0:0:0:0:0:1', 'Mozilla/5.0 (Windows NT 6.1; WOW64) AppleWebKit/537.31 (KHTML, like Gecko) Chrome/26.0.1410.5 Safari/537.31', '/develop/a/cms/article/save', 'POST', 'weight=0&keywords=Jeesite&category.id=39&category.name=首页轮换Banner&articleData.copyfrom=&_posidList=on&image=/develop/userfiles/1/images/cms/article/2013/08/201307011818187193.jpg&articleData.allowComment=0&id=&articleData.relation=&title=创新拥抱移动互联网 Jeesite 1.3 版本发布&color=&description=&articleData.content=<p>\r\n	创新拥抱移动互联网 Jeesite 1.3 版本发布</p>\r\n&weightDate=&createDate=&delFlag=0', ''),
(28, '1', 1, '2013-08-21 09:39:49', '0:0:0:0:0:0:0:1', 'Mozilla/5.0 (Windows NT 6.1; WOW64) AppleWebKit/537.31 (KHTML, like Gecko) Chrome/26.0.1410.5 Safari/537.31', '/develop/a/cms/article/save', 'POST', 'weight=0&keywords=&category.id=39&category.name=首页轮换Banner&articleData.copyfrom=&_posidList=on&image=/develop/userfiles/1/images/cms/article/2013/08/201112171520267762.jpg&articleData.allowComment=0&id=&articleData.relation=&title=有思维的第三代网站&color=&description=&articleData.content=<p>\r\n	有思维的第三代网站</p>\r\n&weightDate=&createDate=&delFlag=0', ''),
(29, '1', 1, '2013-08-21 09:40:09', '0:0:0:0:0:0:0:1', 'Mozilla/5.0 (Windows NT 6.1; WOW64) AppleWebKit/537.31 (KHTML, like Gecko) Chrome/26.0.1410.5 Safari/537.31', '/develop/a/cms/article/save', 'POST', 'weight=0&keywords=&category.id=39&category.name=首页轮换Banner&articleData.copyfrom=&_posidList=on&image=/develop/userfiles/1/images/cms/article/2013/08/201201111515299885.jpg&articleData.allowComment=0&id=&articleData.relation=&title=热烈祝贺动易荣获政府网站建设值得信赖奖&color=&description=&articleData.content=<p>\r\n	热烈祝贺动易荣获政府网站建设值得信赖奖</p>\r\n&weightDate=&createDate=&delFlag=0', ''),
(30, '1', 1, '2013-08-21 09:40:46', '0:0:0:0:0:0:0:1', 'Mozilla/5.0 (Windows NT 6.1; WOW64) AppleWebKit/537.31 (KHTML, like Gecko) Chrome/26.0.1410.5 Safari/537.31', '/develop/a/cms/article/save', 'POST', 'weight=0&keywords=&category.id=39&category.name=首页轮换Banner&articleData.copyfrom=&_posidList=on&image=/develop/userfiles/1/images/cms/article/2013/08/201201111459493401.jpg&articleData.allowComment=1&id=&articleData.relation=&title=校庆网站管理系统&color=&description=&articleData.content=<p>\r\n	校庆网站管理系统</p>\r\n&weightDate=&createDate=&delFlag=0', ''),
(31, '1', 1, '2013-08-21 09:41:24', '0:0:0:0:0:0:0:1', 'Mozilla/5.0 (Windows NT 6.1; WOW64) AppleWebKit/537.31 (KHTML, like Gecko) Chrome/26.0.1410.5 Safari/537.31', '/develop/a/cms/article/save', 'POST', 'weight=0&keywords=&category.id=39&category.name=首页轮换Banner&articleData.copyfrom=&_posidList=on&image=/develop/userfiles/1/images/cms/article/2013/08/201201111226068806.jpg&articleData.allowComment=1&id=&articleData.relation=&title=医院网站管理系统&color=&description=&articleData.content=<p>\r\n	医院网站管理系统</p>\r\n&weightDate=&createDate=&delFlag=0', ''),
(32, '1', 1, '2013-08-21 09:41:54', '0:0:0:0:0:0:0:1', 'Mozilla/5.0 (Windows NT 6.1; WOW64) AppleWebKit/537.31 (KHTML, like Gecko) Chrome/26.0.1410.5 Safari/537.31', '/develop/a/cms/article/save', 'POST', 'weight=0&keywords=&category.id=39&category.name=首页轮换Banner&articleData.copyfrom=&_posidList=on&image=/develop/userfiles/1/images/cms/article/2013/08/201207021347521513.jpg&articleData.allowComment=1&id=&articleData.relation=&title=启智未来，移动掌握！动易移动客户端解决方案正式发布&color=&description=&articleData.content=<p>\r\n	启智未来，移动掌握！动易移动客户端解决方案正式发布</p>\r\n&weightDate=&createDate=&delFlag=0', ''),
(33, '1', 1, '2013-08-21 09:42:15', '0:0:0:0:0:0:0:1', 'Mozilla/5.0 (Windows NT 6.1; WOW64) AppleWebKit/537.31 (KHTML, like Gecko) Chrome/26.0.1410.5 Safari/537.31', '/develop/a/cms/article/save', 'POST', 'keywords=&weight=0&category.id=39&category.name=首页轮换Banner&articleData.copyfrom=&_posidList=on&image=/develop/userfiles/1/images/cms/article/2013/08/201301031008107185.jpg&articleData.allowComment=1&id=&articleData.relation=&title=专业、高效的流媒体平台解决方案&color=&description=&articleData.content=<p>\r\n	专业、高效的流媒体平台解决方案</p>\r\n&weightDate=&createDate=&delFlag=0', ''),
(34, '1', 1, '2013-08-21 09:42:30', '0:0:0:0:0:0:0:1', 'Mozilla/5.0 (Windows NT 6.1; WOW64) AppleWebKit/537.31 (KHTML, like Gecko) Chrome/26.0.1410.5 Safari/537.31', '/develop/a/cms/article/save', 'POST', 'keywords=Jeesite&weight=9&category.id=39&category.name=首页轮换Banner&articleData.copyfrom=&_posidList=on&image=/develop/userfiles/1/images/cms/article/2013/08/201307011818187193.jpg&articleData.allowComment=0&id=54&articleData.relation=&title=创新拥抱移动互联网 Jeesite 1.3 版本发布&color=&description=&articleData.content=<p>\r\n	创新拥抱移动互联网 Jeesite 1.3 版本发布</p>\r\n&weightDate=&createDate=2013-08-21 09:38:03&delFlag=0', ''),
(35, '1', 1, '2013-08-21 09:57:57', '0:0:0:0:0:0:0:1', 'Mozilla/5.0 (Windows NT 6.1; WOW64) AppleWebKit/537.31 (KHTML, like Gecko) Chrome/26.0.1410.5 Safari/537.31', '/develop/a/cms/article/save', 'POST', 'keywords=Jeesite&weight=9&category.id=39&category.name=首页轮换Banner&articleData.copyfrom=&_posidList=on&image=/develop/userfiles/1/images/cms/article/2013/08/201307011818187193.jpg&articleData.allowComment=0&id=54&articleData.relation=&title=创新拥抱移动互联网 Jeesite 1.3 版本发布&color=&description=&articleData.content=<p>\r\n	创新拥抱移动互联网 Jeesite 1.3 版本发布</p>\r\n&weightDate=&createDate=2013-08-21 09:38:03&delFlag=0', ''),
(36, '1', 1, '2013-08-21 09:58:33', '0:0:0:0:0:0:0:1', 'Mozilla/5.0 (Windows NT 6.1; WOW64) AppleWebKit/537.31 (KHTML, like Gecko) Chrome/26.0.1410.5 Safari/537.31', '/develop/a/cms/category/save', 'POST', 'module=article&isAudit=0&sort=920&keywords=&inList=0&inMenu=0&image=&office.id=1&id=&office.name=北京市总公司&description=&name=首页静态Banner&parent.id=1&target=&allowComment=0&showModes=0&href=&parent.name=顶级栏目', ''),
(37, '1', 1, '2013-08-21 10:04:04', '0:0:0:0:0:0:0:1', 'Mozilla/5.0 (Windows NT 6.1; WOW64) AppleWebKit/537.31 (KHTML, like Gecko) Chrome/26.0.1410.5 Safari/537.31', '/develop/a/cms/article/save', 'POST', 'keywords=&weight=0&category.id=40&category.name=首页静态Banner&articleData.copyfrom=&_posidList=on&image=/develop/userfiles/1/images/cms/article/2013/08/sidePic-dsd.jpg&articleData.allowComment=1&id=&articleData.relation=&title=“第三代网站"介绍&color=&description=&articleData.content=<p>\r\n	<span style="color: rgb(204, 0, 0); font-family: 微软雅黑; font-size: 18px; font-weight: bo...&weightDate=&createDate=&delFlag=0', ''),
(38, '1', 1, '2013-08-21 10:04:31', '0:0:0:0:0:0:0:1', 'Mozilla/5.0 (Windows NT 6.1; WOW64) AppleWebKit/537.31 (KHTML, like Gecko) Chrome/26.0.1410.5 Safari/537.31', '/develop/a/cms/article/save', 'POST', 'keywords=&weight=0&category.id=40&category.name=首页静态Banner&articleData.copyfrom=&_posidList=on&image=/develop/userfiles/1/images/cms/article/2013/08/sidePic-cmmi.jpg&articleData.allowComment=1&id=&articleData.relation=&title=专业成就卓越 动易通过CMMI3&color=&description=&articleData.content=<p>\r\n	&nbsp;</p>\r\n<h2 class="tit" style="padding: 0px; margin: 0px; font-size: 28px; line-height:...&weightDate=&createDate=&delFlag=0', ''),
(39, '1', 1, '2013-08-21 10:04:37', '0:0:0:0:0:0:0:1', 'Mozilla/5.0 (Windows NT 6.1; WOW64) AppleWebKit/537.31 (KHTML, like Gecko) Chrome/26.0.1410.5 Safari/537.31', '/develop/a/cms/article/save', 'POST', 'keywords=&weight=5&category.id=40&category.name=首页静态Banner&articleData.copyfrom=&_posidList=on&image=/develop/userfiles/1/images/cms/article/2013/08/sidePic-dsd.jpg&articleData.allowComment=1&id=61&articleData.relation=&title=“第三代网站"介绍&color=&description=&articleData.content=<p>\r\n	<span style="color: rgb(204, 0, 0); font-family: 微软雅黑; font-size: 18px; font-weight: bo...&weightDate=&createDate=2013-08-21 10:04:04&delFlag=0', ''),
(40, '1', 1, '2013-08-21 10:06:54', '0:0:0:0:0:0:0:1', 'Mozilla/5.0 (Windows NT 6.1; WOW64) AppleWebKit/537.31 (KHTML, like Gecko) Chrome/26.0.1410.5 Safari/537.31', '/develop/a/cms/category/save', 'POST', 'module=article&isAudit=0&sort=510&keywords=&inList=1&inMenu=0&image=&office.id=1&id=&office.name=北京市总公司&description=&name=签约新闻&parent.id=1&target=&allowComment=0&showModes=0&href=&parent.name=顶级栏目', ''),
(41, '1', 1, '2013-08-21 10:07:39', '0:0:0:0:0:0:0:1', 'Mozilla/5.0 (Windows NT 6.1; WOW64) AppleWebKit/537.31 (KHTML, like Gecko) Chrome/26.0.1410.5 Safari/537.31', '/develop/a/cms/article/save', 'POST', 'keywords=&weight=0&category.id=41&category.name=签约新闻&articleData.copyfrom=&_posidList=on&image=&articleData.allowComment=1&id=&articleData.relation=&title=动易签约深圳市龙岗区龙岗街道新梓学校网站改版项目&color=&description=&articleData.content=<p>\r\n	动易签约深圳市龙岗区龙岗街道新梓学校网站改版项目</p>\r\n&weightDate=&createDate=&delFlag=0', ''),
(42, '1', 1, '2013-08-21 10:07:46', '0:0:0:0:0:0:0:1', 'Mozilla/5.0 (Windows NT 6.1; WOW64) AppleWebKit/537.31 (KHTML, like Gecko) Chrome/26.0.1410.5 Safari/537.31', '/develop/a/cms/article/save', 'POST', 'keywords=&weight=0&category.id=41&category.name=签约新闻&articleData.copyfrom=&_posidList=on&image=&articleData.allowComment=1&id=&articleData.relation=&title=动易签约秦皇岛市教育局网站改版项目&color=&description=&articleData.content=<p>\r\n	动易签约秦皇岛市教育局网站改版项目</p>\r\n&weightDate=&createDate=&delFlag=0', ''),
(43, '1', 1, '2013-08-21 10:07:53', '0:0:0:0:0:0:0:1', 'Mozilla/5.0 (Windows NT 6.1; WOW64) AppleWebKit/537.31 (KHTML, like Gecko) Chrome/26.0.1410.5 Safari/537.31', '/develop/a/cms/article/save', 'POST', 'keywords=&weight=0&category.id=41&category.name=签约新闻&articleData.copyfrom=&_posidList=on&image=&articleData.allowComment=1&id=&articleData.relation=&title=动易签约北京大兴区中小学综合实践活动基地网站改版项目&color=&description=&articleData.content=<p>\r\n	动易签约北京大兴区中小学综合实践活动基地网站改版项目</p>\r\n&weightDate=&createDate=&delFlag=0', ''),
(44, '1', 1, '2013-08-21 10:07:59', '0:0:0:0:0:0:0:1', 'Mozilla/5.0 (Windows NT 6.1; WOW64) AppleWebKit/537.31 (KHTML, like Gecko) Chrome/26.0.1410.5 Safari/537.31', '/develop/a/cms/article/save', 'POST', 'keywords=&weight=0&category.id=41&category.name=签约新闻&articleData.copyfrom=&_posidList=on&image=&articleData.allowComment=1&id=&articleData.relation=&title=动易签约攸县教育局站群管理平台建设项目&color=&description=&articleData.content=<p>\r\n	动易签约攸县教育局站群管理平台建设项目</p>\r\n&weightDate=&createDate=&delFlag=0', ''),
(45, '1', 1, '2013-08-21 10:08:05', '0:0:0:0:0:0:0:1', 'Mozilla/5.0 (Windows NT 6.1; WOW64) AppleWebKit/537.31 (KHTML, like Gecko) Chrome/26.0.1410.5 Safari/537.31', '/develop/a/cms/article/save', 'POST', 'keywords=&weight=0&category.id=41&category.name=签约新闻&articleData.copyfrom=&_posidList=on&image=&articleData.allowComment=1&id=&articleData.relation=&title=动易签约广西漓江画派网站改版项目&color=&description=&articleData.content=<p>\r\n	动易签约广西漓江画派网站改版项目</p>\r\n&weightDate=&createDate=&delFlag=0', ''),
(46, '1', 1, '2013-08-21 10:24:49', '0:0:0:0:0:0:0:1', 'Mozilla/5.0 (Windows NT 6.1; WOW64) AppleWebKit/537.31 (KHTML, like Gecko) Chrome/26.0.1410.5 Safari/537.31', '/develop/a/cms/article/save', 'POST', 'keywords=&weight=0&category.id=30&category.name=公司&articleData.copyfrom=&_posidList=on&image=&articleData.allowComment=1&id=&articleData.relation=&title=动易网络 倾力打造网站建设名品牌&color=&description=&articleData.content=<p>\r\n	&nbsp;</p>\r\n<p style="padding: 10px 0px; margin: 0px; line-height: 28px; text-indent: 2em; ...&weightDate=&createDate=&delFlag=0', ''),
(47, '1', 1, '2013-08-21 10:25:18', '0:0:0:0:0:0:0:1', 'Mozilla/5.0 (Windows NT 6.1; WOW64) AppleWebKit/537.31 (KHTML, like Gecko) Chrome/26.0.1410.5 Safari/537.31', '/develop/a/cms/category/save', 'POST', 'module=article&isAudit=0&sort=30&keywords=&inList=1&inMenu=0&image=&office.id=1&id=&office.name=北京市总公司&description=&name=公司动态&parent.id=30&target=&allowComment=0&showModes=0&href=&parent.name=公司', ''),
(48, '2', 1, '2013-08-21 10:26:18', '0:0:0:0:0:0:0:1', 'Mozilla/5.0 (Windows NT 6.1; WOW64) AppleWebKit/537.31 (KHTML, like Gecko) Chrome/26.0.1410.5 Safari/537.31', '/develop/a/cms/article/save', 'POST', 'weight=0&keywords=&category.id=42&category.name=公司动态&articleData.copyfrom=&_posidList=on&image=&articleData.allowComment=1&id=&articleData.relation=&title=创新拥抱移动互联网 动易产品5.0版本发布（17日更新）&color=&description=&articleData.content=<p>\r\n	&nbsp;</p>\r\n<div style="padding: 0px; margin: 0px; font-family: Tahoma, 宋体; line-height: ...&weightDate=&createDate=&delFlag=0', 'org.springframework.dao.DataIntegrityViolationException: Data truncation: Data too long for column ''content'' at row 1; SQL [n/a]; nested exception is org.hibernate.exception.DataException: Data truncation: Data too long for column ''content'' at row 1'),
(49, '1', 1, '2013-08-21 10:28:02', '0:0:0:0:0:0:0:1', 'Mozilla/5.0 (Windows NT 6.1; WOW64) AppleWebKit/537.31 (KHTML, like Gecko) Chrome/26.0.1410.5 Safari/537.31', '/develop/a/cms/article/save', 'POST', 'keywords=&weight=0&category.id=42&category.name=公司动态&articleData.copyfrom=&_posidList=on&image=&articleData.allowComment=1&id=&articleData.relation=&title=创新拥抱移动互联网 动易产品5.0版本发布（17日更新）&color=&description=&articleData.content=<p>\r\n	&nbsp;</p>\r\n<div style="padding: 0px; margin: 0px; font-family: Tahoma, 宋体; line-height: ...&weightDate=&createDate=&delFlag=0', ''),
(50, '1', 1, '2013-08-21 10:29:32', '0:0:0:0:0:0:0:1', 'Mozilla/5.0 (Windows NT 6.1; WOW64) AppleWebKit/537.31 (KHTML, like Gecko) Chrome/26.0.1410.5 Safari/537.31', '/develop/a/cms/article/save', 'POST', 'keywords=&weight=0&category.id=42&category.name=公司动态&articleData.copyfrom=&_posidList=on&image=&articleData.allowComment=1&id=&articleData.relation=&title=大数据与智慧政府门户建设培训班圆满召开&color=&description=&articleData.content=<p>\r\n	&nbsp;</p>\r\n<p style="padding: 10px 0px; margin: 0px; line-height: 28px; font-family: Tahom...&weightDate=&createDate=&delFlag=0', ''),
(51, '1', 1, '2013-08-21 10:33:14', '0:0:0:0:0:0:0:1', 'Mozilla/5.0 (Windows NT 6.1; WOW64) AppleWebKit/537.31 (KHTML, like Gecko) Chrome/26.0.1410.5 Safari/537.31', '/develop/a/cms/article/save', 'POST', 'weight=0&keywords=&category.id=42&category.name=公司动态&articleData.copyfrom=&_posidList=on&image=&articleData.allowComment=1&id=&articleData.relation=&title=动易公司2013年端午节放假通知&color=&description=&articleData.content=<p>\r\n	&nbsp;</p>\r\n<p style="padding: 10px 0px; margin: 0px; line-height: 28px; font-family: Tahom...&weightDate=&createDate=&delFlag=0', ''),
(52, '1', 1, '2013-08-21 10:33:37', '0:0:0:0:0:0:0:1', 'Mozilla/5.0 (Windows NT 6.1; WOW64) AppleWebKit/537.31 (KHTML, like Gecko) Chrome/26.0.1410.5 Safari/537.31', '/develop/a/cms/article/save', 'POST', 'weight=0&keywords=&category.id=42&category.name=公司动态&articleData.copyfrom=&_posidList=on&image=&articleData.allowComment=1&id=&articleData.relation=&title=动易公司2013年“五·一”放假通知&color=&description=&articleData.content=<p>\r\n	&nbsp;</p>\r\n<p style="padding: 10px 0px; margin: 0px; line-height: 28px; font-family: Tahom...&weightDate=&createDate=&delFlag=0', ''),
(53, '1', 1, '2013-08-21 10:43:48', '0:0:0:0:0:0:0:1', 'Mozilla/5.0 (Windows NT 6.1; WOW64) AppleWebKit/537.31 (KHTML, like Gecko) Chrome/26.0.1410.5 Safari/537.31', '/develop/a/cms/article/save', 'POST', 'keywords=关键字1,关键字2&weight=0&category.id=3&category.name=网站简介&articleData.copyfrom=来源&_posidList=on&image=&articleData.allowComment=1&id=4&articleData.relation=1,2,3,&title=文章标“”题标题标题标题&color=green&description=&articleData.content=<p>\r\n	文章内容内容内容内容</p>\r\n&weightDate=&createDate=2013-05-27 08:00:00&delFlag=0', ''),
(54, '1', 1, '2013-08-21 12:24:42', '0:0:0:0:0:0:0:1', 'Mozilla/5.0 (Windows NT 6.1; WOW64) AppleWebKit/537.31 (KHTML, like Gecko) Chrome/26.0.1410.5 Safari/537.31', '/develop/a/cms/category/save', 'POST', 'module=article&isAudit=0&sort=520&keywords=&inList=0&inMenu=0&image=&office.id=1&id=&office.name=北京市总公司&description=&name=媒体新闻&parent.id=1&target=&allowComment=0&showModes=0&href=&parent.name=顶级栏目', ''),
(55, '1', 1, '2013-08-21 12:25:14', '0:0:0:0:0:0:0:1', 'Mozilla/5.0 (Windows NT 6.1; WOW64) AppleWebKit/537.31 (KHTML, like Gecko) Chrome/26.0.1410.5 Safari/537.31', '/develop/a/cms/article/save', 'POST', 'keywords=&weight=0&category.id=43&category.name=媒体新闻&articleData.copyfrom=&link=http://miit.ccidnet.com/art/32561/20120315/3683133_1.html&_posidList=on&image=&articleData.allowComment=1&id=&articleData.relation=&title=微产品 大影响——动易微博管理系统正式发布&color=&description=&articleData.content=&weightDate=&createDate=&delFlag=0', ''),
(56, '1', 1, '2013-08-21 12:26:34', '0:0:0:0:0:0:0:1', 'Mozilla/5.0 (Windows NT 6.1; WOW64) AppleWebKit/537.31 (KHTML, like Gecko) Chrome/26.0.1410.5 Safari/537.31', '/develop/a/cms/article/save', 'POST', 'keywords=&weight=0&category.id=43&category.name=媒体新闻&articleData.copyfrom=&link=http://miit.ccidnet.com/art/32561/20120315/3683133_1.html&_posidList=on&image=&articleData.allowComment=1&id=&articleData.relation=&title=微产品 大影响——动易微博管理系统正式发布&color=&description=&articleData.content=&weightDate=&createDate=&delFlag=0', ''),
(57, '1', 1, '2013-08-21 12:28:39', '0:0:0:0:0:0:0:1', 'Mozilla/5.0 (Windows NT 6.1; WOW64) AppleWebKit/537.31 (KHTML, like Gecko) Chrome/26.0.1410.5 Safari/537.31', '/develop/a/cms/article/save', 'POST', 'keywords=&weight=0&category.id=43&category.name=媒体新闻&articleData.copyfrom=&link=http://miit.ccidnet.com/art/32561/20120315/3683133_1.html&_posidList=on&image=&articleData.allowComment=1&id=&articleData.relation=&title=微产品 大影响——动易微博管理系统正式发布&color=&description=&articleData.content=&weightDate=&createDate=&delFlag=0', ''),
(58, '1', 1, '2013-08-21 12:29:21', '0:0:0:0:0:0:0:1', 'Mozilla/5.0 (Windows NT 6.1; WOW64) AppleWebKit/537.31 (KHTML, like Gecko) Chrome/26.0.1410.5 Safari/537.31', '/develop/a/cms/article/save', 'POST', 'weight=0&keywords=&category.id=43&category.name=媒体新闻&articleData.copyfrom=&link=http://www.echinagov.com/gov/csfa/2012/3/30/154595.shtml&_posidList=on&image=&articleData.allowComment=1&id=&articleData.relation=&title=动易网络收购北京傲博软件视频产品线 将推专业流媒体平台&color=&description=&articleData.content=&weightDate=&createDate=&delFlag=0', ''),
(59, '1', 1, '2013-08-21 12:29:41', '0:0:0:0:0:0:0:1', 'Mozilla/5.0 (Windows NT 6.1; WOW64) AppleWebKit/537.31 (KHTML, like Gecko) Chrome/26.0.1410.5 Safari/537.31', '/develop/a/cms/article/save', 'POST', 'weight=0&keywords=&category.id=43&category.name=媒体新闻&articleData.copyfrom=&link=http://it.sohu.com/20120705/n347369165.shtml&_posidList=on&image=&articleData.allowComment=1&id=&articleData.relation=&title=吴建亮：web常见漏洞与挖掘技巧&color=&description=&articleData.content=&weightDate=&createDate=&delFlag=0', ''),
(60, '1', 1, '2013-08-21 12:30:08', '0:0:0:0:0:0:0:1', 'Mozilla/5.0 (Windows NT 6.1; WOW64) AppleWebKit/537.31 (KHTML, like Gecko) Chrome/26.0.1410.5 Safari/537.31', '/develop/a/cms/article/save', 'POST', 'weight=0&keywords=&category.id=43&category.name=媒体新闻&articleData.copyfrom=&link=http://www.gwd.gov.cn/pxrz/wqpx/2013/0613/290.html&_posidList=on&image=&articleData.allowComment=1&id=&articleData.relation=&title=大数据与智慧政府门户建设培训班&color=&description=&articleData.content=&weightDate=&createDate=&delFlag=0', ''),
(61, '1', 1, '2013-08-21 12:31:19', '0:0:0:0:0:0:0:1', 'Mozilla/5.0 (Windows NT 6.1; WOW64) AppleWebKit/537.31 (KHTML, like Gecko) Chrome/26.0.1410.5 Safari/537.31', '/develop/a/cms/category/save', 'POST', 'module=article&isAudit=0&sort=520&keywords=&inList=0&inMenu=0&image=&office.id=1&id=43&office.name=北京市总公司&description=&name=媒体报道&parent.id=1&target=&allowComment=0&showModes=0&href=&parent.name=顶级栏目', ''),
(62, '1', 1, '2013-08-21 15:13:08', '0:0:0:0:0:0:0:1', 'Mozilla/5.0 (Windows NT 6.1; WOW64) AppleWebKit/537.31 (KHTML, like Gecko) Chrome/26.0.1410.5 Safari/537.31', '/develop/a/cms/category/save', 'POST', 'module=article&isAudit=0&sort=10&keywords=&inList=1&inMenu=0&image=&office.id=1&id=&office.name=北京市总公司&description=&name=政府网站类&parent.id=35&target=&allowComment=0&showModes=0&href=&parent.name=成功案例', ''),
(63, '1', 1, '2013-08-21 15:14:27', '0:0:0:0:0:0:0:1', 'Mozilla/5.0 (Windows NT 6.1; WOW64) AppleWebKit/537.31 (KHTML, like Gecko) Chrome/26.0.1410.5 Safari/537.31', '/develop/a/cms/category/save', 'POST', 'module=article&isAudit=0&sort=20&keywords=&inList=1&inMenu=0&image=&office.id=1&id=&office.name=北京市总公司&description=&name=教育网站类&parent.id=35&target=&allowComment=0&showModes=0&href=&parent.name=成功案例', ''),
(64, '1', 1, '2013-08-21 15:14:40', '0:0:0:0:0:0:0:1', 'Mozilla/5.0 (Windows NT 6.1; WOW64) AppleWebKit/537.31 (KHTML, like Gecko) Chrome/26.0.1410.5 Safari/537.31', '/develop/a/cms/category/save', 'POST', 'module=article&isAudit=0&sort=30&keywords=&inList=1&inMenu=0&image=&office.id=1&id=&office.name=北京市总公司&description=&name=媒体网站类&parent.id=35&target=&allowComment=0&showModes=0&href=&parent.name=成功案例', ''),
(65, '1', 1, '2013-08-21 15:14:53', '0:0:0:0:0:0:0:1', 'Mozilla/5.0 (Windows NT 6.1; WOW64) AppleWebKit/537.31 (KHTML, like Gecko) Chrome/26.0.1410.5 Safari/537.31', '/develop/a/cms/category/save', 'POST', 'module=article&isAudit=0&sort=30&keywords=&inList=1&inMenu=0&image=&office.id=1&id=&office.name=北京市总公司&description=&name=企业网站类&parent.id=35&target=&allowComment=0&showModes=0&href=&parent.name=成功案例', ''),
(66, '1', 1, '2013-08-21 15:15:02', '0:0:0:0:0:0:0:1', 'Mozilla/5.0 (Windows NT 6.1; WOW64) AppleWebKit/537.31 (KHTML, like Gecko) Chrome/26.0.1410.5 Safari/537.31', '/develop/a/cms/category/save', 'POST', 'module=article&isAudit=0&sort=30&keywords=&inList=1&inMenu=0&image=&office.id=1&id=&office.name=北京市总公司&description=&name=电子商务类&parent.id=35&target=&allowComment=0&showModes=0&href=&parent.name=成功案例', ''),
(67, '1', 1, '2013-08-21 15:15:09', '0:0:0:0:0:0:0:1', 'Mozilla/5.0 (Windows NT 6.1; WOW64) AppleWebKit/537.31 (KHTML, like Gecko) Chrome/26.0.1410.5 Safari/537.31', '/develop/a/cms/category/save', 'POST', 'module=article&isAudit=0&sort=30&keywords=&inList=1&inMenu=0&image=&office.id=1&id=&office.name=北京市总公司&description=&name=组织机构类&parent.id=35&target=&allowComment=0&showModes=0&href=&parent.name=成功案例', ''),
(68, '1', 1, '2013-08-21 15:15:17', '0:0:0:0:0:0:0:1', 'Mozilla/5.0 (Windows NT 6.1; WOW64) AppleWebKit/537.31 (KHTML, like Gecko) Chrome/26.0.1410.5 Safari/537.31', '/develop/a/cms/category/save', 'POST', 'module=article&isAudit=0&sort=30&keywords=&inList=1&inMenu=0&image=&office.id=1&id=&office.name=北京市总公司&description=&name=地方门户类&parent.id=35&target=&allowComment=0&showModes=0&href=&parent.name=成功案例', ''),
(69, '1', 1, '2013-08-21 15:15:25', '0:0:0:0:0:0:0:1', 'Mozilla/5.0 (Windows NT 6.1; WOW64) AppleWebKit/537.31 (KHTML, like Gecko) Chrome/26.0.1410.5 Safari/537.31', '/develop/a/cms/category/save', 'POST', 'module=article&isAudit=0&sort=30&keywords=&inList=1&inMenu=0&image=&office.id=1&id=&office.name=北京市总公司&description=&name=行业门户类&parent.id=35&target=&allowComment=0&showModes=0&href=&parent.name=成功案例', ''),
(70, '1', 1, '2013-08-21 15:15:33', '0:0:0:0:0:0:0:1', 'Mozilla/5.0 (Windows NT 6.1; WOW64) AppleWebKit/537.31 (KHTML, like Gecko) Chrome/26.0.1410.5 Safari/537.31', '/develop/a/cms/category/save', 'POST', 'module=article&isAudit=0&sort=30&keywords=&inList=1&inMenu=0&image=&office.id=1&id=&office.name=北京市总公司&description=&name=短信通&parent.id=35&target=&allowComment=0&showModes=0&href=&parent.name=成功案例', ''),
(71, '1', 1, '2013-08-21 15:17:06', '0:0:0:0:0:0:0:1', 'Mozilla/5.0 (Windows NT 6.1; WOW64) AppleWebKit/537.31 (KHTML, like Gecko) Chrome/26.0.1410.5 Safari/537.31', '/develop/a/cms/category/save', 'POST', 'module=article&isAudit=0&sort=10&keywords=&inList=1&inMenu=0&image=&office.id=1&id=44&office.name=北京市总公司&description=动易是国内领先的政府网站建设解决方案提供商。客户范围涉及部委、省级政府部门、市/县/乡及各委办局。&name=政府网站类&parent.id=35&target=&allowComment=0&showModes=0&href=&parent.name=成功案例', ''),
(72, '1', 1, '2013-08-21 15:17:17', '0:0:0:0:0:0:0:1', 'Mozilla/5.0 (Windows NT 6.1; WOW64) AppleWebKit/537.31 (KHTML, like Gecko) Chrome/26.0.1410.5 Safari/537.31', '/develop/a/cms/category/save', 'POST', 'module=article&isAudit=0&sort=20&keywords=&inList=1&inMenu=0&image=&office.id=1&id=45&office.name=北京市总公司&description=动易教育客户一直在各教育门户网站、学校网站评选中名列前茅，客户涉及大/中/小学/幼儿园、各地方教育局...&name=教育网站类&parent.id=35&target=&allowComment=0&showModes=0&href=&parent.name=成功案例', ''),
(73, '1', 1, '2013-08-21 15:17:34', '0:0:0:0:0:0:0:1', 'Mozilla/5.0 (Windows NT 6.1; WOW64) AppleWebKit/537.31 (KHTML, like Gecko) Chrome/26.0.1410.5 Safari/537.31', '/develop/a/cms/category/save', 'POST', 'module=article&isAudit=0&sort=30&keywords=&inList=1&inMenu=0&image=&office.id=1&id=49&office.name=北京市总公司&description=中国医药信息学会、中国电子学会医院信息学分会推荐"医院网站管理系统首选品牌"，客户涉及三甲二甲医院...&name=组织机构类&parent.id=35&target=&allowComment=0&showModes=0&href=&parent.name=成功案例', ''),
(74, '1', 1, '2013-08-21 15:18:11', '0:0:0:0:0:0:0:1', 'Mozilla/5.0 (Windows NT 6.1; WOW64) AppleWebKit/537.31 (KHTML, like Gecko) Chrome/26.0.1410.5 Safari/537.31', '/develop/a/cms/category/save', 'POST', 'module=article&isAudit=0&sort=30&keywords=&inList=1&inMenu=0&image=&office.id=1&id=47&office.name=北京市总公司&description=国内最大的网站管理软件（CMS）及服务提供商，电子商务百强企业，客户涉及矿业、煤炭、石油及大中型制造...&name=企业网站类&parent.id=35&target=&allowComment=0&showModes=0&href=&parent.name=成功案例', ''),
(75, '1', 1, '2013-08-21 15:18:26', '0:0:0:0:0:0:0:1', 'Mozilla/5.0 (Windows NT 6.1; WOW64) AppleWebKit/537.31 (KHTML, like Gecko) Chrome/26.0.1410.5 Safari/537.31', '/develop/a/cms/category/save', 'POST', 'module=article&isAudit=0&sort=30&keywords=&inList=1&inMenu=0&image=&office.id=1&id=46&office.name=北京市总公司&description=首家通过CMMI3认证的媒体网站平台解决方案提供商，客户涉及出版社、报业、网络媒体、电视台、杂志社等。&name=媒体网站类&parent.id=35&target=&allowComment=0&showModes=0&href=&parent.name=成功案例', ''),
(76, '1', 1, '2013-08-21 15:41:55', '0:0:0:0:0:0:0:1', 'Mozilla/5.0 (Windows NT 6.1; WOW64) AppleWebKit/537.31 (KHTML, like Gecko) Chrome/26.0.1410.5 Safari/537.31', '/develop/a/cms/category/save', 'POST', 'module=article&isAudit=0&sort=300&keywords=&inList=1&inMenu=0&image=&office.id=1&id=&office.name=北京市总公司&description=&name=官方博客&parent.id=1&target=&allowComment=0&showModes=0&href=&parent.name=顶级栏目', ''),
(77, '1', 1, '2013-08-21 15:42:07', '0:0:0:0:0:0:0:1', 'Mozilla/5.0 (Windows NT 6.1; WOW64) AppleWebKit/537.31 (KHTML, like Gecko) Chrome/26.0.1410.5 Safari/537.31', '/develop/a/cms/category/save', 'POST', 'module=article&isAudit=0&sort=30&keywords=&inList=1&inMenu=0&image=&office.id=1&id=&office.name=北京市总公司&description=&name=产品报道&parent.id=53&target=&allowComment=0&showModes=0&href=&parent.name=官方博客', ''),
(78, '1', 1, '2013-08-21 15:42:27', '0:0:0:0:0:0:0:1', 'Mozilla/5.0 (Windows NT 6.1; WOW64) AppleWebKit/537.31 (KHTML, like Gecko) Chrome/26.0.1410.5 Safari/537.31', '/develop/a/cms/category/save', 'POST', 'module=article&isAudit=0&sort=50&keywords=&inList=1&inMenu=0&image=&office.id=1&id=&office.name=北京市总公司&description=&name=生活偶拾&parent.id=53&target=&allowComment=0&showModes=0&href=&parent.name=官方博客', ''),
(79, '1', 1, '2013-08-21 15:42:50', '0:0:0:0:0:0:0:1', 'Mozilla/5.0 (Windows NT 6.1; WOW64) AppleWebKit/537.31 (KHTML, like Gecko) Chrome/26.0.1410.5 Safari/537.31', '/develop/a/cms/category/save', 'POST', 'module=article&isAudit=0&sort=40&keywords=&inList=1&inMenu=0&image=&office.id=1&id=&office.name=北京市总公司&description=&name=专家坐堂&parent.id=53&target=&allowComment=0&showModes=0&href=&parent.name=官方博客', ''),
(80, '1', 1, '2013-08-21 15:43:04', '0:0:0:0:0:0:0:1', 'Mozilla/5.0 (Windows NT 6.1; WOW64) AppleWebKit/537.31 (KHTML, like Gecko) Chrome/26.0.1410.5 Safari/537.31', '/develop/a/cms/category/save', 'POST', 'module=article&isAudit=0&sort=60&keywords=&inList=1&inMenu=0&image=&office.id=1&id=&office.name=北京市总公司&description=&name=探究与思考&parent.id=53&target=&allowComment=0&showModes=0&href=&parent.name=官方博客', ''),
(81, '1', 1, '2013-08-21 15:43:15', '0:0:0:0:0:0:0:1', 'Mozilla/5.0 (Windows NT 6.1; WOW64) AppleWebKit/537.31 (KHTML, like Gecko) Chrome/26.0.1410.5 Safari/537.31', '/develop/a/cms/category/save', 'POST', 'module=article&isAudit=0&sort=70&keywords=&inList=1&inMenu=0&image=&office.id=1&id=&office.name=北京市总公司&description=&name=技术交流&parent.id=53&target=&allowComment=0&showModes=0&href=&parent.name=官方博客', ''),
(82, '1', 1, '2013-08-21 16:36:24', '0:0:0:0:0:0:0:1', 'Mozilla/5.0 (Windows NT 6.1; WOW64) AppleWebKit/537.31 (KHTML, like Gecko) Chrome/26.0.1410.5 Safari/537.31', '/develop/a/cms/article/save', 'POST', 'keywords=&weight=0&category.id=42&category.name=公司动态&articleData.copyfrom=&link=&_posidList=on&image=/develop/userfiles/1/images/cms/article/2013/08/201201111226068806.jpg&articleData.allowComment=1&id=&articleData.relation=&title=第三代医院网站信息化平台解决方案&color=&description=&articleData.content=<p>\r\n	<span style="color: rgb(102, 102, 102); font-family: Arial, Tahoma, Helvetica, 宋体, sans-s...&weightDate=&createDate=&delFlag=0', ''),
(83, '1', 1, '2013-08-21 16:38:06', '0:0:0:0:0:0:0:1', 'Mozilla/5.0 (Windows NT 6.1; WOW64) AppleWebKit/537.31 (KHTML, like Gecko) Chrome/26.0.1410.5 Safari/537.31', '/develop/a/cms/article/save', 'POST', 'keywords=&weight=0&category.id=42&category.name=公司动态&articleData.copyfrom=&link=&_posidList=on&image=/develop/userfiles/1/images/cms/article/2013/08/banner-SiteGroup.jpg&articleData.allowComment=1&id=&articleData.relation=&title=动易® 站群管理系统&color=&description=&articleData.content=<p>\r\n	<span style="color: rgb(0, 0, 0); font-family: Simsun; font-size: 16px; line-height: 28.796...&weightDate=&createDate=&delFlag=0', ''),
(84, '1', 1, '2013-08-21 16:38:17', '0:0:0:0:0:0:0:1', 'Mozilla/5.0 (Windows NT 6.1; WOW64) AppleWebKit/537.31 (KHTML, like Gecko) Chrome/26.0.1410.5 Safari/537.31', '/develop/a/cms/article/save', 'POST', 'keywords=&weight=0&category.id=42&category.name=公司动态&articleData.copyfrom=&link=&_posidList=on&image=/develop/userfiles/1/images/cms/article/2013/08/banner-HMS.jpg&articleData.allowComment=1&id=77&articleData.relation=&title=第三代医院网站信息化平台解决方案&color=&description=&articleData.content=<p>\r\n	<span style="color: rgb(102, 102, 102); font-family: Arial, Tahoma, Helvetica, 宋体, sans-s...&weightDate=&createDate=2013-08-21 16:36:24&delFlag=0', ''),
(85, '1', 1, '2013-08-21 16:38:42', '0:0:0:0:0:0:0:1', 'Mozilla/5.0 (Windows NT 6.1; WOW64) AppleWebKit/537.31 (KHTML, like Gecko) Chrome/26.0.1410.5 Safari/537.31', '/develop/a/cms/article/save', 'POST', 'keywords=&weight=0&category.id=42&category.name=公司动态&articleData.copyfrom=&link=&_posidList=on&image=/develop/userfiles/1/images/cms/article/2013/08/banner-SmargSchool.jpg&articleData.allowComment=1&id=&articleData.relation=&title=动易® SmartSchool® 学校网站管理系统&color=&description=&articleData.content=<p>\r\n	<span style="font-family: Arial; line-height: 22px; text-indent: 20px; white-space: normal;...&weightDate=&createDate=&delFlag=0', ''),
(86, '1', 1, '2013-08-21 16:39:05', '0:0:0:0:0:0:0:1', 'Mozilla/5.0 (Windows NT 6.1; WOW64) AppleWebKit/537.31 (KHTML, like Gecko) Chrome/26.0.1410.5 Safari/537.31', '/develop/a/cms/article/save', 'POST', 'weight=0&keywords=&category.id=42&category.name=公司动态&articleData.copyfrom=&link=&_posidList=on&image=/develop/userfiles/1/images/cms/article/2013/08/banner-Smartgov.jpg&articleData.allowComment=1&id=&articleData.relation=&title=动易® 政府网站管理系统&color=&description=&articleData.content=<p>\r\n	<span style="font-family: Arial; line-height: 25px; text-indent: 20px; white-space: normal;...&weightDate=&createDate=&delFlag=0', ''),
(87, '1', 1, '2013-08-21 16:39:53', '0:0:0:0:0:0:0:1', 'Mozilla/5.0 (Windows NT 6.1; WOW64) AppleWebKit/537.31 (KHTML, like Gecko) Chrome/26.0.1410.5 Safari/537.31', '/develop/a/cms/article/save', 'POST', 'keywords=&weight=0&category.id=42&category.name=公司动态&articleData.copyfrom=&link=&_posidList=on&image=/develop/userfiles/1/images/cms/article/2013/08/banner-wenjian.jpg&articleData.allowComment=1&id=&articleData.relation=&title=动易文件服务器管理系统正式发布&color=&description=&articleData.content=<p>\r\n	&nbsp;</p>\r\n<h2 class="tit" style="padding: 0px; margin: 0px; font-size: 28px; line-height:...&weightDate=&createDate=&delFlag=0', ''),
(88, '1', 1, '2013-08-21 16:40:21', '0:0:0:0:0:0:0:1', 'Mozilla/5.0 (Windows NT 6.1; WOW64) AppleWebKit/537.31 (KHTML, like Gecko) Chrome/26.0.1410.5 Safari/537.31', '/develop/a/cms/article/save', 'POST', 'weight=0&keywords=&category.id=42&category.name=公司动态&articleData.copyfrom=&link=&_posidList=on&image=/develop/userfiles/1/images/cms/article/2013/08/banner-disandai.jpg&articleData.allowComment=1&id=&articleData.relation=&title=动易协同办公与知识共享平台正式发布&color=&description=&articleData.content=<p>\r\n	&nbsp;</p>\r\n<h2 class="tit" style="padding: 0px; margin: 0px; font-size: 28px; line-height:...&weightDate=&createDate=&delFlag=0', ''),
(89, '1', 1, '2013-08-21 16:40:38', '0:0:0:0:0:0:0:1', 'Mozilla/5.0 (Windows NT 6.1; WOW64) AppleWebKit/537.31 (KHTML, like Gecko) Chrome/26.0.1410.5 Safari/537.31', '/develop/a/cms/article/save', 'POST', 'weight=0&keywords=&category.id=42&category.name=公司动态&articleData.copyfrom=&link=&_posidList=on&image=/develop/userfiles/1/images/cms/article/2013/08/banner-media.jpg&articleData.allowComment=1&id=&articleData.relation=&title=动易视频产品正式发布 推专业流媒体平台&color=&description=&articleData.content=<p>\r\n	&nbsp;</p>\r\n<h2 class="tit" style="padding: 0px; margin: 0px; font-size: 28px; line-height:...&weightDate=&createDate=&delFlag=0', ''),
(90, '1', 1, '2013-08-21 16:41:14', '0:0:0:0:0:0:0:1', 'Mozilla/5.0 (Windows NT 6.1; WOW64) AppleWebKit/537.31 (KHTML, like Gecko) Chrome/26.0.1410.5 Safari/537.31', '/develop/a/cms/article/save', 'POST', 'weight=1&keywords=&category.id=42&category.name=公司动态&articleData.copyfrom=&link=&_posidList=on&image=&articleData.allowComment=1&id=72&articleData.relation=&title=动易公司2013年“五·一”放假通知&color=&description=&articleData.content=<p>\r\n	&nbsp;</p>\r\n<p style="padding: 10px 0px; margin: 0px; line-height: 28px; font-family: Tahom...&weightDate=&createDate=2013-08-21 10:33:36&delFlag=0', ''),
(91, '1', 1, '2013-08-21 17:09:01', '0:0:0:0:0:0:0:1', 'Mozilla/5.0 (Windows NT 6.1; WOW64) AppleWebKit/537.31 (KHTML, like Gecko) Chrome/26.0.1410.5 Safari/537.31', '/develop/a/cms/category/save', 'POST', 'module=article&isAudit=0&sort=930&keywords=&inList=0&inMenu=0&image=&office.id=1&id=&office.name=北京市总公司&description=&name=子页静态Banner&parent.id=1&target=&allowComment=0&showModes=0&href=&parent.name=顶级栏目', ''),
(92, '1', 1, '2013-08-21 17:09:38', '0:0:0:0:0:0:0:1', 'Mozilla/5.0 (Windows NT 6.1; WOW64) AppleWebKit/537.31 (KHTML, like Gecko) Chrome/26.0.1410.5 Safari/537.31', '/develop/a/cms/article/save', 'POST', 'keywords=&weight=0&category.id=59&category.name=子页静态Banner&articleData.copyfrom=&link=&_posidList=on&image=/develop/userfiles/1/images/cms/article/2013/08/bannerS-cmmi.jpg&articleData.allowComment=1&id=&articleData.relation=&title=专业成就卓越 动易通过CMMI3&color=&description=&articleData.content=<p>\r\n	&nbsp;</p>\r\n<h2 class="tit" style="padding: 0px; margin: 0px; font-size: 28px; line-height:...&weightDate=&createDate=&delFlag=0', ''),
(93, '1', 1, '2013-08-21 20:29:44', '0:0:0:0:0:0:0:1', 'Mozilla/5.0 (Windows NT 6.1; WOW64) AppleWebKit/537.36 (KHTML, like Gecko) Chrome/29.0.1547.57 Safari/537.36', '/develop/a/cms/category/save', 'POST', 'module=article&isAudit=0&sort=200&keywords=&inList=1&inMenu=0&image=&office.id=1&id=&office.name=北京市总公司&description=&name=关于动易&parent.id=1&target=&allowComment=0&showModes=0&href=&parent.name=顶级栏目', ''),
(94, '1', 1, '2013-08-21 20:30:49', '0:0:0:0:0:0:0:1', 'Mozilla/5.0 (Windows NT 6.1; WOW64) AppleWebKit/537.36 (KHTML, like Gecko) Chrome/29.0.1547.57 Safari/537.36', '/develop/a/cms/category/save', 'POST', 'module=article&isAudit=0&sort=10&keywords=&inList=1&inMenu=0&image=&office.id=1&id=&office.name=北京市总公司&description=&name=公司简介&parent.id=60&target=&allowComment=0&showModes=0&href=&parent.name=关于动易', '');
INSERT INTO `sys_log` (`id`, `type`, `create_by`, `create_date`, `remote_addr`, `user_agent`, `request_uri`, `method`, `params`, `exception`) VALUES
(95, '1', 1, '2013-08-21 20:31:03', '0:0:0:0:0:0:0:1', 'Mozilla/5.0 (Windows NT 6.1; WOW64) AppleWebKit/537.36 (KHTML, like Gecko) Chrome/29.0.1547.57 Safari/537.36', '/develop/a/cms/category/save', 'POST', 'module=article&isAudit=0&sort=20&keywords=&inList=1&inMenu=0&image=&office.id=1&id=&office.name=北京市总公司&description=&name=相关证书&parent.id=60&target=&allowComment=0&showModes=0&href=&parent.name=关于动易', ''),
(96, '1', 1, '2013-08-21 20:31:12', '0:0:0:0:0:0:0:1', 'Mozilla/5.0 (Windows NT 6.1; WOW64) AppleWebKit/537.36 (KHTML, like Gecko) Chrome/29.0.1547.57 Safari/537.36', '/develop/a/cms/category/save', 'POST', 'module=article&isAudit=0&sort=30&keywords=&inList=1&inMenu=0&image=&office.id=1&id=&office.name=北京市总公司&description=&name=公司环境&parent.id=60&target=&allowComment=0&showModes=0&href=&parent.name=关于动易', ''),
(97, '1', 1, '2013-08-21 20:31:25', '0:0:0:0:0:0:0:1', 'Mozilla/5.0 (Windows NT 6.1; WOW64) AppleWebKit/537.36 (KHTML, like Gecko) Chrome/29.0.1547.57 Safari/537.36', '/develop/a/cms/category/save', 'POST', 'module=article&isAudit=0&sort=40&keywords=&inList=1&inMenu=0&image=&office.id=1&id=&office.name=北京市总公司&description=&name=员工活动&parent.id=60&target=&allowComment=0&showModes=0&href=&parent.name=关于动易', ''),
(98, '1', 1, '2013-08-21 20:31:37', '0:0:0:0:0:0:0:1', 'Mozilla/5.0 (Windows NT 6.1; WOW64) AppleWebKit/537.36 (KHTML, like Gecko) Chrome/29.0.1547.57 Safari/537.36', '/develop/a/cms/category/save', 'POST', 'module=article&isAudit=0&sort=50&keywords=&inList=1&inMenu=0&image=&office.id=1&id=&office.name=北京市总公司&description=&name=人员招聘&parent.id=60&target=&allowComment=0&showModes=0&href=&parent.name=关于动易', ''),
(99, '1', 1, '2013-08-21 20:31:48', '0:0:0:0:0:0:0:1', 'Mozilla/5.0 (Windows NT 6.1; WOW64) AppleWebKit/537.36 (KHTML, like Gecko) Chrome/29.0.1547.57 Safari/537.36', '/develop/a/cms/category/save', 'POST', 'module=article&isAudit=0&sort=60&keywords=&inList=1&inMenu=0&image=&office.id=1&id=&office.name=北京市总公司&description=&name=我与动易的故事&parent.id=60&target=&allowComment=0&showModes=0&href=&parent.name=关于动易', ''),
(100, '1', 1, '2013-08-21 20:32:00', '0:0:0:0:0:0:0:1', 'Mozilla/5.0 (Windows NT 6.1; WOW64) AppleWebKit/537.36 (KHTML, like Gecko) Chrome/29.0.1547.57 Safari/537.36', '/develop/a/cms/category/save', 'POST', 'module=article&isAudit=0&sort=70&keywords=&inList=1&inMenu=0&image=&office.id=1&id=&office.name=北京市总公司&description=&name=动易联系方式&parent.id=60&target=&allowComment=0&showModes=0&href=&parent.name=关于动易', ''),
(101, '1', 1, '2013-08-21 20:32:12', '0:0:0:0:0:0:0:1', 'Mozilla/5.0 (Windows NT 6.1; WOW64) AppleWebKit/537.36 (KHTML, like Gecko) Chrome/29.0.1547.57 Safari/537.36', '/develop/a/cms/category/save', 'POST', 'module=article&isAudit=0&sort=80&keywords=&inList=1&inMenu=0&image=&office.id=1&id=&office.name=北京市总公司&description=&name=汇款方式&parent.id=60&target=&allowComment=0&showModes=0&href=&parent.name=关于动易', ''),
(102, '1', 1, '2013-08-21 20:34:37', '0:0:0:0:0:0:0:1', 'Mozilla/5.0 (Windows NT 6.1; WOW64) AppleWebKit/537.36 (KHTML, like Gecko) Chrome/29.0.1547.57 Safari/537.36', '/develop/a/cms/category/save', 'POST', 'module=article&isAudit=0&sort=999&keywords=&inList=1&inMenu=0&image=&office.id=1&id=&office.name=北京市总公司&description=&name=静态页面&parent.id=1&target=&allowComment=0&showModes=0&href=&parent.name=顶级栏目', ''),
(103, '1', 1, '2013-08-21 20:35:23', '0:0:0:0:0:0:0:1', 'Mozilla/5.0 (Windows NT 6.1; WOW64) AppleWebKit/537.36 (KHTML, like Gecko) Chrome/29.0.1547.57 Safari/537.36', '/develop/a/cms/article/save', 'POST', 'weight=0&keywords=&category.id=69&category.name=静态页面&articleData.copyfrom=&link=&_posidList=on&image=&articleData.allowComment=1&id=68&articleData.relation=&title=动易网络 <br />倾力打造网站建设名品牌&color=&description=&articleData.content=<p>\r\n	&nbsp;</p>\r\n<p style="padding: 10px 0px; margin: 0px; line-height: 28px; text-indent: 2em; ...&weightDate=&createDate=2013-08-21 10:24:49&delFlag=0', ''),
(104, '1', 1, '2013-08-21 20:36:29', '0:0:0:0:0:0:0:1', 'Mozilla/5.0 (Windows NT 6.1; WOW64) AppleWebKit/537.36 (KHTML, like Gecko) Chrome/29.0.1547.57 Safari/537.36', '/develop/a/cms/category/save', 'POST', 'module=article&isAudit=0&sort=10&keywords=&inList=1&inMenu=1&image=&office.id=1&id=30&office.name=北京市总公司&description=&name=公司&parent.id=1&target=&allowComment=0&showModes=0&href=/f/view-69-68.html&parent.name=顶级栏目', ''),
(105, '1', 1, '2013-08-21 20:39:17', '0:0:0:0:0:0:0:1', 'Mozilla/5.0 (Windows NT 6.1; WOW64) AppleWebKit/537.36 (KHTML, like Gecko) Chrome/29.0.1547.57 Safari/537.36', '/develop/a/cms/category/save', 'POST', 'module=article&isAudit=0&sort=999&keywords=&inList=1&inMenu=0&image=&office.id=1&id=69&office.name=北京市总公司&description=&name=静态页面&parent.id=30&target=&allowComment=0&showModes=0&href=&parent.name=公司', ''),
(106, '2', 1, '2013-08-22 10:30:01', '0:0:0:0:0:0:0:1', 'Mozilla/5.0 (Windows NT 6.1; WOW64) AppleWebKit/537.31 (KHTML, like Gecko) Chrome/26.0.1410.5 Safari/537.31', '/develop/a/cms/article/form', 'GET', 'id=68', 'java.lang.NullPointerException'),
(107, '2', 1, '2013-08-22 10:32:23', '0:0:0:0:0:0:0:1', 'Mozilla/5.0 (Windows NT 6.1; WOW64) AppleWebKit/537.31 (KHTML, like Gecko) Chrome/26.0.1410.5 Safari/537.31', '/develop/a/cms/article/form', 'GET', 'id=68', 'java.lang.NullPointerException'),
(108, '2', 1, '2013-08-22 10:38:45', '0:0:0:0:0:0:0:1', 'Mozilla/5.0 (Windows NT 6.1; WOW64) AppleWebKit/537.31 (KHTML, like Gecko) Chrome/26.0.1410.5 Safari/537.31', '/develop/a/cms/article/form', 'GET', 'id=68', 'java.lang.RuntimeException: tpl not contain ''/'' or ''.'':frontViewArticle'),
(109, '2', 1, '2013-08-22 10:42:22', '0:0:0:0:0:0:0:1', 'Mozilla/5.0 (Windows NT 6.1; WOW64) AppleWebKit/537.31 (KHTML, like Gecko) Chrome/26.0.1410.5 Safari/537.31', '/develop/a/cms/article/form', 'GET', 'id=68', 'java.lang.RuntimeException: tpl not contain ''/'' or ''.'':frontViewArticle'),
(110, '2', 1, '2013-08-22 10:58:21', '0:0:0:0:0:0:0:1', 'Mozilla/5.0 (Windows NT 6.1; WOW64) AppleWebKit/537.31 (KHTML, like Gecko) Chrome/26.0.1410.5 Safari/537.31', '/develop/a/cms/article/form', 'GET', 'id=68', 'java.lang.RuntimeException: tpl not contain ''/'' or ''.'':frontViewArticle'),
(111, '2', 1, '2013-08-22 11:09:09', '0:0:0:0:0:0:0:1', 'Mozilla/5.0 (Windows NT 6.1; WOW64) AppleWebKit/537.31 (KHTML, like Gecko) Chrome/26.0.1410.5 Safari/537.31', '/develop/a/cms/article/form', 'GET', 'id=68', 'java.lang.RuntimeException: tpl not contain ''/'' or ''.'':frontViewArticle'),
(112, '2', 1, '2013-08-22 11:10:12', '0:0:0:0:0:0:0:1', 'Mozilla/5.0 (Windows NT 6.1; WOW64) AppleWebKit/537.31 (KHTML, like Gecko) Chrome/26.0.1410.5 Safari/537.31', '/develop/a/cms/article/form', 'GET', 'id=68', 'java.lang.RuntimeException: tpl not contain ''/'' or ''.'':frontViewArticle'),
(113, '2', 1, '2013-08-22 11:12:42', '0:0:0:0:0:0:0:1', 'Mozilla/5.0 (Windows NT 6.1; WOW64) AppleWebKit/537.31 (KHTML, like Gecko) Chrome/26.0.1410.5 Safari/537.31', '/develop/a/cms/article/form', 'GET', 'id=68', 'java.lang.RuntimeException: tpl not contain ''/'' or ''.'':frontViewArticle'),
(114, '2', 1, '2013-08-22 11:24:17', '0:0:0:0:0:0:0:1', 'Mozilla/5.0 (Windows NT 6.1; WOW64) AppleWebKit/537.31 (KHTML, like Gecko) Chrome/26.0.1410.5 Safari/537.31', '/develop/a/cms/article/form', 'GET', 'id=68', 'java.lang.RuntimeException: tpl not contain ''/'' or ''.'':frontViewArticle'),
(115, '2', 1, '2013-08-22 11:25:49', '0:0:0:0:0:0:0:1', 'Mozilla/5.0 (Windows NT 6.1; WOW64) AppleWebKit/537.31 (KHTML, like Gecko) Chrome/26.0.1410.5 Safari/537.31', '/develop/a/cms/article/form', 'GET', 'id=68', 'java.lang.RuntimeException: tpl not contain ''/'' or ''.'':frontViewArticle'),
(116, '2', 1, '2013-08-22 14:28:19', '0:0:0:0:0:0:0:1', 'Mozilla/5.0 (Windows NT 6.1; WOW64) AppleWebKit/537.31 (KHTML, like Gecko) Chrome/26.0.1410.5 Safari/537.31', '/develop/a/cms/article/form', 'GET', 'id=68', 'java.lang.RuntimeException: tpl not contain ''/'' or ''.'':frontViewArticle'),
(117, '2', 1, '2013-08-22 14:29:15', '0:0:0:0:0:0:0:1', 'Mozilla/5.0 (Windows NT 6.1; WOW64) AppleWebKit/537.31 (KHTML, like Gecko) Chrome/26.0.1410.5 Safari/537.31', '/develop/a/cms/article/form', 'GET', 'id=68', 'java.lang.RuntimeException: tpl not contain ''/'' or ''.'':frontViewArticle'),
(118, '2', 1, '2013-08-22 14:53:02', '0:0:0:0:0:0:0:1', 'Mozilla/5.0 (Windows NT 6.1; WOW64) AppleWebKit/537.31 (KHTML, like Gecko) Chrome/26.0.1410.5 Safari/537.31', '/develop/a/cms/article/form', 'GET', 'id=68', 'java.lang.RuntimeException: tpl not contain ''/'' or ''.'':frontViewArticle'),
(119, '2', 1, '2013-08-22 14:59:54', '0:0:0:0:0:0:0:1', 'Mozilla/5.0 (Windows NT 6.1; WOW64) AppleWebKit/537.31 (KHTML, like Gecko) Chrome/26.0.1410.5 Safari/537.31', '/develop/a/cms/article/form', 'GET', 'id=68', 'java.lang.RuntimeException: tpl not contain ''/'' or ''.'':articleSelectList'),
(120, '1', 1, '2013-08-22 16:31:00', '0:0:0:0:0:0:0:1', 'Mozilla/5.0 (Windows NT 6.1; WOW64) AppleWebKit/537.31 (KHTML, like Gecko) Chrome/26.0.1410.5 Safari/537.31', '/develop/a/sys/menu/save', 'POST', 'id=&icon=&sort=30&name=特权&parent.id=42&target=&permission=cms:article:privilege&href=&isShow=0&parent.name=文章模型', ''),
(121, '1', 1, '2013-08-22 16:31:47', '0:0:0:0:0:0:0:1', 'Mozilla/5.0 (Windows NT 6.1; WOW64) AppleWebKit/537.31 (KHTML, like Gecko) Chrome/26.0.1410.5 Safari/537.31', '/develop/a/sys/role/save', 'POST', 'id=1&menuIds=1,27,28,29,30,62,63,64,65,66,31,40,41,42,43,44,45,46,47,48,49,50,51,52,53,54,55,56,57,58,59,60,61...&dataScope=1&office.name=北京市总公司&officeIds=&name=系统管理员&roleType=assignment&office.id=1&enname=deptLeader&oldName=系统管理员', ''),
(122, '1', 2, '2013-08-22 16:37:11', '0:0:0:0:0:0:0:1', 'Mozilla/5.0 (Windows NT 6.1; WOW64) AppleWebKit/537.31 (KHTML, like Gecko) Chrome/26.0.1410.5 Safari/537.31', '/develop/a/cms/article/save', 'POST', 'keywords=&weight=0&category.id=69&category.name=静态页面&articleData.copyfrom=&link=&_posidList=on&image=&articleData.allowComment=1&id=68&articleData.relation=&title=动易网络 <br />倾力打造网站建设名品牌&color=&description=&articleData.content=<p>\r\n	&nbsp;</p>\r\n<p style="padding: 10px 0px; margin: 0px; line-height: 28px; text-indent: 2em; ...&weightDate=&createDate=2013-08-21 10:24:49&delFlag=0', ''),
(123, '1', 2, '2013-08-22 16:38:22', '0:0:0:0:0:0:0:1', 'Mozilla/5.0 (Windows NT 6.1; WOW64) AppleWebKit/537.31 (KHTML, like Gecko) Chrome/26.0.1410.5 Safari/537.31', '/develop/a/cms/article/save', 'POST', 'keywords=&weight=0&category.id=69&category.name=静态页面&articleData.copyfrom=&link=&_posidList=on&image=&articleData.allowComment=1&id=68&articleData.relation=&title=动易网络 <br />倾力打造网站建设名品牌&color=&description=&articleData.content=<p>\r\n	&nbsp;</p>\r\n<p style="padding: 10px 0px; margin: 0px; line-height: 28px; text-indent: 2em; ...&weightDate=&createDate=2013-08-21 10:24:49&delFlag=0', ''),
(124, '1', 1, '2013-08-23 09:47:13', '0:0:0:0:0:0:0:1', 'Mozilla/5.0 (Windows NT 6.1; WOW64) AppleWebKit/537.31 (KHTML, like Gecko) Chrome/26.0.1410.5 Safari/537.31', '/develop/a/cms/article/save', 'POST', 'keywords=&weight=0&category.id=69&category.name=静态页面&articleData.copyfrom=&link=&_posidList=on&image=&articleData.allowComment=1&id=68&articleData.relation=&title=动易网络 <br />倾力打造网站建设名品牌&color=&description=&articleData.content=<p>\r\n	&nbsp;</p>\r\n<p style="padding: 10px 0px; margin: 0px; line-height: 28px; text-indent: 2em; ...&tplContent=frontViewArticle_page&weightDate=&createDate=2013-08-21 10:24:49&delFlag=0', ''),
(125, '1', 1, '2013-08-23 09:59:09', '0:0:0:0:0:0:0:1', 'Mozilla/5.0 (Windows NT 6.1; WOW64) AppleWebKit/537.31 (KHTML, like Gecko) Chrome/26.0.1410.5 Safari/537.31', '/develop/a/cms/article/save', 'POST', 'keywords=&weight=0&category.id=69&category.name=静态页面&articleData.copyfrom=&link=&_posidList=on&image=&articleData.allowComment=1&id=68&articleData.relation=&title=动易网络<span>倾力打造网站建设名品牌</span>&color=&description=&articleData.content=<p>\r\n	&nbsp;</p>\r\n<p style="padding: 10px 0px; margin: 0px; line-height: 28px; text-indent: 2em; ...&tplContent=frontViewArticle_page&weightDate=&createDate=2013-08-21 10:24:49&delFlag=0', ''),
(126, '1', 1, '2013-08-23 10:03:18', '0:0:0:0:0:0:0:1', 'Mozilla/5.0 (Windows NT 6.1; WOW64) AppleWebKit/537.31 (KHTML, like Gecko) Chrome/26.0.1410.5 Safari/537.31', '/develop/a/cms/article/save', 'POST', 'keywords=&weight=0&category.id=69&category.name=静态页面&articleData.copyfrom=&link=&_posidList=on&image=&articleData.allowComment=1&id=68&articleData.relation=&title=动易网络<span>倾力打造网站建设名品牌</span>&color=&description=&articleData.content=<p>\r\n	&nbsp;</p>\r\n<p style="padding: 10px 0px; margin: 0px; line-height: 28px; text-indent: 2em; ...&tplContent=frontViewArticle_page&weightDate=&createDate=2013-08-21 10:24:49&delFlag=0', ''),
(127, '1', 1, '2013-08-23 10:06:48', '0:0:0:0:0:0:0:1', 'Mozilla/5.0 (Windows NT 6.1; WOW64) AppleWebKit/537.31 (KHTML, like Gecko) Chrome/26.0.1410.5 Safari/537.31', '/develop/a/cms/article/save', 'POST', 'keywords=&weight=0&category.id=69&category.name=静态页面&articleData.copyfrom=&link=&_posidList=on&image=&articleData.allowComment=1&id=68&articleData.relation=&title=动易网络<span>倾力打造网站建设名品牌</span>&color=&description=&articleData.content=<p>\r\n	&nbsp;</p>\r\n<p style="padding: 10px 0px; margin: 0px; line-height: 28px; text-indent: 2em; ...&tplContent=frontViewArticle_page&weightDate=&createDate=2013-08-21 10:24:49&delFlag=0', ''),
(128, '1', 1, '2013-08-23 10:07:04', '0:0:0:0:0:0:0:1', 'Mozilla/5.0 (Windows NT 6.1; WOW64) AppleWebKit/537.31 (KHTML, like Gecko) Chrome/26.0.1410.5 Safari/537.31', '/develop/a/cms/article/save', 'POST', 'weight=0&keywords=&category.id=69&category.name=静态页面&articleData.copyfrom=&link=&_posidList=on&image=&articleData.allowComment=1&id=68&articleData.relation=&title=动易网络倾力打造网站建设名品牌&color=&description=&articleData.content=<p>\r\n	&nbsp;</p>\r\n<p style="padding: 10px 0px; margin: 0px; line-height: 28px; text-indent: 2em; ...&tplContent=frontViewArticle_page&weightDate=&createDate=2013-08-21 10:24:49&delFlag=0', ''),
(129, '1', 1, '2013-08-23 10:08:32', '0:0:0:0:0:0:0:1', 'Mozilla/5.0 (Windows NT 6.1; WOW64) AppleWebKit/537.31 (KHTML, like Gecko) Chrome/26.0.1410.5 Safari/537.31', '/develop/a/cms/article/save', 'POST', 'weight=0&keywords=&category.id=69&category.name=静态页面&articleData.copyfrom=&link=&_posidList=on&image=&articleData.allowComment=1&id=68&articleData.relation=&title=动易网络<span>倾力打造网站建设名品牌</span>&color=&description=动易网络<span>倾力打造网站建设名品牌</span>&articleData.content=<p>\r\n	&nbsp;</p>\r\n<p style="padding: 10px 0px; margin: 0px; line-height: 28px; text-indent: 2em; ...&tplContent=frontViewArticle_page&weightDate=&createDate=2013-08-21 10:24:49&delFlag=0', ''),
(130, '1', 1, '2013-08-23 10:12:48', '0:0:0:0:0:0:0:1', 'Mozilla/5.0 (Windows NT 6.1; WOW64) AppleWebKit/537.31 (KHTML, like Gecko) Chrome/26.0.1410.5 Safari/537.31', '/develop/a/cms/article/save', 'POST', 'keywords=&weight=0&category.id=69&category.name=静态页面&articleData.copyfrom=&link=&_posidList=on&image=&articleData.allowComment=1&id=68&articleData.relation=&title=动易网络<span>倾力打造网站建设名品牌</span>&color=&description=动易网络<span>倾力打造网站建设名品牌</span>&articleData.content=<p>\r\n	&nbsp;</p>\r\n<p style="padding: 10px 0px; margin: 0px; line-height: 28px; text-indent: 2em; ...&tplContent=frontViewArticle_page&weightDate=&createDate=2013-08-21 10:24:49&delFlag=0', ''),
(131, '1', 1, '2013-08-23 10:18:38', '0:0:0:0:0:0:0:1', 'Mozilla/5.0 (Windows NT 6.1; WOW64) AppleWebKit/537.31 (KHTML, like Gecko) Chrome/26.0.1410.5 Safari/537.31', '/develop/a/cms/article/save', 'POST', 'keywords=&weight=0&category.id=69&category.name=静态页面&articleData.copyfrom=&link=&_posidList=on&image=&articleData.allowComment=1&id=68&articleData.relation=&title=动易网络<span>倾力打造网站建设名品牌</span>&color=&description=动易网络<span>倾力打造网站建设名品牌</span>&articleData.content=<p>\r\n	&nbsp;</p>\r\n<p style="padding: 10px 0px; margin: 0px; line-height: 28px; text-indent: 2em; ...&tplContent=frontViewArticle_page&weightDate=&createDate=2013-08-21 10:24:49&delFlag=0', ''),
(132, '2', 1, '2013-08-23 11:26:03', '0:0:0:0:0:0:0:1', 'Mozilla/5.0 (Windows NT 6.1; WOW64) AppleWebKit/537.31 (KHTML, like Gecko) Chrome/26.0.1410.5 Safari/537.31', '/develop/a/cms/tree', 'GET', '', 'org.springframework.dao.InvalidDataAccessResourceUsageException: Unknown column ''this_.tpl_content'' in ''field list''; SQL [n/a]; nested exception is org.hibernate.exception.SQLGrammarException: Unknown column ''this_.tpl_content'' in ''field list'''),
(133, '1', 1, '2013-08-23 13:26:48', '0:0:0:0:0:0:0:1', 'Mozilla/5.0 (Windows NT 6.1; WOW64) AppleWebKit/537.31 (KHTML, like Gecko) Chrome/26.0.1410.5 Safari/537.31', '/develop/a/cms/category/save', 'POST', 'module=article&isAudit=0&sort=20&keywords=&inList=1&inMenu=1&image=&office.id=1&id=31&office.name=北京市总公司&description=&name=产品&parent.id=1&tplContent=frontListChanpin&target=&allowComment=0&showModes=0&href=&parent.name=顶级栏目', ''),
(134, '1', 1, '2013-08-23 14:02:47', '0:0:0:0:0:0:0:1', 'Mozilla/5.0 (Windows NT 6.1; WOW64) AppleWebKit/537.31 (KHTML, like Gecko) Chrome/26.0.1410.5 Safari/537.31', '/develop/a/cms/category/save', 'POST', 'module=article&isAudit=0&sort=30&keywords=&inList=1&inMenu=0&image=&office.id=1&id=&office.name=北京市总公司&description=&name=全线产品&parent.id=31&tplContent=&target=&allowComment=0&showModes=0&href=&parent.name=产品', ''),
(135, '1', 1, '2013-08-23 14:02:58', '0:0:0:0:0:0:0:1', 'Mozilla/5.0 (Windows NT 6.1; WOW64) AppleWebKit/537.31 (KHTML, like Gecko) Chrome/26.0.1410.5 Safari/537.31', '/develop/a/cms/category/save', 'POST', 'module=article&isAudit=0&sort=30&keywords=&inList=1&inMenu=1&image=&office.id=1&id=70&office.name=北京市总公司&description=&name=全线产品&tplContent=&parent.id=31&target=&allowComment=0&showModes=0&href=&parent.name=产品', ''),
(136, '1', 1, '2013-08-23 14:03:13', '0:0:0:0:0:0:0:1', 'Mozilla/5.0 (Windows NT 6.1; WOW64) AppleWebKit/537.31 (KHTML, like Gecko) Chrome/26.0.1410.5 Safari/537.31', '/develop/a/cms/category/save', 'POST', 'module=article&isAudit=0&sort=30&keywords=&inList=1&inMenu=1&image=&office.id=1&id=&office.name=北京市总公司&description=&name=产品技术&tplContent=&parent.id=31&target=&allowComment=0&showModes=0&href=&parent.name=产品', ''),
(137, '1', 1, '2013-08-23 14:05:06', '0:0:0:0:0:0:0:1', 'Mozilla/5.0 (Windows NT 6.1; WOW64) AppleWebKit/537.31 (KHTML, like Gecko) Chrome/26.0.1410.5 Safari/537.31', '/develop/a/cms/category/save', 'POST', 'module=article&isAudit=0&sort=30&keywords=&inList=1&inMenu=1&image=&office.id=1&id=&office.name=北京市总公司&description=&name=增值服务&parent.id=31&tplContent=&target=&allowComment=0&showModes=0&href=&parent.name=产品', ''),
(138, '1', 1, '2013-08-23 14:29:41', '0:0:0:0:0:0:0:1', 'Mozilla/5.0 (Windows NT 6.1; WOW64) AppleWebKit/537.31 (KHTML, like Gecko) Chrome/26.0.1410.5 Safari/537.31', '/develop/a/cms/category/save', 'POST', 'module=article&isAudit=0&sort=30&keywords=&inList=1&inMenu=1&image=&office.id=1&id=32&office.name=北京市总公司&description=&name=业务&parent.id=1&tplContent=&target=&allowComment=0&showModes=2&href=&parent.name=顶级栏目', ''),
(139, '1', 1, '2013-08-23 15:40:59', '0:0:0:0:0:0:0:1', 'Mozilla/5.0 (Windows NT 6.1; WOW64) AppleWebKit/537.31 (KHTML, like Gecko) Chrome/26.0.1410.5 Safari/537.31', '/develop/a/cms/article/save', 'POST', 'tplConfig={currentId:0}&keywords=&weight=0&category.id=69&category.name=静态页面&articleData.copyfrom=&link=&_posidList=on&image=&articleData.allowComment=1&id=68&articleData.relation=&title=动易网络<span>倾力打造网站建设名品牌</span>&color=&description=动易网络<span>倾力打造网站建设名品牌</span>&articleData.content=<p>\r\n	&nbsp;</p>\r\n<p style="padding: 10px 0px; margin: 0px; line-height: 28px; text-indent: 2em; ...&tplContent=frontViewArticle_page&weightDate=&createDate=2013-08-21 10:24:49&delFlag=0', ''),
(140, '1', 1, '2013-08-23 15:49:07', '0:0:0:0:0:0:0:1', 'Mozilla/5.0 (Windows NT 6.1; WOW64) AppleWebKit/537.31 (KHTML, like Gecko) Chrome/26.0.1410.5 Safari/537.31', '/develop/a/cms/article/save', 'POST', 'tplConfig={currentId:0}&keywords=&weight=0&category.id=69&category.name=静态页面&articleData.copyfrom=&link=&_posidList=on&image=&articleData.allowComment=1&id=68&articleData.relation=&title=动易网络倾力打造网站建设名品牌&color=&description=动易网络倾力打造网站建设名品牌&articleData.content=\r\n	&nbsp;\r\n\r\n	广东动易网络科技有限公司（简称：动易网络，英文名：Dongyi Network Technology CO.,Ltd...&tplContent=frontViewArticle_page&weightDate=&createDate=2013-08-21 10:24:49&delFlag=0', ''),
(141, '1', 1, '2013-08-23 15:49:21', '0:0:0:0:0:0:0:1', 'Mozilla/5.0 (Windows NT 6.1; WOW64) AppleWebKit/537.31 (KHTML, like Gecko) Chrome/26.0.1410.5 Safari/537.31', '/develop/a/cms/article/save', 'POST', 'weight=1&keywords=&tplConfig=&category.id=42&category.name=公司动态&articleData.copyfrom=&link=&_posidList=on&image=&articleData.allowComment=1&id=72&articleData.relation=&title=动易公司2013年“五·一”放假通知&color=&description=&articleData.content=\r\n	&nbsp;\r\n\r\n	各位尊敬的动易用户：\r\n	\r\n	　　根据《国务院关于2013年部分节假日安排的通知》中的相关...&tplContent=frontViewArticle&weightDate=&createDate=2013-08-21 10:33:36&delFlag=0', ''),
(142, '1', 1, '2013-08-23 15:51:57', '0:0:0:0:0:0:0:1', 'Mozilla/5.0 (Windows NT 6.1; WOW64) AppleWebKit/537.31 (KHTML, like Gecko) Chrome/26.0.1410.5 Safari/537.31', '/develop/a/cms/category/save', 'POST', 'module=article&isAudit=0&sort=30&tplConfig={currentId:1}&keywords=&inList=1&inMenu=1&image=&office.id=1&id=32&office.name=北京市总公司&description=&name=业务&parent.id=1&tplContent=&target=&allowComment=0&showModes=2&href=&parent.name=顶级栏目', ''),
(143, '1', 1, '2013-08-23 15:57:29', '0:0:0:0:0:0:0:1', 'Mozilla/5.0 (Windows NT 6.1; WOW64) AppleWebKit/537.31 (KHTML, like Gecko) Chrome/26.0.1410.5 Safari/537.31', '/develop/a/cms/category/save', 'POST', 'module=article&isAudit=0&sort=30&keywords=&tplConfig={currentId:3}&inList=1&inMenu=0&image=&office.id=1&id=42&office.name=北京市总公司&description=&name=公司动态&tplContent=&parent.id=30&target=&allowComment=0&showModes=0&href=&parent.name=公司', ''),
(144, '1', 1, '2013-08-23 15:58:35', '0:0:0:0:0:0:0:1', 'Mozilla/5.0 (Windows NT 6.1; WOW64) AppleWebKit/537.31 (KHTML, like Gecko) Chrome/26.0.1410.5 Safari/537.31', '/develop/a/cms/category/save', 'POST', 'module=article&isAudit=0&sort=999&tplConfig={currentId:3}&keywords=&inList=1&inMenu=0&image=&office.id=1&id=69&office.name=北京市总公司&description=&name=静态页面&parent.id=30&tplContent=&target=&allowComment=0&showModes=0&href=&parent.name=公司', ''),
(145, '1', 1, '2013-08-23 16:01:09', '0:0:0:0:0:0:0:1', 'Mozilla/5.0 (Windows NT 6.1; WOW64) AppleWebKit/537.31 (KHTML, like Gecko) Chrome/26.0.1410.5 Safari/537.31', '/develop/a/cms/category/save', 'POST', 'module=article&isAudit=0&sort=999&keywords=&tplConfig={currentId:3,testname:"xiandaoxiande"}&inList=1&inMenu=0&image=&office.id=1&id=69&office.name=北京市总公司&description=&name=静态页面&tplContent=&parent.id=30&target=&allowComment=0&showModes=0&href=&parent.name=公司', ''),
(146, '1', 1, '2013-08-23 16:35:10', '0:0:0:0:0:0:0:1', 'Mozilla/5.0 (Windows NT 6.1; WOW64) AppleWebKit/537.31 (KHTML, like Gecko) Chrome/26.0.1410.5 Safari/537.31', '/develop/a/cms/article/save', 'POST', 'tplConfig=&keywords=&weight=0&category.id=32&category.name=业务&articleData.copyfrom=&link=&_posidList=on&image=&articleData.allowComment=1&id=&articleData.relation=&title=动易业务体系&color=&description=&articleData.content=\r\n	&nbsp;\r\n\r\n	经过八年的拼搏与积累，动易已形成了产品研发与销售、网站建设与实施、网站技术外包、软...&tplContent=frontViewArticle&weightDate=&createDate=&delFlag=0', ''),
(147, '1', 1, '2013-08-23 16:43:43', '0:0:0:0:0:0:0:1', 'Mozilla/5.0 (Windows NT 6.1; WOW64) AppleWebKit/537.31 (KHTML, like Gecko) Chrome/26.0.1410.5 Safari/537.31', '/develop/a/cms/article/save', 'POST', 'tplConfig=&keywords=&weight=0&category.id=32&category.name=业务&articleData.copyfrom=&link=&_posidList=on&image=&articleData.allowComment=1&id=85&articleData.relation=&title=动易业务体系&color=&description=&articleData.content=\r\n	&nbsp;\r\n\r\n	经过八年的拼搏与积累，动易已形成了产品研发与销售、网站建设与实施、网站技术外包、软...&tplContent=frontViewArticle&weightDate=&createDate=2013-08-23 16:35:10&delFlag=0', ''),
(148, '1', 1, '2013-08-23 16:44:16', '0:0:0:0:0:0:0:1', 'Mozilla/5.0 (Windows NT 6.1; WOW64) AppleWebKit/537.31 (KHTML, like Gecko) Chrome/26.0.1410.5 Safari/537.31', '/develop/a/cms/article/save', 'POST', 'tplConfig=&keywords=&weight=0&category.id=32&category.name=业务&articleData.copyfrom=&link=&_posidList=on&image=&articleData.allowComment=1&id=85&articleData.relation=&title=动易业务体系&color=&description=&articleData.content=\r\n	&nbsp;\r\n\r\n	经过八年的拼搏与积累，动易已形成了产品研发与销售、网站建设与实施、网站技术外包、软...&tplContent=frontViewArticle_page&weightDate=&createDate=2013-08-23 16:35:10&delFlag=0', ''),
(149, '1', 1, '2013-08-23 16:47:33', '0:0:0:0:0:0:0:1', 'Mozilla/5.0 (Windows NT 6.1; WOW64) AppleWebKit/537.31 (KHTML, like Gecko) Chrome/26.0.1410.5 Safari/537.31', '/develop/a/cms/article/save', 'POST', 'tplConfig={currentId:0}&keywords=&weight=0&category.id=32&category.name=业务&articleData.copyfrom=&link=&_posidList=on&image=&articleData.allowComment=1&id=85&articleData.relation=&title=动易业务体系&color=&description=&articleData.content=\r\n	&nbsp;\r\n\r\n	经过八年的拼搏与积累，动易已形成了产品研发与销售、网站建设与实施、网站技术外包、软...&tplContent=frontViewArticle&weightDate=&createDate=2013-08-23 16:35:10&delFlag=0', ''),
(150, '1', 1, '2013-08-23 16:50:11', '0:0:0:0:0:0:0:1', 'Mozilla/5.0 (Windows NT 6.1; WOW64) AppleWebKit/537.31 (KHTML, like Gecko) Chrome/26.0.1410.5 Safari/537.31', '/develop/a/cms/category/save', 'POST', 'module=article&isAudit=0&sort=10&tplConfig=&keywords=&inList=1&inMenu=1&image=&office.id=1&id=30&office.name=北京市总公司&description=&name=公司&parent.id=1&tplContent=&target=&allowComment=0&showModes=2&href=/f/view-69-68.html&parent.name=顶级栏目', ''),
(151, '1', 1, '2013-08-23 16:50:54', '0:0:0:0:0:0:0:1', 'Mozilla/5.0 (Windows NT 6.1; WOW64) AppleWebKit/537.31 (KHTML, like Gecko) Chrome/26.0.1410.5 Safari/537.31', '/develop/a/cms/category/save', 'POST', 'module=article&isAudit=0&sort=999&tplConfig=&keywords=&inList=0&inMenu=0&image=&office.id=1&id=69&office.name=北京市总公司&description=&name=公司简介&parent.id=30&tplContent=&target=&allowComment=0&showModes=2&href=&parent.name=公司', ''),
(152, '1', 1, '2013-08-23 16:51:01', '0:0:0:0:0:0:0:1', 'Mozilla/5.0 (Windows NT 6.1; WOW64) AppleWebKit/537.31 (KHTML, like Gecko) Chrome/26.0.1410.5 Safari/537.31', '/develop/a/cms/category/save', 'POST', 'module=article&isAudit=0&sort=1&keywords=&tplConfig=&inList=0&inMenu=0&image=&office.id=1&id=69&office.name=北京市总公司&description=&name=公司简介&tplContent=&parent.id=30&target=&allowComment=0&showModes=2&href=&parent.name=公司', ''),
(153, '1', 1, '2013-08-23 16:51:39', '0:0:0:0:0:0:0:1', 'Mozilla/5.0 (Windows NT 6.1; WOW64) AppleWebKit/537.31 (KHTML, like Gecko) Chrome/26.0.1410.5 Safari/537.31', '/develop/a/cms/category/save', 'POST', 'module=article&isAudit=0&sort=10&keywords=&tplConfig=&inList=1&inMenu=1&image=&office.id=1&id=30&office.name=北京市总公司&description=&name=公司&tplContent=&parent.id=1&target=&allowComment=0&showModes=2&href=&parent.name=顶级栏目', ''),
(154, '1', 1, '2013-08-23 16:52:34', '0:0:0:0:0:0:0:1', 'Mozilla/5.0 (Windows NT 6.1; WOW64) AppleWebKit/537.31 (KHTML, like Gecko) Chrome/26.0.1410.5 Safari/537.31', '/develop/a/cms/article/save', 'POST', 'tplConfig={currentId:0}&keywords=&weight=9&category.id=69&category.name=公司简介&articleData.copyfrom=&link=&_posidList=on&image=&articleData.allowComment=1&id=68&articleData.relation=&title=动易网络倾力打造网站建设名品牌&color=&description=动易网络倾力打造网站建设名品牌&articleData.content=\r\n	&nbsp;\r\n\r\n	广东动易网络科技有限公司（简称：动易网络，英文名：Dongyi Network Technology CO.,Ltd...&tplContent=frontViewArticle_page&weightDate=&createDate=2013-08-21 10:24:49&delFlag=0', ''),
(155, '1', 1, '2013-08-23 16:57:51', '0:0:0:0:0:0:0:1', 'Mozilla/5.0 (Windows NT 6.1; WOW64) AppleWebKit/537.31 (KHTML, like Gecko) Chrome/26.0.1410.5 Safari/537.31', '/develop/a/cms/article/save', 'POST', 'weight=0&keywords=&tplConfig={currentId:1}&category.id=32&category.name=业务&articleData.copyfrom=&link=&_posidList=on&image=&articleData.allowComment=1&id=85&articleData.relation=&title=动易业务体系&color=&description=&articleData.content=\r\n	&nbsp;\r\n\r\n	经过八年的拼搏与积累，动易已形成了产品研发与销售、网站建设与实施、网站技术外包、软...&tplContent=frontViewArticle_page&weightDate=&createDate=2013-08-23 16:35:10&delFlag=0', ''),
(156, '1', 1, '2013-08-23 17:02:05', '0:0:0:0:0:0:0:1', 'Mozilla/5.0 (Windows NT 6.1; WOW64) AppleWebKit/537.31 (KHTML, like Gecko) Chrome/26.0.1410.5 Safari/537.31', '/develop/a/cms/category/save', 'POST', 'module=article&isAudit=0&sort=30&keywords=&tplConfig=&inList=1&inMenu=0&image=&office.id=1&id=&office.name=北京市总公司&description=&name=政府机关&tplContent=&parent.id=34&target=&allowComment=0&showModes=0&href=&parent.name=解决方案', ''),
(157, '1', 1, '2013-08-23 17:02:17', '0:0:0:0:0:0:0:1', 'Mozilla/5.0 (Windows NT 6.1; WOW64) AppleWebKit/537.31 (KHTML, like Gecko) Chrome/26.0.1410.5 Safari/537.31', '/develop/a/cms/category/save', 'POST', 'module=article&isAudit=0&sort=30&keywords=&tplConfig=&inList=1&inMenu=0&image=&office.id=1&id=&office.name=北京市总公司&description=&name=教育科研&tplContent=&parent.id=34&target=&allowComment=0&showModes=0&href=&parent.name=解决方案', ''),
(158, '1', 1, '2013-08-23 17:02:26', '0:0:0:0:0:0:0:1', 'Mozilla/5.0 (Windows NT 6.1; WOW64) AppleWebKit/537.31 (KHTML, like Gecko) Chrome/26.0.1410.5 Safari/537.31', '/develop/a/cms/category/save', 'POST', 'module=article&isAudit=0&sort=30&keywords=&tplConfig=&inList=1&inMenu=0&image=&office.id=1&id=&office.name=北京市总公司&description=&name=电子商务&tplContent=&parent.id=34&target=&allowComment=0&showModes=0&href=&parent.name=解决方案', ''),
(159, '1', 1, '2013-08-23 17:02:34', '0:0:0:0:0:0:0:1', 'Mozilla/5.0 (Windows NT 6.1; WOW64) AppleWebKit/537.31 (KHTML, like Gecko) Chrome/26.0.1410.5 Safari/537.31', '/develop/a/cms/category/save', 'POST', 'module=article&isAudit=0&sort=30&keywords=&tplConfig=&inList=1&inMenu=0&image=&office.id=1&id=&office.name=北京市总公司&description=&name=企业展示&tplContent=&parent.id=34&target=&allowComment=0&showModes=0&href=&parent.name=解决方案', ''),
(160, '1', 1, '2013-08-23 17:02:42', '0:0:0:0:0:0:0:1', 'Mozilla/5.0 (Windows NT 6.1; WOW64) AppleWebKit/537.31 (KHTML, like Gecko) Chrome/26.0.1410.5 Safari/537.31', '/develop/a/cms/category/save', 'POST', 'module=article&isAudit=0&sort=30&keywords=&tplConfig=&inList=1&inMenu=0&image=&office.id=1&id=&office.name=北京市总公司&description=&name=新闻媒体&tplContent=&parent.id=34&target=&allowComment=0&showModes=0&href=&parent.name=解决方案', ''),
(161, '1', 1, '2013-08-23 17:02:50', '0:0:0:0:0:0:0:1', 'Mozilla/5.0 (Windows NT 6.1; WOW64) AppleWebKit/537.31 (KHTML, like Gecko) Chrome/26.0.1410.5 Safari/537.31', '/develop/a/cms/category/save', 'POST', 'module=article&isAudit=0&sort=30&keywords=&tplConfig=&inList=1&inMenu=0&image=&office.id=1&id=&office.name=北京市总公司&description=&name=行业门户&tplContent=&parent.id=34&target=&allowComment=0&showModes=0&href=&parent.name=解决方案', ''),
(162, '1', 1, '2013-08-23 17:02:58', '0:0:0:0:0:0:0:1', 'Mozilla/5.0 (Windows NT 6.1; WOW64) AppleWebKit/537.31 (KHTML, like Gecko) Chrome/26.0.1410.5 Safari/537.31', '/develop/a/cms/category/save', 'POST', 'module=article&isAudit=0&sort=30&keywords=&tplConfig=&inList=1&inMenu=0&image=&office.id=1&id=&office.name=北京市总公司&description=&name=短信通&tplContent=&parent.id=34&target=&allowComment=0&showModes=0&href=&parent.name=解决方案', ''),
(163, '1', 1, '2013-08-23 17:14:12', '0:0:0:0:0:0:0:1', 'Mozilla/5.0 (Windows NT 6.1; WOW64) AppleWebKit/537.31 (KHTML, like Gecko) Chrome/26.0.1410.5 Safari/537.31', '/develop/a/cms/category/save', 'POST', 'module=article&isAudit=0&sort=50&tplConfig=&keywords=&inList=1&inMenu=1&image=&office.id=1&id=34&office.name=北京市总公司&description=&name=解决方案&parent.id=1&tplContent=&target=&allowComment=0&showModes=0&href=&parent.name=顶级栏目', ''),
(164, '1', 1, '2013-08-23 17:24:00', '0:0:0:0:0:0:0:1', 'Mozilla/5.0 (Windows NT 6.1; WOW64) AppleWebKit/537.31 (KHTML, like Gecko) Chrome/26.0.1410.5 Safari/537.31', '/develop/a/cms/category/save', 'POST', 'module=article&isAudit=0&sort=50&tplConfig={descption:"　　PowerEasy® 系列软件产品是动易公司独立开发的互联网网站建设产品。包括SiteFactory 内...&keywords=&inList=1&inMenu=1&image=&office.id=1&id=34&office.name=北京市总公司&description=&name=解决方案&parent.id=1&tplContent=&target=&allowComment=0&showModes=0&href=&parent.name=顶级栏目', ''),
(165, '1', 1, '2013-08-23 17:32:02', '0:0:0:0:0:0:0:1', 'Mozilla/5.0 (Windows NT 6.1; WOW64) AppleWebKit/537.31 (KHTML, like Gecko) Chrome/26.0.1410.5 Safari/537.31', '/develop/a/cms/category/save', 'POST', 'module=article&isAudit=0&sort=50&keywords=&tplConfig={description:"　　PowerEasy® 系列软件产品是动易公司独立开发的互联网网站建设产品。包括SiteFactory ...&inList=1&inMenu=1&image=&office.id=1&id=34&office.name=北京市总公司&description=&name=解决方案&tplContent=&parent.id=1&target=&allowComment=0&showModes=0&href=&parent.name=顶级栏目', ''),
(166, '1', 1, '2013-08-23 20:56:43', '0:0:0:0:0:0:0:1', 'Mozilla/5.0 (Windows NT 6.1; WOW64) AppleWebKit/537.36 (KHTML, like Gecko) Chrome/29.0.1547.57 Safari/537.36', '/develop/a/cms/category/save', 'POST', 'module=article&isAudit=0&sort=50&keywords=&customContentView=&inList=1&inMenu=1&image=&office.id=1&id=34&customListView=&office.name=北京市总公司&description=&name=解决方案&parent.id=1&target=&allowComment=0&showModes=0&href=&viewConfig={description:"　　PowerEasy® 系列软件产品是动易公司独立开发的互联网网站建设产品。包括SiteFactory ...&parent.name=顶级栏目', ''),
(167, '1', 1, '2013-08-23 20:57:03', '0:0:0:0:0:0:0:1', 'Mozilla/5.0 (Windows NT 6.1; WOW64) AppleWebKit/537.36 (KHTML, like Gecko) Chrome/29.0.1547.57 Safari/537.36', '/develop/a/cms/article/save', 'POST', 'keywords=&weight=9&customContentView=frontViewArticle_page&category.id=69&category.name=公司简介&articleData.copyfrom=&link=&_posidList=on&image=&articleData.allowComment=1&id=68&articleData.relation=&title=动易网络倾力打造网站建设名品牌&color=&description=动易网络倾力打造网站建设名品牌&articleData.content=\r\n	&nbsp;\r\n\r\n	广东动易网络科技有限公司（简称：动易网络，英文名：Dongyi Network Technology CO.,Ltd...&weightDate=&createDate=2013-08-21 10:24:49&viewConfig={currentId:0}&delFlag=0', ''),
(168, '1', 1, '2013-08-23 20:58:22', '0:0:0:0:0:0:0:1', 'Mozilla/5.0 (Windows NT 6.1; WOW64) AppleWebKit/537.36 (KHTML, like Gecko) Chrome/29.0.1547.57 Safari/537.36', '/develop/a/cms/article/save', 'POST', 'keywords=&weight=9&customContentView=&category.id=69&category.name=公司简介&articleData.copyfrom=&link=&_posidList=on&image=&articleData.allowComment=1&id=68&articleData.relation=&title=动易网络倾力打造网站建设名品牌&color=&description=动易网络倾力打造网站建设名品牌&articleData.content=\r\n	&nbsp;\r\n\r\n	广东动易网络科技有限公司（简称：动易网络，英文名：Dongyi Network Technology CO.,Ltd...&weightDate=&createDate=2013-08-21 10:24:49&viewConfig={currentId:0}&delFlag=0', ''),
(169, '1', 1, '2013-08-23 20:58:44', '0:0:0:0:0:0:0:1', 'Mozilla/5.0 (Windows NT 6.1; WOW64) AppleWebKit/537.36 (KHTML, like Gecko) Chrome/29.0.1547.57 Safari/537.36', '/develop/a/cms/category/save', 'POST', 'module=article&isAudit=0&sort=1&keywords=&customContentView=frontViewArticle_page&inList=0&inMenu=0&image=&office.id=1&id=69&customListView=&office.name=北京市总公司&description=&name=公司简介&parent.id=30&target=&allowComment=0&showModes=2&href=&viewConfig=&parent.name=公司', ''),
(170, '2', 1, '2013-08-23 21:39:08', '0:0:0:0:0:0:0:1', 'Mozilla/5.0 (Windows NT 6.1; WOW64) AppleWebKit/537.36 (KHTML, like Gecko) Chrome/29.0.1547.57 Safari/537.36', '/develop/a/cms/article/', 'GET', 'category.id=39', 'java.lang.NullPointerException'),
(171, '1', 1, '2013-08-23 21:42:18', '0:0:0:0:0:0:0:1', 'Mozilla/5.0 (Windows NT 6.1; WOW64) AppleWebKit/537.36 (KHTML, like Gecko) Chrome/29.0.1547.57 Safari/537.36', '/develop/a/cms/article/save', 'POST', 'keywords=Jeesite&weight=9&customContentView=&category.id=39&category.name=首页轮换Banner&articleData.copyfrom=&link=&_posidList=on&image=/develop/userfiles/1/images/cms/article/2013/08/201307011818187193.jpg&articleData.allowComment=0&id=54&articleData.relation=&title=创新拥抱移动互联网 Jeesite 1.3 版本发布&color=&description=&articleData.content=\r\n	创新拥抱移动互联网 Jeesite 1.3 版本发布\r\n&weightDate=&createDate=2013-08-21 09:38:03&viewConfig=&delFlag=0', ''),
(172, '1', 1, '2013-08-23 21:48:32', '0:0:0:0:0:0:0:1', 'Mozilla/5.0 (Windows NT 6.1; WOW64) AppleWebKit/537.36 (KHTML, like Gecko) Chrome/29.0.1547.57 Safari/537.36', '/develop/a/cms/article/save', 'POST', 'keywords=Jeesite&weight=9&customContentView=&category.id=39&category.name=首页轮换Banner&articleData.copyfrom=&link=&_posidList=on&image=/develop/userfiles/1/images/cms/article/2013/08/201307011818187193.jpg&articleData.allowComment=0&id=54&articleData.relation=&title=创新拥抱移动互联网 Jeesite 1.3 版本发布&color=&description=&articleData.content=\r\n	创新拥抱移动互联网 Jeesite 1.3 版本发布\r\n&weightDate=&createDate=2013-08-21 09:38:03&viewConfig=&delFlag=0', ''),
(173, '1', 1, '2013-08-23 21:50:50', '0:0:0:0:0:0:0:1', 'Mozilla/5.0 (Windows NT 6.1; WOW64) AppleWebKit/537.36 (KHTML, like Gecko) Chrome/29.0.1547.57 Safari/537.36', '/develop/a/cms/article/save', 'POST', 'keywords=&weight=0&customContentView=&category.id=39&category.name=首页轮换Banner&articleData.copyfrom=&link=&_posidList=on&image=/develop/userfiles/1/images/cms/article/2013/08/201301031008107185.jpg&articleData.allowComment=1&id=60&articleData.relation=&title=专业、高效的流媒体平台解决方案&color=&description=&articleData.content=\r\n	专业、高效的流媒体平台解决方案\r\n&weightDate=&createDate=2013-08-21 09:42:15&viewConfig=&delFlag=0', ''),
(174, '1', 1, '2013-08-23 21:50:56', '0:0:0:0:0:0:0:1', 'Mozilla/5.0 (Windows NT 6.1; WOW64) AppleWebKit/537.36 (KHTML, like Gecko) Chrome/29.0.1547.57 Safari/537.36', '/develop/a/cms/article/save', 'POST', 'weight=0&keywords=&customContentView=&category.id=39&category.name=首页轮换Banner&articleData.copyfrom=&link=&_posidList=on&image=/develop/userfiles/1/images/cms/article/2013/08/201207021347521513.jpg&articleData.allowComment=1&id=59&articleData.relation=&title=启智未来，移动掌握！动易移动客户端解决方案正式发布&color=&description=&articleData.content=\r\n	启智未来，移动掌握！动易移动客户端解决方案正式发布\r\n&weightDate=&createDate=2013-08-21 09:41:53&viewConfig=&delFlag=0', ''),
(175, '1', 1, '2013-08-23 21:51:00', '0:0:0:0:0:0:0:1', 'Mozilla/5.0 (Windows NT 6.1; WOW64) AppleWebKit/537.36 (KHTML, like Gecko) Chrome/29.0.1547.57 Safari/537.36', '/develop/a/cms/article/save', 'POST', 'weight=0&keywords=&customContentView=&category.id=39&category.name=首页轮换Banner&articleData.copyfrom=&link=&_posidList=on&image=/develop/userfiles/1/images/cms/article/2013/08/201201111226068806.jpg&articleData.allowComment=1&id=58&articleData.relation=&title=医院网站管理系统&color=&description=&articleData.content=\r\n	医院网站管理系统\r\n&weightDate=&createDate=2013-08-21 09:41:23&viewConfig=&delFlag=0', ''),
(176, '1', 1, '2013-08-23 21:51:07', '0:0:0:0:0:0:0:1', 'Mozilla/5.0 (Windows NT 6.1; WOW64) AppleWebKit/537.36 (KHTML, like Gecko) Chrome/29.0.1547.57 Safari/537.36', '/develop/a/cms/article/save', 'POST', 'weight=0&keywords=&customContentView=&category.id=39&category.name=首页轮换Banner&articleData.copyfrom=&link=&_posidList=on&image=/develop/userfiles/1/images/cms/article/2013/08/201201111459493401.jpg&articleData.allowComment=1&id=57&articleData.relation=&title=校庆网站管理系统&color=&description=&articleData.content=\r\n	校庆网站管理系统\r\n&weightDate=&createDate=2013-08-21 09:40:46&viewConfig=&delFlag=0', ''),
(177, '1', 1, '2013-08-23 21:51:12', '0:0:0:0:0:0:0:1', 'Mozilla/5.0 (Windows NT 6.1; WOW64) AppleWebKit/537.36 (KHTML, like Gecko) Chrome/29.0.1547.57 Safari/537.36', '/develop/a/cms/article/save', 'POST', 'weight=0&keywords=&customContentView=&category.id=39&category.name=首页轮换Banner&articleData.copyfrom=&link=&_posidList=on&image=/develop/userfiles/1/images/cms/article/2013/08/201201111515299885.jpg&articleData.allowComment=0&id=56&articleData.relation=&title=热烈祝贺动易荣获政府网站建设值得信赖奖&color=&description=&articleData.content=\r\n	热烈祝贺动易荣获政府网站建设值得信赖奖\r\n&weightDate=&createDate=2013-08-21 09:40:09&viewConfig=&delFlag=0', ''),
(178, '1', 1, '2013-08-23 21:51:16', '0:0:0:0:0:0:0:1', 'Mozilla/5.0 (Windows NT 6.1; WOW64) AppleWebKit/537.36 (KHTML, like Gecko) Chrome/29.0.1547.57 Safari/537.36', '/develop/a/cms/article/save', 'POST', 'weight=0&keywords=&customContentView=&category.id=39&category.name=首页轮换Banner&articleData.copyfrom=&link=&_posidList=on&image=/develop/userfiles/1/images/cms/article/2013/08/201112171520267762.jpg&articleData.allowComment=0&id=55&articleData.relation=&title=有思维的第三代网站&color=&description=&articleData.content=\r\n	有思维的第三代网站\r\n&weightDate=&createDate=2013-08-21 09:39:49&viewConfig=&delFlag=0', ''),
(179, '1', 1, '2013-08-23 21:51:24', '0:0:0:0:0:0:0:1', 'Mozilla/5.0 (Windows NT 6.1; WOW64) AppleWebKit/537.36 (KHTML, like Gecko) Chrome/29.0.1547.57 Safari/537.36', '/develop/a/cms/article/save', 'POST', 'weight=5&keywords=&customContentView=&category.id=40&category.name=首页静态Banner&articleData.copyfrom=&link=&_posidList=on&image=/develop/userfiles/1/images/cms/article/2013/08/sidePic-dsd.jpg&articleData.allowComment=1&id=61&articleData.relation=&title=&ldquo;第三代网站&quot;介绍&color=&description=&articleData.content=\r\n	&ldquo;第三代网站&quot;介绍\r\n&weightDate=&createDate=2013-08-21 10:04:04&viewConfig=&delFlag=0', ''),
(180, '1', 1, '2013-08-23 21:51:29', '0:0:0:0:0:0:0:1', 'Mozilla/5.0 (Windows NT 6.1; WOW64) AppleWebKit/537.36 (KHTML, like Gecko) Chrome/29.0.1547.57 Safari/537.36', '/develop/a/cms/article/save', 'POST', 'weight=0&keywords=&customContentView=&category.id=40&category.name=首页静态Banner&articleData.copyfrom=&link=&_posidList=on&image=/develop/userfiles/1/images/cms/article/2013/08/sidePic-cmmi.jpg&articleData.allowComment=1&id=62&articleData.relation=&title=专业成就卓越 动易通过CMMI3&color=&description=&articleData.content=\r\n	&nbsp;\r\n\r\n	专业成就卓越 动易通过CMMI3\r\n&weightDate=&createDate=2013-08-21 10:04:30&viewConfig=&delFlag=0', ''),
(181, '1', 1, '2013-08-23 21:51:37', '0:0:0:0:0:0:0:1', 'Mozilla/5.0 (Windows NT 6.1; WOW64) AppleWebKit/537.36 (KHTML, like Gecko) Chrome/29.0.1547.57 Safari/537.36', '/develop/a/cms/article/save', 'POST', 'weight=0&keywords=&customContentView=&category.id=59&category.name=子页静态Banner&articleData.copyfrom=&link=&_posidList=on&image=/develop/userfiles/1/images/cms/article/2013/08/bannerS-cmmi.jpg&articleData.allowComment=1&id=84&articleData.relation=&title=专业成就卓越 动易通过CMMI3&color=&description=&articleData.content=\r\n	&nbsp;\r\n\r\n	专业成就卓越 动易通过CMMI3\r\n&weightDate=&createDate=2013-08-21 17:09:37&viewConfig=&delFlag=0', ''),
(182, '1', 1, '2013-08-23 22:00:01', '0:0:0:0:0:0:0:1', 'Mozilla/5.0 (Windows NT 6.1; WOW64) AppleWebKit/537.36 (KHTML, like Gecko) Chrome/29.0.1547.57 Safari/537.36', '/develop/a/cms/article/save', 'POST', 'keywords=&weight=0&customContentView=&category.id=42&category.name=公司动态&articleData.copyfrom=&link=&_posidList=on&image=/develop/userfiles/1/images/cms/article/2013/08/banner-media.jpg&articleData.allowComment=1&id=83&articleData.relation=&title=动易视频产品正式发布 推专业流媒体平台&color=&description=&articleData.content=\r\n	&nbsp;\r\n\r\n	动易视频产品正式发布 推专业流媒体平台\r\n&weightDate=&createDate=2013-08-21 16:40:37&viewConfig=&delFlag=0', ''),
(183, '1', 1, '2013-08-23 22:00:10', '0:0:0:0:0:0:0:1', 'Mozilla/5.0 (Windows NT 6.1; WOW64) AppleWebKit/537.36 (KHTML, like Gecko) Chrome/29.0.1547.57 Safari/537.36', '/develop/a/cms/article/save', 'POST', 'keywords=&weight=0&customContentView=&category.id=42&category.name=公司动态&articleData.copyfrom=&link=&_posidList=on&image=/develop/userfiles/1/images/cms/article/2013/08/banner-disandai.jpg&articleData.allowComment=1&id=82&articleData.relation=&title=动易协同办公与知识共享平台正式发布&color=&description=&articleData.content=\r\n	&nbsp;\r\n\r\n	动易协同办公与知识共享平台正式发布\r\n&weightDate=&createDate=2013-08-21 16:40:21&viewConfig=&delFlag=0', ''),
(184, '1', 1, '2013-08-23 22:00:16', '0:0:0:0:0:0:0:1', 'Mozilla/5.0 (Windows NT 6.1; WOW64) AppleWebKit/537.36 (KHTML, like Gecko) Chrome/29.0.1547.57 Safari/537.36', '/develop/a/cms/article/save', 'POST', 'weight=0&keywords=&customContentView=&category.id=42&category.name=公司动态&articleData.copyfrom=&link=&_posidList=on&image=/develop/userfiles/1/images/cms/article/2013/08/banner-wenjian.jpg&articleData.allowComment=1&id=81&articleData.relation=&title=动易文件服务器管理系统正式发布&color=&description=&articleData.content=\r\n	&nbsp;\r\n\r\n	动易文件服务器管理系统正式发布\r\n&weightDate=&createDate=2013-08-21 16:39:53&viewConfig=&delFlag=0', ''),
(185, '1', 1, '2013-08-23 22:00:22', '0:0:0:0:0:0:0:1', 'Mozilla/5.0 (Windows NT 6.1; WOW64) AppleWebKit/537.36 (KHTML, like Gecko) Chrome/29.0.1547.57 Safari/537.36', '/develop/a/cms/article/save', 'POST', 'weight=0&keywords=&customContentView=&category.id=42&category.name=公司动态&articleData.copyfrom=&link=&_posidList=on&image=/develop/userfiles/1/images/cms/article/2013/08/banner-Smartgov.jpg&articleData.allowComment=1&id=80&articleData.relation=&title=动易&reg; 政府网站管理系统&color=&description=&articleData.content=\r\n	动易&reg;&nbsp;政府网站管理系统\r\n&weightDate=&createDate=2013-08-21 16:39:05&viewConfig=&delFlag=0', ''),
(186, '1', 1, '2013-08-23 22:00:28', '0:0:0:0:0:0:0:1', 'Mozilla/5.0 (Windows NT 6.1; WOW64) AppleWebKit/537.36 (KHTML, like Gecko) Chrome/29.0.1547.57 Safari/537.36', '/develop/a/cms/article/save', 'POST', 'weight=0&keywords=&customContentView=&category.id=42&category.name=公司动态&articleData.copyfrom=&link=&_posidList=on&image=/develop/userfiles/1/images/cms/article/2013/08/banner-SmargSchool.jpg&articleData.allowComment=1&id=79&articleData.relation=&title=动易&reg; SmartSchool&reg; 学校网站管理系统&color=&description=&articleData.content=\r\n	动易&reg;&nbsp;SmartSchool&reg;&nbsp;学校网站管理系统\r\n&weightDate=&createDate=2013-08-21 16:38:41&viewConfig=&delFlag=0', ''),
(187, '1', 1, '2013-08-23 22:00:45', '0:0:0:0:0:0:0:1', 'Mozilla/5.0 (Windows NT 6.1; WOW64) AppleWebKit/537.36 (KHTML, like Gecko) Chrome/29.0.1547.57 Safari/537.36', '/develop/a/cms/article/save', 'POST', 'weight=0&keywords=&customContentView=&category.id=42&category.name=公司动态&articleData.copyfrom=&link=&_posidList=on&image=/develop/userfiles/1/images/cms/article/2013/08/banner-HMS.jpg&articleData.allowComment=1&id=77&articleData.relation=&title=第三代医院网站信息化平台解决方案&color=&description=&articleData.content=\r\n	第三代医院网站信息化平台解决方案\r\n&weightDate=&createDate=2013-08-21 16:36:24&viewConfig=&delFlag=0', '');
INSERT INTO `sys_log` (`id`, `type`, `create_by`, `create_date`, `remote_addr`, `user_agent`, `request_uri`, `method`, `params`, `exception`) VALUES
(188, '1', 1, '2013-08-23 22:00:55', '0:0:0:0:0:0:0:1', 'Mozilla/5.0 (Windows NT 6.1; WOW64) AppleWebKit/537.36 (KHTML, like Gecko) Chrome/29.0.1547.57 Safari/537.36', '/develop/a/cms/article/save', 'POST', 'keywords=&weight=0&customContentView=&category.id=42&category.name=公司动态&articleData.copyfrom=&link=&_posidList=on&image=/develop/userfiles/1/images/cms/article/2013/08/banner-media.jpg&articleData.allowComment=1&id=83&articleData.relation=&title=动易视频产品正式发布 推专业流媒体平台&color=&description=&articleData.content=\r\n	&nbsp;\r\n\r\n	动易视频产品正式发布 推专业流媒体平台\r\n&weightDate=&createDate=2013-08-21 16:40:37&viewConfig=&delFlag=0', ''),
(189, '1', 1, '2013-08-23 22:00:59', '0:0:0:0:0:0:0:1', 'Mozilla/5.0 (Windows NT 6.1; WOW64) AppleWebKit/537.36 (KHTML, like Gecko) Chrome/29.0.1547.57 Safari/537.36', '/develop/a/cms/article/save', 'POST', 'keywords=&weight=0&customContentView=&category.id=42&category.name=公司动态&articleData.copyfrom=&link=&_posidList=on&image=/develop/userfiles/1/images/cms/article/2013/08/banner-SiteGroup.jpg&articleData.allowComment=1&id=78&articleData.relation=&title=动易&reg; 站群管理系统&color=&description=&articleData.content=\r\n	动易&reg;&nbsp;站群管理系统\r\n&weightDate=&createDate=2013-08-21 16:38:05&viewConfig=&delFlag=0', ''),
(190, '1', 1, '2013-08-23 22:01:03', '0:0:0:0:0:0:0:1', 'Mozilla/5.0 (Windows NT 6.1; WOW64) AppleWebKit/537.36 (KHTML, like Gecko) Chrome/29.0.1547.57 Safari/537.36', '/develop/a/cms/article/save', 'POST', 'weight=0&keywords=&customContentView=&category.id=42&category.name=公司动态&articleData.copyfrom=&link=&_posidList=on&image=&articleData.allowComment=1&id=71&articleData.relation=&title=动易公司2013年端午节放假通知&color=&description=&articleData.content=\r\n	&nbsp;\r\n\r\n	各位尊敬的动易用户：\r\n	\r\n	　　根据《国务院关于2013年部分节假日安排的通知》中的相关...&weightDate=&createDate=2013-08-21 10:33:13&viewConfig=&delFlag=0', ''),
(191, '1', 1, '2013-08-23 22:01:07', '0:0:0:0:0:0:0:1', 'Mozilla/5.0 (Windows NT 6.1; WOW64) AppleWebKit/537.36 (KHTML, like Gecko) Chrome/29.0.1547.57 Safari/537.36', '/develop/a/cms/article/save', 'POST', 'weight=0&keywords=&customContentView=&category.id=42&category.name=公司动态&articleData.copyfrom=&link=&_posidList=on&image=&articleData.allowComment=1&id=70&articleData.relation=&title=大数据与智慧政府门户建设培训班圆满召开&color=&description=&articleData.content=\r\n	&nbsp;\r\n\r\n	2013年6月7日，由国家信息中心信息化研究部、国家信息中心网络政府研究中心（简称网研中...&weightDate=&createDate=2013-08-21 10:29:31&viewConfig=&delFlag=0', '');

-- --------------------------------------------------------

--
-- 表的结构 `sys_mdict`
--

CREATE TABLE IF NOT EXISTS `sys_mdict` (
  `id` bigint(20) NOT NULL AUTO_INCREMENT COMMENT '编号',
  `parent_id` bigint(20) NOT NULL COMMENT '父级编号',
  `parent_ids` varchar(255) NOT NULL COMMENT '所有父级编号',
  `name` varchar(100) NOT NULL COMMENT '角色名称',
  `description` varchar(100) DEFAULT NULL COMMENT '描述',
  `sort` int(11) DEFAULT NULL COMMENT '排序（升序）',
  `create_by` bigint(20) DEFAULT NULL COMMENT '创建者',
  `create_date` datetime DEFAULT NULL COMMENT '创建时间',
  `update_by` bigint(20) DEFAULT NULL COMMENT '更新者',
  `update_date` datetime DEFAULT NULL COMMENT '更新时间',
  `remarks` varchar(255) DEFAULT NULL COMMENT '备注信息',
  `del_flag` char(1) NOT NULL DEFAULT '0' COMMENT '删除标记（0：正常；1：删除）',
  PRIMARY KEY (`id`),
  KEY `sys_mdict_parent_id` (`parent_id`),
  KEY `sys_mdict_parent_ids` (`parent_ids`),
  KEY `sys_mdict_del_flag` (`del_flag`)
) ENGINE=InnoDB DEFAULT CHARSET=utf8 COMMENT='区域表' AUTO_INCREMENT=1 ;

-- --------------------------------------------------------

--
-- 表的结构 `sys_menu`
--

CREATE TABLE IF NOT EXISTS `sys_menu` (
  `id` bigint(20) NOT NULL AUTO_INCREMENT COMMENT '编号',
  `parent_id` bigint(20) NOT NULL COMMENT '父级编号',
  `parent_ids` varchar(255) NOT NULL COMMENT '所有父级编号',
  `name` varchar(100) NOT NULL COMMENT '菜单名称',
  `href` varchar(255) DEFAULT NULL COMMENT '链接',
  `target` varchar(20) DEFAULT NULL COMMENT '目标（mainFrame、 _blank、_self、_parent、_top）',
  `icon` varchar(100) DEFAULT NULL COMMENT '图标',
  `sort` int(11) NOT NULL COMMENT '排序（升序）',
  `is_show` char(1) NOT NULL COMMENT '是否在菜单中显示（1：显示；0：不显示）',
  `permission` varchar(200) DEFAULT NULL COMMENT '权限标识',
  `create_by` bigint(20) DEFAULT NULL COMMENT '创建者',
  `create_date` datetime DEFAULT NULL COMMENT '创建时间',
  `update_by` bigint(20) DEFAULT NULL COMMENT '更新者',
  `update_date` datetime DEFAULT NULL COMMENT '更新时间',
  `remarks` varchar(255) DEFAULT NULL COMMENT '备注信息',
  `del_flag` char(1) NOT NULL DEFAULT '0' COMMENT '删除标记（0：正常；1：删除）',
  PRIMARY KEY (`id`),
  KEY `sys_menu_parent_id` (`parent_id`),
  KEY `sys_menu_parent_ids` (`parent_ids`),
  KEY `sys_menu_del_flag` (`del_flag`)
) ENGINE=InnoDB  DEFAULT CHARSET=utf8 COMMENT='菜单表' AUTO_INCREMENT=70 ;

--
-- 转存表中的数据 `sys_menu`
--

INSERT INTO `sys_menu` (`id`, `parent_id`, `parent_ids`, `name`, `href`, `target`, `icon`, `sort`, `is_show`, `permission`, `create_by`, `create_date`, `update_by`, `update_date`, `remarks`, `del_flag`) VALUES
(1, 0, '0,', '顶级菜单', NULL, NULL, NULL, 0, '1', NULL, 1, '2013-05-27 08:00:00', 1, '2013-05-27 08:00:00', NULL, '0'),
(2, 1, '0,1,', '系统设置', NULL, NULL, NULL, 900, '1', NULL, 1, '2013-05-27 08:00:00', 1, '2013-05-27 08:00:00', NULL, '0'),
(3, 2, '0,1,2,', '系统设置', NULL, NULL, NULL, 980, '1', NULL, 1, '2013-05-27 08:00:00', 1, '2013-05-27 08:00:00', NULL, '0'),
(4, 3, '0,1,2,3,', '菜单管理', '/sys/menu/', NULL, 'list-alt', 30, '1', NULL, 1, '2013-05-27 08:00:00', 1, '2013-05-27 08:00:00', NULL, '0'),
(5, 4, '0,1,2,3,4,', '查看', NULL, NULL, NULL, 30, '0', 'sys:menu:view', 1, '2013-05-27 08:00:00', 1, '2013-05-27 08:00:00', NULL, '0'),
(6, 4, '0,1,2,3,4,', '修改', NULL, NULL, NULL, 30, '0', 'sys:menu:edit', 1, '2013-05-27 08:00:00', 1, '2013-05-27 08:00:00', NULL, '0'),
(7, 3, '0,1,2,3,', '角色管理', '/sys/role/', NULL, 'lock', 50, '1', NULL, 1, '2013-05-27 08:00:00', 1, '2013-05-27 08:00:00', NULL, '0'),
(8, 7, '0,1,2,3,7,', '查看', NULL, NULL, NULL, 30, '0', 'sys:role:view', 1, '2013-05-27 08:00:00', 1, '2013-05-27 08:00:00', NULL, '0'),
(9, 7, '0,1,2,3,7,', '修改', NULL, NULL, NULL, 30, '0', 'sys:role:edit', 1, '2013-05-27 08:00:00', 1, '2013-05-27 08:00:00', NULL, '0'),
(10, 3, '0,1,2,3,', '字典管理', '/sys/dict/', NULL, 'th-list', 60, '1', NULL, 1, '2013-05-27 08:00:00', 1, '2013-05-27 08:00:00', NULL, '0'),
(11, 10, '0,1,2,3,10,', '查看', NULL, NULL, NULL, 30, '0', 'sys:dict:view', 1, '2013-05-27 08:00:00', 1, '2013-05-27 08:00:00', NULL, '0'),
(12, 10, '0,1,2,3,10,', '修改', NULL, NULL, NULL, 30, '0', 'sys:dict:edit', 1, '2013-05-27 08:00:00', 1, '2013-05-27 08:00:00', NULL, '0'),
(13, 2, '0,1,2,', '机构用户', NULL, NULL, NULL, 970, '1', NULL, 1, '2013-05-27 08:00:00', 1, '2013-05-27 08:00:00', NULL, '0'),
(14, 13, '0,1,2,13,', '区域管理', '/sys/area/', NULL, 'th', 50, '1', NULL, 1, '2013-05-27 08:00:00', 1, '2013-05-27 08:00:00', NULL, '0'),
(15, 14, '0,1,2,13,14,', '查看', NULL, NULL, NULL, 30, '0', 'sys:area:view', 1, '2013-05-27 08:00:00', 1, '2013-05-27 08:00:00', NULL, '0'),
(16, 14, '0,1,2,13,14,', '修改', NULL, NULL, NULL, 30, '0', 'sys:area:edit', 1, '2013-05-27 08:00:00', 1, '2013-05-27 08:00:00', NULL, '0'),
(17, 13, '0,1,2,13,', '机构管理', '/sys/office/', NULL, 'th-large', 40, '1', NULL, 1, '2013-05-27 08:00:00', 1, '2013-05-27 08:00:00', NULL, '0'),
(18, 17, '0,1,2,13,17,', '查看', NULL, NULL, NULL, 30, '0', 'sys:office:view', 1, '2013-05-27 08:00:00', 1, '2013-05-27 08:00:00', NULL, '0'),
(19, 17, '0,1,2,13,17,', '修改', NULL, NULL, NULL, 30, '0', 'sys:office:edit', 1, '2013-05-27 08:00:00', 1, '2013-05-27 08:00:00', NULL, '0'),
(20, 13, '0,1,2,13,', '用户管理', '/sys/user/', NULL, 'user', 30, '1', NULL, 1, '2013-05-27 08:00:00', 1, '2013-05-27 08:00:00', NULL, '0'),
(21, 20, '0,1,2,13,20,', '查看', NULL, NULL, NULL, 30, '0', 'sys:user:view', 1, '2013-05-27 08:00:00', 1, '2013-05-27 08:00:00', NULL, '0'),
(22, 20, '0,1,2,13,20,', '修改', NULL, NULL, NULL, 30, '0', 'sys:user:edit', 1, '2013-05-27 08:00:00', 1, '2013-05-27 08:00:00', NULL, '0'),
(23, 2, '0,1,2,', '关于帮助', NULL, NULL, NULL, 990, '1', NULL, 1, '2013-05-27 08:00:00', 1, '2013-05-27 08:00:00', NULL, '0'),
(24, 23, '0,1,2,23', '项目首页', 'http://jeesite.com', '_blank', NULL, 30, '1', NULL, 1, '2013-05-27 08:00:00', 1, '2013-05-27 08:00:00', NULL, '0'),
(25, 23, '0,1,2,23', '项目维基', 'https://github.com/thinkgem/jeesite/wiki', '_blank', NULL, 50, '1', NULL, 1, '2013-05-27 08:00:00', 1, '2013-05-27 08:00:00', NULL, '0'),
(26, 23, '0,1,2,23', '问题反馈', 'https://github.com/thinkgem/jeesite/issues/new', '_blank', NULL, 80, '1', NULL, 1, '2013-05-27 08:00:00', 1, '2013-05-27 08:00:00', NULL, '0'),
(27, 1, '0,1,', '我的面板', NULL, NULL, NULL, 100, '1', NULL, 1, '2013-05-27 08:00:00', 1, '2013-05-27 08:00:00', NULL, '0'),
(28, 27, '0,1,27,', '个人信息', NULL, NULL, NULL, 990, '1', NULL, 1, '2013-05-27 08:00:00', 1, '2013-05-27 08:00:00', NULL, '0'),
(29, 28, '0,1,27,28,', '个人信息', '/sys/user/info', NULL, 'user', 30, '1', NULL, 1, '2013-05-27 08:00:00', 1, '2013-05-27 08:00:00', NULL, '0'),
(30, 28, '0,1,27,28,', '修改密码', '/sys/user/modifyPwd', NULL, 'lock', 40, '1', NULL, 1, '2013-05-27 08:00:00', 1, '2013-05-27 08:00:00', NULL, '0'),
(31, 1, '0,1,', '内容管理', NULL, NULL, NULL, 500, '1', NULL, 1, '2013-05-27 08:00:00', 1, '2013-05-27 08:00:00', NULL, '0'),
(32, 31, '0,1,31,', '栏目设置', NULL, NULL, NULL, 990, '1', NULL, 1, '2013-05-27 08:00:00', 1, '2013-05-27 08:00:00', NULL, '0'),
(33, 32, '0,1,31,32', '栏目管理', '/cms/category/', NULL, 'align-justify', 30, '1', NULL, 1, '2013-05-27 08:00:00', 1, '2013-05-27 08:00:00', NULL, '0'),
(34, 33, '0,1,31,32,33,', '查看', NULL, NULL, NULL, 30, '0', 'cms:category:view', 1, '2013-05-27 08:00:00', 1, '2013-05-27 08:00:00', NULL, '0'),
(35, 33, '0,1,31,32,33,', '修改', NULL, NULL, NULL, 30, '0', 'cms:category:edit', 1, '2013-05-27 08:00:00', 1, '2013-05-27 08:00:00', NULL, '0'),
(36, 32, '0,1,31,32', '站点设置', '/cms/site/', NULL, 'certificate', 40, '1', NULL, 1, '2013-05-27 08:00:00', 1, '2013-05-27 08:00:00', NULL, '0'),
(37, 36, '0,1,31,32,36,', '查看', NULL, NULL, NULL, 30, '0', 'cms:site:view', 1, '2013-05-27 08:00:00', 1, '2013-05-27 08:00:00', NULL, '0'),
(38, 36, '0,1,31,32,36,', '修改', NULL, NULL, NULL, 30, '0', 'cms:site:edit', 1, '2013-05-27 08:00:00', 1, '2013-05-27 08:00:00', NULL, '0'),
(39, 32, '0,1,31,32', '切换站点', '/cms/site/select', NULL, 'retweet', 50, '1', 'cms:site:select', 1, '2013-05-27 08:00:00', 1, '2013-05-27 08:00:00', NULL, '0'),
(40, 31, '0,1,31,', '内容管理', NULL, NULL, NULL, 500, '1', 'cms:view', 1, '2013-05-27 08:00:00', 1, '2013-05-27 08:00:00', NULL, '0'),
(41, 40, '0,1,31,40,', '内容发布', '/cms/', NULL, 'briefcase', 30, '1', NULL, 1, '2013-05-27 08:00:00', 1, '2013-05-27 08:00:00', NULL, '0'),
(42, 41, '0,1,31,40,41,', '文章模型', '/cms/article/', NULL, 'file', 40, '0', NULL, 1, '2013-05-27 08:00:00', 1, '2013-05-27 08:00:00', NULL, '0'),
(43, 42, '0,1,31,40,41,42,', '查看', NULL, NULL, NULL, 30, '0', 'cms:article:view', 1, '2013-05-27 08:00:00', 1, '2013-05-27 08:00:00', NULL, '0'),
(44, 42, '0,1,31,40,41,42,', '修改', NULL, NULL, NULL, 30, '0', 'cms:article:edit', 1, '2013-05-27 08:00:00', 1, '2013-05-27 08:00:00', NULL, '0'),
(45, 42, '0,1,31,40,41,42,', '审核', NULL, NULL, NULL, 30, '0', 'cms:article:audit', 1, '2013-05-27 08:00:00', 1, '2013-05-27 08:00:00', NULL, '0'),
(46, 41, '0,1,31,40,41,', '链接模型', '/cms/link/', NULL, 'random', 60, '0', NULL, 1, '2013-05-27 08:00:00', 1, '2013-05-27 08:00:00', NULL, '0'),
(47, 46, '0,1,31,40,41,46,', '查看', NULL, NULL, NULL, 30, '0', 'cms:link:view', 1, '2013-05-27 08:00:00', 1, '2013-05-27 08:00:00', NULL, '0'),
(48, 46, '0,1,31,40,41,46,', '修改', NULL, NULL, NULL, 30, '0', 'cms:link:edit', 1, '2013-05-27 08:00:00', 1, '2013-05-27 08:00:00', NULL, '0'),
(49, 46, '0,1,31,40,41,46,', '审核', NULL, NULL, NULL, 30, '0', 'cms:link:audit', 1, '2013-05-27 08:00:00', 1, '2013-05-27 08:00:00', NULL, '0'),
(50, 40, '0,1,31,40,', '评论管理', '/cms/comment/?status=2', NULL, 'comment', 40, '1', NULL, 1, '2013-05-27 08:00:00', 1, '2013-05-27 08:00:00', NULL, '0'),
(51, 50, '0,1,31,40,50,', '查看', NULL, NULL, NULL, 30, '0', 'cms:comment:view', 1, '2013-05-27 08:00:00', 1, '2013-05-27 08:00:00', NULL, '0'),
(52, 50, '0,1,31,40,50,', '审核', NULL, NULL, NULL, 30, '0', 'cms:comment:edit', 1, '2013-05-27 08:00:00', 1, '2013-05-27 08:00:00', NULL, '0'),
(53, 40, '0,1,31,40,', '公共留言', '/cms/guestbook/?status=2', NULL, 'glass', 80, '1', NULL, 1, '2013-05-27 08:00:00', 1, '2013-05-27 08:00:00', NULL, '0'),
(54, 53, '0,1,31,40,53,', '查看', NULL, NULL, NULL, 30, '0', 'cms:guestbook:view', 1, '2013-05-27 08:00:00', 1, '2013-05-27 08:00:00', NULL, '0'),
(55, 53, '0,1,31,40,53,', '审核', NULL, NULL, NULL, 30, '0', 'cms:guestbook:edit', 1, '2013-05-27 08:00:00', 1, '2013-05-27 08:00:00', NULL, '0'),
(56, 40, '0,1,31,40,', '文件管理', '/../static/ckfinder/ckfinder.html', NULL, 'folder-open', 90, '1', NULL, 1, '2013-05-27 08:00:00', 1, '2013-05-27 08:00:00', NULL, '0'),
(57, 56, '0,1,31,40,56,', '查看', NULL, NULL, NULL, 30, '0', 'cms:ckfinder:view', 1, '2013-05-27 08:00:00', 1, '2013-05-27 08:00:00', NULL, '0'),
(58, 56, '0,1,31,40,56,', '上传', NULL, NULL, NULL, 30, '0', 'cms:ckfinder:upload', 1, '2013-05-27 08:00:00', 1, '2013-05-27 08:00:00', NULL, '0'),
(59, 56, '0,1,31,40,56,', '修改', NULL, NULL, NULL, 30, '0', 'cms:ckfinder:edit', 1, '2013-05-27 08:00:00', 1, '2013-05-27 08:00:00', NULL, '0'),
(60, 31, '0,1,31,', '统计分析', NULL, NULL, NULL, 600, '1', NULL, 1, '2013-05-27 08:00:00', 1, '2013-05-27 08:00:00', NULL, '0'),
(61, 60, '0,1,31,60,', '信息量统计', '/cms/stats/article', NULL, 'tasks', 30, '1', 'cms:stats:article', 1, '2013-05-27 08:00:00', 1, '2013-05-27 08:00:00', NULL, '0'),
(62, 1, '0,1,', '在线办公', NULL, NULL, NULL, 200, '1', NULL, 1, '2013-05-27 08:00:00', 1, '2013-05-27 08:00:00', NULL, '0'),
(63, 62, '0,1,62,', '个人办公', NULL, NULL, NULL, 30, '1', NULL, 1, '2013-05-27 08:00:00', 1, '2013-05-27 08:00:00', NULL, '0'),
(64, 63, '0,1,62,63,', '请假办理', '/oa/leave', NULL, 'leaf', 30, '1', NULL, 1, '2013-05-27 08:00:00', 1, '2013-05-27 08:00:00', NULL, '0'),
(65, 64, '0,1,62,63,64,', '查看', NULL, NULL, NULL, 30, '0', 'oa:leave:view', 1, '2013-05-27 08:00:00', 1, '2013-05-27 08:00:00', NULL, '0'),
(66, 64, '0,1,62,63,64,', '修改', NULL, NULL, NULL, 30, '0', 'oa:leave:edit', 1, '2013-05-27 08:00:00', 1, '2013-05-27 08:00:00', NULL, '0'),
(67, 2, '0,1,2,', '日志查询', NULL, NULL, NULL, 985, '1', NULL, 1, '2013-06-03 08:00:00', 1, '2013-06-03 08:00:00', NULL, '0'),
(68, 67, '0,1,2,67,', '日志查询', '/sys/log', NULL, 'pencil', 30, '1', 'sys:log:view', 1, '2013-06-03 08:00:00', 1, '2013-06-03 08:00:00', NULL, '0'),
(69, 42, '0,1,31,40,41,42,', '特权', '', '', '', 30, '0', 'cms:article:privilege', 1, '2013-08-22 16:31:00', 1, '2013-08-22 16:31:00', NULL, '0');

-- --------------------------------------------------------

--
-- 表的结构 `sys_office`
--

CREATE TABLE IF NOT EXISTS `sys_office` (
  `id` bigint(20) NOT NULL AUTO_INCREMENT COMMENT '编号',
  `parent_id` bigint(20) NOT NULL COMMENT '父级编号',
  `parent_ids` varchar(255) NOT NULL COMMENT '所有父级编号',
  `area_id` bigint(20) NOT NULL COMMENT '归属区域',
  `code` varchar(100) DEFAULT NULL COMMENT '区域编码',
  `name` varchar(100) NOT NULL COMMENT '机构名称',
  `type` char(1) NOT NULL COMMENT '机构类型（1：公司；2：部门；3：小组）',
  `grade` char(1) NOT NULL COMMENT '机构等级（1：一级；2：二级；3：三级；4：四级）',
  `address` varchar(255) DEFAULT NULL COMMENT '联系地址',
  `zip_code` varchar(100) DEFAULT NULL COMMENT '邮政编码',
  `master` varchar(100) DEFAULT NULL COMMENT '负责人',
  `phone` varchar(200) DEFAULT NULL COMMENT '电话',
  `fax` varchar(200) DEFAULT NULL COMMENT '传真',
  `email` varchar(200) DEFAULT NULL COMMENT '邮箱',
  `create_by` bigint(20) DEFAULT NULL COMMENT '创建者',
  `create_date` datetime DEFAULT NULL COMMENT '创建时间',
  `update_by` bigint(20) DEFAULT NULL COMMENT '更新者',
  `update_date` datetime DEFAULT NULL COMMENT '更新时间',
  `remarks` varchar(255) DEFAULT NULL COMMENT '备注信息',
  `del_flag` char(1) NOT NULL DEFAULT '0' COMMENT '删除标记（0：正常；1：删除）',
  PRIMARY KEY (`id`),
  KEY `sys_office_parent_id` (`parent_id`),
  KEY `sys_office_parent_ids` (`parent_ids`),
  KEY `sys_office_del_flag` (`del_flag`)
) ENGINE=InnoDB  DEFAULT CHARSET=utf8 COMMENT='部门表' AUTO_INCREMENT=27 ;

--
-- 转存表中的数据 `sys_office`
--

INSERT INTO `sys_office` (`id`, `parent_id`, `parent_ids`, `area_id`, `code`, `name`, `type`, `grade`, `address`, `zip_code`, `master`, `phone`, `fax`, `email`, `create_by`, `create_date`, `update_by`, `update_date`, `remarks`, `del_flag`) VALUES
(1, 0, '0,', 2, '100000', '北京市总公司', '1', '1', NULL, NULL, NULL, NULL, NULL, NULL, 1, '2013-05-27 08:00:00', 1, '2013-05-27 08:00:00', NULL, '0'),
(2, 1, '0,1,', 2, '100001', '公司领导', '2', '1', NULL, NULL, NULL, NULL, NULL, NULL, 1, '2013-05-27 08:00:00', 1, '2013-05-27 08:00:00', NULL, '0'),
(3, 1, '0,1,', 2, '100002', '人力部', '2', '1', NULL, NULL, NULL, NULL, NULL, NULL, 1, '2013-05-27 08:00:00', 1, '2013-05-27 08:00:00', NULL, '0'),
(4, 1, '0,1,', 2, '100003', '市场部', '2', '1', NULL, NULL, NULL, NULL, NULL, NULL, 1, '2013-05-27 08:00:00', 1, '2013-05-27 08:00:00', NULL, '0'),
(5, 1, '0,1,', 2, '100004', '技术部', '2', '1', NULL, NULL, NULL, NULL, NULL, NULL, 1, '2013-05-27 08:00:00', 1, '2013-05-27 08:00:00', NULL, '0'),
(6, 1, '0,1,', 2, '100005', '研发部', '2', '1', NULL, NULL, NULL, NULL, NULL, NULL, 1, '2013-05-27 08:00:00', 1, '2013-05-27 08:00:00', NULL, '0'),
(7, 1, '0,1,', 8, '200000', '山东省分公司', '1', '2', NULL, NULL, NULL, NULL, NULL, NULL, 1, '2013-05-27 08:00:00', 1, '2013-05-27 08:00:00', NULL, '0'),
(8, 7, '0,1,7,', 8, '200001', '公司领导', '2', '2', NULL, NULL, NULL, NULL, NULL, NULL, 1, '2013-05-27 08:00:00', 1, '2013-05-27 08:00:00', NULL, '0'),
(9, 7, '0,1,7,', 8, '200002', '综合部', '2', '2', NULL, NULL, NULL, NULL, NULL, NULL, 1, '2013-05-27 08:00:00', 1, '2013-05-27 08:00:00', NULL, '0'),
(10, 7, '0,1,7,', 8, '200003', '市场部', '2', '2', NULL, NULL, NULL, NULL, NULL, NULL, 1, '2013-05-27 08:00:00', 1, '2013-05-27 08:00:00', NULL, '0'),
(11, 7, '0,1,7,', 8, '200004', '技术部', '2', '2', NULL, NULL, NULL, NULL, NULL, NULL, 1, '2013-05-27 08:00:00', 1, '2013-05-27 08:00:00', NULL, '0'),
(12, 7, '0,1,7,', 9, '201000', '济南市分公司', '1', '3', NULL, NULL, NULL, NULL, NULL, NULL, 1, '2013-05-27 08:00:00', 1, '2013-05-27 08:00:00', NULL, '0'),
(13, 12, '0,1,7,12,', 9, '201001', '公司领导', '2', '3', NULL, NULL, NULL, NULL, NULL, NULL, 1, '2013-05-27 08:00:00', 1, '2013-05-27 08:00:00', NULL, '0'),
(14, 12, '0,1,7,12,', 9, '201002', '综合部', '2', '3', NULL, NULL, NULL, NULL, NULL, NULL, 1, '2013-05-27 08:00:00', 1, '2013-05-27 08:00:00', NULL, '0'),
(15, 12, '0,1,7,12,', 9, '201003', '市场部', '2', '3', NULL, NULL, NULL, NULL, NULL, NULL, 1, '2013-05-27 08:00:00', 1, '2013-05-27 08:00:00', NULL, '0'),
(16, 12, '0,1,7,12,', 9, '201004', '技术部', '2', '3', NULL, NULL, NULL, NULL, NULL, NULL, 1, '2013-05-27 08:00:00', 1, '2013-05-27 08:00:00', NULL, '0'),
(17, 12, '0,1,7,12,', 11, '201010', '济南市历城区分公司', '1', '4', NULL, NULL, NULL, NULL, NULL, NULL, 1, '2013-05-27 08:00:00', 1, '2013-05-27 08:00:00', NULL, '0'),
(18, 17, '0,1,7,12,17,', 11, '201011', '公司领导', '2', '4', NULL, NULL, NULL, NULL, NULL, NULL, 1, '2013-05-27 08:00:00', 1, '2013-05-27 08:00:00', NULL, '0'),
(19, 17, '0,1,7,12,17,', 11, '201012', '综合部', '2', '4', NULL, NULL, NULL, NULL, NULL, NULL, 1, '2013-05-27 08:00:00', 1, '2013-05-27 08:00:00', NULL, '0'),
(20, 17, '0,1,7,12,17,', 11, '201013', '市场部', '2', '4', NULL, NULL, NULL, NULL, NULL, NULL, 1, '2013-05-27 08:00:00', 1, '2013-05-27 08:00:00', NULL, '0'),
(21, 17, '0,1,7,12,17,', 11, '201014', '技术部', '2', '4', NULL, NULL, NULL, NULL, NULL, NULL, 1, '2013-05-27 08:00:00', 1, '2013-05-27 08:00:00', NULL, '0'),
(22, 12, '0,1,7,12,', 12, '201020', '济南市历下区分公司', '1', '4', NULL, NULL, NULL, NULL, NULL, NULL, 1, '2013-05-27 08:00:00', 1, '2013-05-27 08:00:00', NULL, '0'),
(23, 22, '0,1,7,12,22,', 12, '201021', '公司领导', '2', '4', NULL, NULL, NULL, NULL, NULL, NULL, 1, '2013-05-27 08:00:00', 1, '2013-05-27 08:00:00', NULL, '0'),
(24, 22, '0,1,7,12,22,', 12, '201022', '综合部', '2', '4', NULL, NULL, NULL, NULL, NULL, NULL, 1, '2013-05-27 08:00:00', 1, '2013-05-27 08:00:00', NULL, '0'),
(25, 22, '0,1,7,12,22,', 12, '201023', '市场部', '2', '4', NULL, NULL, NULL, NULL, NULL, NULL, 1, '2013-05-27 08:00:00', 1, '2013-05-27 08:00:00', NULL, '0'),
(26, 22, '0,1,7,12,22,', 12, '201024', '技术部', '2', '4', NULL, NULL, NULL, NULL, NULL, NULL, 1, '2013-05-27 08:00:00', 1, '2013-05-27 08:00:00', NULL, '0');

-- --------------------------------------------------------

--
-- 表的结构 `sys_role`
--

CREATE TABLE IF NOT EXISTS `sys_role` (
  `id` bigint(20) NOT NULL AUTO_INCREMENT COMMENT '编号',
  `office_id` bigint(20) DEFAULT NULL COMMENT '归属机构',
  `name` varchar(100) NOT NULL COMMENT '角色名称',
  `enname` varchar(255) DEFAULT NULL COMMENT '英文名称',
  `role_type` varchar(255) DEFAULT NULL COMMENT '角色类型',
  `data_scope` char(1) DEFAULT NULL COMMENT '数据范围（0：所有数据；1：所在公司及以下数据；2：所在公司数据；3：所在部门及以下数据；4：所在部门数据；8：仅本人数据；9：按明细设置）',
  `create_by` bigint(20) DEFAULT NULL COMMENT '创建者',
  `create_date` datetime DEFAULT NULL COMMENT '创建时间',
  `update_by` bigint(20) DEFAULT NULL COMMENT '更新者',
  `update_date` datetime DEFAULT NULL COMMENT '更新时间',
  `remarks` varchar(255) DEFAULT NULL COMMENT '备注信息',
  `del_flag` char(1) NOT NULL DEFAULT '0' COMMENT '删除标记（0：正常；1：删除）',
  PRIMARY KEY (`id`),
  KEY `sys_role_del_flag` (`del_flag`)
) ENGINE=InnoDB  DEFAULT CHARSET=utf8 COMMENT='角色表' AUTO_INCREMENT=8 ;

--
-- 转存表中的数据 `sys_role`
--

INSERT INTO `sys_role` (`id`, `office_id`, `name`, `enname`, `role_type`, `data_scope`, `create_by`, `create_date`, `update_by`, `update_date`, `remarks`, `del_flag`) VALUES
(1, 1, '系统管理员', 'deptLeader', 'assignment', '1', 1, '2013-05-27 08:00:00', 1, '2013-05-27 08:00:00', NULL, '0'),
(2, 1, '公司管理员', 'hr', 'assignment', '2', 1, '2013-05-27 08:00:00', 1, '2013-05-27 08:00:00', NULL, '0'),
(3, 1, '本公司管理员', 'c', 'assignment', '3', 1, '2013-05-27 08:00:00', 1, '2013-05-27 08:00:00', NULL, '0'),
(4, 1, '部门管理员', 'd', 'assignment', '4', 1, '2013-05-27 08:00:00', 1, '2013-05-27 08:00:00', NULL, '0'),
(5, 1, '本部门管理员', 'e', 'assignment', '5', 1, '2013-05-27 08:00:00', 1, '2013-05-27 08:00:00', NULL, '0'),
(6, 1, '普通用户', 'f', 'assignment', '8', 1, '2013-05-27 08:00:00', 1, '2013-05-27 08:00:00', NULL, '0'),
(7, 7, '山东省管理员', 'g', 'assignment', '9', 1, '2013-05-27 08:00:00', 1, '2013-05-27 08:00:00', NULL, '0');

-- --------------------------------------------------------

--
-- 表的结构 `sys_role_menu`
--

CREATE TABLE IF NOT EXISTS `sys_role_menu` (
  `role_id` bigint(20) NOT NULL COMMENT '角色编号',
  `menu_id` bigint(20) NOT NULL COMMENT '菜单编号',
  PRIMARY KEY (`role_id`,`menu_id`)
) ENGINE=InnoDB DEFAULT CHARSET=utf8 COMMENT='角色-菜单';

--
-- 转存表中的数据 `sys_role_menu`
--

INSERT INTO `sys_role_menu` (`role_id`, `menu_id`) VALUES
(1, 1),
(1, 2),
(1, 3),
(1, 4),
(1, 5),
(1, 6),
(1, 7),
(1, 8),
(1, 9),
(1, 10),
(1, 11),
(1, 12),
(1, 13),
(1, 14),
(1, 15),
(1, 16),
(1, 17),
(1, 18),
(1, 19),
(1, 20),
(1, 21),
(1, 22),
(1, 23),
(1, 24),
(1, 25),
(1, 26),
(1, 27),
(1, 28),
(1, 29),
(1, 30),
(1, 31),
(1, 32),
(1, 33),
(1, 34),
(1, 35),
(1, 36),
(1, 37),
(1, 38),
(1, 39),
(1, 40),
(1, 41),
(1, 42),
(1, 43),
(1, 44),
(1, 45),
(1, 46),
(1, 47),
(1, 48),
(1, 49),
(1, 50),
(1, 51),
(1, 52),
(1, 53),
(1, 54),
(1, 55),
(1, 56),
(1, 57),
(1, 58),
(1, 59),
(1, 60),
(1, 61),
(1, 62),
(1, 63),
(1, 64),
(1, 65),
(1, 66),
(1, 67),
(1, 68),
(2, 1),
(2, 2),
(2, 3),
(2, 4),
(2, 5),
(2, 6),
(2, 7),
(2, 8),
(2, 9),
(2, 10),
(2, 11),
(2, 12),
(2, 13),
(2, 14),
(2, 15),
(2, 16),
(2, 17),
(2, 18),
(2, 19),
(2, 20),
(2, 21),
(2, 22),
(2, 23),
(2, 24),
(2, 25),
(2, 26),
(2, 27),
(2, 28),
(2, 29),
(2, 30),
(2, 31),
(2, 32),
(2, 33),
(2, 34),
(2, 35),
(2, 36),
(2, 37),
(2, 38),
(2, 39),
(2, 40),
(2, 41),
(2, 42),
(2, 43),
(2, 44),
(2, 45),
(2, 46),
(2, 47),
(2, 48),
(2, 49),
(2, 50),
(2, 51),
(2, 52),
(2, 53),
(2, 54),
(2, 55),
(2, 56),
(2, 57),
(2, 58),
(2, 59),
(2, 60),
(2, 61),
(2, 62),
(2, 63),
(2, 64),
(2, 65),
(2, 66),
(2, 67),
(2, 68),
(3, 1),
(3, 2),
(3, 3),
(3, 4),
(3, 5),
(3, 6),
(3, 7),
(3, 8),
(3, 9),
(3, 10),
(3, 11),
(3, 12),
(3, 13),
(3, 14),
(3, 15),
(3, 16),
(3, 17),
(3, 18),
(3, 19),
(3, 20),
(3, 21),
(3, 22),
(3, 23),
(3, 24),
(3, 25),
(3, 26),
(3, 27),
(3, 28),
(3, 29),
(3, 30),
(3, 31),
(3, 32),
(3, 33),
(3, 34),
(3, 35),
(3, 36),
(3, 37),
(3, 38),
(3, 39),
(3, 40),
(3, 41),
(3, 42),
(3, 43),
(3, 44),
(3, 45),
(3, 46),
(3, 47),
(3, 48),
(3, 49),
(3, 50),
(3, 51),
(3, 52),
(3, 53),
(3, 54),
(3, 55),
(3, 56),
(3, 57),
(3, 58),
(3, 59),
(3, 60),
(3, 61),
(3, 62),
(3, 63),
(3, 64),
(3, 65),
(3, 66),
(3, 67),
(3, 68),
(4, 1),
(4, 2),
(4, 3),
(4, 4),
(4, 5),
(4, 6),
(4, 7),
(4, 8),
(4, 9),
(4, 10),
(4, 11),
(4, 12),
(4, 13),
(4, 14),
(4, 15),
(4, 16),
(4, 17),
(4, 18),
(4, 19),
(4, 20),
(4, 21),
(4, 22),
(4, 23),
(4, 24),
(4, 25),
(4, 26),
(4, 27),
(4, 28),
(4, 29),
(4, 30),
(4, 31),
(4, 32),
(4, 33),
(4, 34),
(4, 35),
(4, 36),
(4, 37),
(4, 38),
(4, 39),
(4, 40),
(4, 41),
(4, 42),
(4, 43),
(4, 44),
(4, 45),
(4, 46),
(4, 47),
(4, 48),
(4, 49),
(4, 50),
(4, 51),
(4, 52),
(4, 53),
(4, 54),
(4, 55),
(4, 56),
(4, 57),
(4, 58),
(4, 59),
(4, 60),
(4, 61),
(4, 62),
(4, 63),
(4, 64),
(4, 65),
(4, 66),
(4, 67),
(4, 68),
(5, 1),
(5, 2),
(5, 3),
(5, 4),
(5, 5),
(5, 6),
(5, 7),
(5, 8),
(5, 9),
(5, 10),
(5, 11),
(5, 12),
(5, 13),
(5, 14),
(5, 15),
(5, 16),
(5, 17),
(5, 18),
(5, 19),
(5, 20),
(5, 21),
(5, 22),
(5, 23),
(5, 24),
(5, 25),
(5, 26),
(5, 27),
(5, 28),
(5, 29),
(5, 30),
(5, 31),
(5, 32),
(5, 33),
(5, 34),
(5, 35),
(5, 36),
(5, 37),
(5, 38),
(5, 39),
(5, 40),
(5, 41),
(5, 42),
(5, 43),
(5, 44),
(5, 45),
(5, 46),
(5, 47),
(5, 48),
(5, 49),
(5, 50),
(5, 51),
(5, 52),
(5, 53),
(5, 54),
(5, 55),
(5, 56),
(5, 57),
(5, 58),
(5, 59),
(5, 60),
(5, 61),
(5, 62),
(5, 63),
(5, 64),
(5, 65),
(5, 66),
(5, 67),
(5, 68),
(6, 1),
(6, 2),
(6, 3),
(6, 4),
(6, 5),
(6, 6),
(6, 7),
(6, 8),
(6, 9),
(6, 10),
(6, 11),
(6, 12),
(6, 13),
(6, 14),
(6, 15),
(6, 16),
(6, 17),
(6, 18),
(6, 19),
(6, 20),
(6, 21),
(6, 22),
(6, 23),
(6, 24),
(6, 25),
(6, 26),
(6, 27),
(6, 28),
(6, 29),
(6, 30),
(6, 31),
(6, 32),
(6, 33),
(6, 34),
(6, 35),
(6, 36),
(6, 37),
(6, 38),
(6, 39),
(6, 40),
(6, 41),
(6, 42),
(6, 43),
(6, 44),
(6, 45),
(6, 46),
(6, 47),
(6, 48),
(6, 49),
(6, 50),
(6, 51),
(6, 52),
(6, 53),
(6, 54),
(6, 55),
(6, 56),
(6, 57),
(6, 58),
(6, 59),
(6, 60),
(6, 61),
(6, 62),
(6, 63),
(6, 64),
(6, 65),
(6, 66),
(6, 67),
(6, 68),
(7, 1),
(7, 2),
(7, 3),
(7, 4),
(7, 5),
(7, 6),
(7, 7),
(7, 8),
(7, 9),
(7, 10),
(7, 11),
(7, 12),
(7, 13),
(7, 14),
(7, 15),
(7, 16),
(7, 17),
(7, 18),
(7, 19),
(7, 20),
(7, 21),
(7, 22),
(7, 23),
(7, 24),
(7, 25),
(7, 26),
(7, 27),
(7, 28),
(7, 29),
(7, 30),
(7, 31),
(7, 32),
(7, 33),
(7, 34),
(7, 35),
(7, 36),
(7, 37),
(7, 38),
(7, 39),
(7, 40),
(7, 41),
(7, 42),
(7, 43),
(7, 44),
(7, 45),
(7, 46),
(7, 47),
(7, 48),
(7, 49),
(7, 50),
(7, 51),
(7, 52),
(7, 53),
(7, 54),
(7, 55),
(7, 56),
(7, 57),
(7, 58),
(7, 59),
(7, 60),
(7, 61),
(7, 62),
(7, 63),
(7, 64),
(7, 65),
(7, 66),
(7, 67),
(7, 68);

-- --------------------------------------------------------

--
-- 表的结构 `sys_role_office`
--

CREATE TABLE IF NOT EXISTS `sys_role_office` (
  `role_id` bigint(20) NOT NULL COMMENT '角色编号',
  `office_id` bigint(20) NOT NULL COMMENT '机构编号',
  PRIMARY KEY (`role_id`,`office_id`)
) ENGINE=InnoDB DEFAULT CHARSET=utf8 COMMENT='角色-机构';

--
-- 转存表中的数据 `sys_role_office`
--

INSERT INTO `sys_role_office` (`role_id`, `office_id`) VALUES
(7, 7),
(7, 8),
(7, 9),
(7, 10),
(7, 11),
(7, 12),
(7, 13),
(7, 14),
(7, 15),
(7, 16),
(7, 17),
(7, 18),
(7, 19),
(7, 20),
(7, 21),
(7, 22),
(7, 23),
(7, 24),
(7, 25),
(7, 26);

-- --------------------------------------------------------

--
-- 表的结构 `sys_user_role`
--

CREATE TABLE IF NOT EXISTS `sys_user_role` (
  `user_id` bigint(20) NOT NULL COMMENT '用户编号',
  `role_id` bigint(20) NOT NULL COMMENT '角色编号',
  PRIMARY KEY (`user_id`,`role_id`)
) ENGINE=InnoDB DEFAULT CHARSET=utf8 COMMENT='用户-角色';

--
-- 转存表中的数据 `sys_user_role`
--

INSERT INTO `sys_user_role` (`user_id`, `role_id`) VALUES
(1, 1),
(2, 1),
(3, 2),
(4, 3),
(5, 4),
(6, 5),
(7, 2),
(7, 7),
(8, 2),
(9, 1),
(10, 2),
(11, 3),
(12, 4),
(13, 5),
(14, 6);

--
-- 限制导出的表
--

--
-- 限制表 `act_ge_bytearray`
--
ALTER TABLE `act_ge_bytearray`
  ADD CONSTRAINT `ACT_FK_BYTEARR_DEPL` FOREIGN KEY (`DEPLOYMENT_ID_`) REFERENCES `act_re_deployment` (`ID_`);

--
-- 限制表 `act_id_membership`
--
ALTER TABLE `act_id_membership`
  ADD CONSTRAINT `ACT_FK_MEMB_GROUP` FOREIGN KEY (`GROUP_ID_`) REFERENCES `act_id_group` (`ID_`),
  ADD CONSTRAINT `ACT_FK_MEMB_USER` FOREIGN KEY (`USER_ID_`) REFERENCES `act_id_user` (`ID_`);

--
-- 限制表 `act_re_model`
--
ALTER TABLE `act_re_model`
  ADD CONSTRAINT `ACT_FK_MODEL_DEPLOYMENT` FOREIGN KEY (`DEPLOYMENT_ID_`) REFERENCES `act_re_deployment` (`ID_`),
  ADD CONSTRAINT `ACT_FK_MODEL_SOURCE` FOREIGN KEY (`EDITOR_SOURCE_VALUE_ID_`) REFERENCES `act_ge_bytearray` (`ID_`),
  ADD CONSTRAINT `ACT_FK_MODEL_SOURCE_EXTRA` FOREIGN KEY (`EDITOR_SOURCE_EXTRA_VALUE_ID_`) REFERENCES `act_ge_bytearray` (`ID_`);

--
-- 限制表 `act_ru_event_subscr`
--
ALTER TABLE `act_ru_event_subscr`
  ADD CONSTRAINT `ACT_FK_EVENT_EXEC` FOREIGN KEY (`EXECUTION_ID_`) REFERENCES `act_ru_execution` (`ID_`);

--
-- 限制表 `act_ru_execution`
--
ALTER TABLE `act_ru_execution`
  ADD CONSTRAINT `ACT_FK_EXE_PARENT` FOREIGN KEY (`PARENT_ID_`) REFERENCES `act_ru_execution` (`ID_`),
  ADD CONSTRAINT `ACT_FK_EXE_PROCDEF` FOREIGN KEY (`PROC_DEF_ID_`) REFERENCES `act_re_procdef` (`ID_`),
  ADD CONSTRAINT `ACT_FK_EXE_PROCINST` FOREIGN KEY (`PROC_INST_ID_`) REFERENCES `act_ru_execution` (`ID_`) ON DELETE CASCADE ON UPDATE CASCADE,
  ADD CONSTRAINT `ACT_FK_EXE_SUPER` FOREIGN KEY (`SUPER_EXEC_`) REFERENCES `act_ru_execution` (`ID_`);

--
-- 限制表 `act_ru_identitylink`
--
ALTER TABLE `act_ru_identitylink`
  ADD CONSTRAINT `ACT_FK_ATHRZ_PROCEDEF` FOREIGN KEY (`PROC_DEF_ID_`) REFERENCES `act_re_procdef` (`ID_`),
  ADD CONSTRAINT `ACT_FK_IDL_PROCINST` FOREIGN KEY (`PROC_INST_ID_`) REFERENCES `act_ru_execution` (`ID_`),
  ADD CONSTRAINT `ACT_FK_TSKASS_TASK` FOREIGN KEY (`TASK_ID_`) REFERENCES `act_ru_task` (`ID_`);

--
-- 限制表 `act_ru_job`
--
ALTER TABLE `act_ru_job`
  ADD CONSTRAINT `ACT_FK_JOB_EXCEPTION` FOREIGN KEY (`EXCEPTION_STACK_ID_`) REFERENCES `act_ge_bytearray` (`ID_`);

--
-- 限制表 `act_ru_task`
--
ALTER TABLE `act_ru_task`
  ADD CONSTRAINT `ACT_FK_TASK_EXE` FOREIGN KEY (`EXECUTION_ID_`) REFERENCES `act_ru_execution` (`ID_`),
  ADD CONSTRAINT `ACT_FK_TASK_PROCDEF` FOREIGN KEY (`PROC_DEF_ID_`) REFERENCES `act_re_procdef` (`ID_`),
  ADD CONSTRAINT `ACT_FK_TASK_PROCINST` FOREIGN KEY (`PROC_INST_ID_`) REFERENCES `act_ru_execution` (`ID_`);

--
-- 限制表 `act_ru_variable`
--
ALTER TABLE `act_ru_variable`
  ADD CONSTRAINT `ACT_FK_VAR_BYTEARRAY` FOREIGN KEY (`BYTEARRAY_ID_`) REFERENCES `act_ge_bytearray` (`ID_`),
  ADD CONSTRAINT `ACT_FK_VAR_EXE` FOREIGN KEY (`EXECUTION_ID_`) REFERENCES `act_ru_execution` (`ID_`),
  ADD CONSTRAINT `ACT_FK_VAR_PROCINST` FOREIGN KEY (`PROC_INST_ID_`) REFERENCES `act_ru_execution` (`ID_`);

/*!40101 SET CHARACTER_SET_CLIENT=@OLD_CHARACTER_SET_CLIENT */;
/*!40101 SET CHARACTER_SET_RESULTS=@OLD_CHARACTER_SET_RESULTS */;
/*!40101 SET COLLATION_CONNECTION=@OLD_COLLATION_CONNECTION */;
