
/*Data for the table `cms_article` */

insert  into `cms_article`(`id`,`category_id`,`user_id`,`title`,`color`,`thumb`,`keywords`,`desciption`,`status`,`weight`,`hits`,`posid`,`input_date`,`update_date`) values (1,3,1,'文章标题标题标题标题','green','','关键字1,关键字2','','0',0,0,'','2013-02-26 16:08:59','2012-10-07 00:00:00'),(2,3,1,'文章标题标题标题标题','red','','关键字1,关键字2','','0',0,0,'','2013-02-26 16:08:59','2012-10-07 00:00:00'),(3,3,1,'文章标题标题标题标题','','','关键字1,关键字2','','0',0,0,'','2013-02-26 16:08:59','2012-10-07 00:00:00'),(4,3,1,'文章标题标题标题标题','green','','关键字1,关键字2','','0',0,0,'','2013-02-26 16:08:59','2012-10-07 00:00:00'),(5,3,1,'文章标题标题标题标题','','','关键字1,关键字2','','0',0,0,'','2013-02-26 16:08:59','2012-10-07 00:00:00'),(6,3,1,'文章标题标题标题标题','','','关键字1,关键字2','','0',0,0,'','2013-02-26 16:08:59','2012-10-07 00:00:00'),(7,4,1,'文章标题标题标题标题','','','关键字1,关键字2','','0',0,0,'','2013-02-26 16:08:59','2012-10-07 00:00:00'),(8,4,1,'文章标题标题标题标题','blue','','关键字1,关键字2','','0',0,0,'','2013-02-26 16:08:59','2012-10-07 00:00:00'),(9,4,1,'文章标题标题标题标题','','','关键字1,关键字2','','0',0,0,'','2013-02-26 16:08:59','2012-10-07 00:00:00'),(10,4,1,'文章标题标题标题标题','','','关键字1,关键字2','','0',0,0,'','2013-02-26 16:08:59','2012-10-07 00:00:00'),(11,5,1,'文章标题标题标题标题','','','关键字1,关键字2','','0',0,0,'','2013-02-26 16:08:59','2012-10-07 00:00:00'),(12,5,1,'文章标题标题标题标题','','','关键字1,关键字2','','0',0,0,'','2013-02-26 16:08:59','2012-10-07 00:00:00'),(13,5,1,'文章标题标题标题标题','','','关键字1,关键字2','','0',0,0,'','2013-02-26 16:08:59','2012-10-07 00:00:00'),(14,7,1,'文章标题标题标题标题','','','关键字1,关键字2','','0',0,0,'','2013-02-26 16:08:59','2012-10-07 00:00:00'),(15,7,1,'文章标题标题标题标题','','','关键字1,关键字2','','0',0,0,'','2013-02-26 16:08:59','2012-10-07 00:00:00'),(16,7,1,'文章标题标题标题标题','','','关键字1,关键字2','','0',0,0,'','2013-02-26 16:08:59','2012-10-07 00:00:00'),(17,7,1,'文章标题标题标题标题','','','关键字1,关键字2','','0',0,0,'','2013-02-26 16:08:59','2012-10-07 00:00:00'),(18,8,1,'文章标题标题标题标题','','','关键字1,关键字2','','0',0,0,'','2013-02-26 16:08:59','2012-10-07 00:00:00'),(19,8,1,'文章标题标题标题标题','','','关键字1,关键字2','','0',0,0,'','2013-02-26 16:08:59','2012-10-07 00:00:00'),(20,8,1,'文章标题标题标题标题','','','关键字1,关键字2','','0',0,0,'','2013-02-26 16:08:59','2012-10-07 00:00:00'),(21,8,1,'文章标题标题标题标题','','','关键字1,关键字2','','0',0,0,'','2013-02-26 16:08:59','2012-10-07 00:00:00'),(22,9,1,'文章标题标题标题标题','','','关键字1,关键字2','','0',0,0,'','2013-02-26 16:08:59','2012-10-07 00:00:00'),(23,9,1,'文章标题标题标题标题','','','关键字1,关键字2','','0',0,0,'','2013-02-26 16:08:59','2012-10-07 00:00:00'),(24,9,1,'文章标题标题标题标题','','','关键字1,关键字2','','0',0,0,'','2013-02-26 16:08:59','2012-10-07 00:00:00'),(25,9,1,'文章标题标题标题标题','','','关键字1,关键字2','','0',0,0,'','2013-02-26 16:08:59','2012-10-07 00:00:00'),(26,9,1,'文章标题标题标题标题','','','关键字1,关键字2','','0',0,0,'','2013-02-26 16:08:59','2012-10-07 00:00:00'),(27,11,1,'文章标题标题标题标题','','','关键字1,关键字2','','0',0,0,'','2013-02-26 16:08:59','2012-10-07 00:00:00'),(28,11,1,'文章标题标题标题标题','','','关键字1,关键字2','','0',0,0,'','2013-02-26 16:08:59','2012-10-07 00:00:00'),(29,11,1,'文章标题标题标题标题','','','关键字1,关键字2','','0',0,0,'','2013-02-26 16:08:59','2012-10-07 00:00:00'),(30,11,1,'文章标题标题标题标题','','','关键字1,关键字2','','0',0,0,'','2013-02-26 16:08:59','2012-10-07 00:00:00'),(31,11,1,'文章标题标题标题标题','','','关键字1,关键字2','','0',0,0,'','2013-02-26 16:08:59','2012-10-07 00:00:00'),(32,12,1,'文章标题标题标题标题','','','关键字1,关键字2','','0',0,0,'','2013-02-26 16:08:59','2012-10-07 00:00:00'),(33,12,1,'文章标题标题标题标题','','','关键字1,关键字2','','0',0,0,'','2013-02-26 16:08:59','2012-10-07 00:00:00'),(34,12,1,'文章标题标题标题标题','','','关键字1,关键字2','','0',0,0,'','2013-02-26 16:08:59','2012-10-07 00:00:00'),(35,12,1,'文章标题标题标题标题','','','关键字1,关键字2','','0',0,0,'','2013-02-26 16:08:59','2012-10-07 00:00:00'),(36,12,1,'文章标题标题标题标题','','','关键字1,关键字2','','0',0,0,'','2013-02-26 16:08:59','2012-10-07 00:00:00'),(37,13,1,'文章标题标题标题标题','','','关键字1,关键字2','','0',0,0,'','2013-02-26 16:08:59','2012-10-07 00:00:00'),(38,13,1,'文章标题标题标题标题','','','关键字1,关键字2','','0',0,0,'','2013-02-26 16:08:59','2012-10-07 00:00:00'),(39,13,1,'文章标题标题标题标题','','','关键字1,关键字2','','0',0,0,'','2013-02-26 16:08:59','2012-10-07 00:00:00'),(40,13,1,'文章标题标题标题标题','','','关键字1,关键字2','','0',0,0,'','2013-02-26 16:08:59','2012-10-07 00:00:00'),(41,14,1,'文章标题标题标题标题','','','关键字1,关键字2','','0',0,0,'','2013-02-26 16:08:59','2012-10-07 00:00:00'),(42,14,1,'文章标题标题标题标题','','','关键字1,关键字2','','0',0,0,'','2013-02-26 16:08:59','2012-10-07 00:00:00'),(43,14,1,'文章标题标题标题标题','','','关键字1,关键字2','','0',0,0,'','2013-02-26 16:08:59','2012-10-07 00:00:00'),(44,14,1,'文章标题标题标题标题','','','关键字1,关键字2','','0',0,0,'','2013-02-26 16:08:59','2012-10-07 00:00:00'),(45,14,1,'文章标题标题标题标题','','','关键字1,关键字2','','0',0,0,'','2013-02-26 16:08:59','2012-10-07 00:00:00'),(46,15,1,'文章标题标题标题标题','','','关键字1,关键字2','','0',0,0,'','2013-02-26 16:08:59','2012-10-07 00:00:00'),(47,15,1,'文章标题标题标题标题','','','关键字1,关键字2','','0',0,0,'','2013-02-26 16:08:59','2012-10-07 00:00:00'),(48,15,1,'文章标题标题标题标题','','','关键字1,关键字2','','0',0,0,'','2013-02-26 16:08:59','2012-10-07 00:00:00'),(49,16,1,'文章标题标题标题标题','','','关键字1,关键字2','','0',0,0,'','2013-02-26 16:08:59','2012-10-07 00:00:00'),(50,17,1,'文章标题标题标题标题','','','关键字1,关键字2','','0',0,0,'','2013-02-26 16:08:59','2012-10-07 00:00:00'),(51,17,1,'文章标题标题标题标题','','','关键字1,关键字2','','0',0,0,'','2013-02-26 16:08:59','2012-10-07 00:00:00'),(52,26,1,'文章标题标题标题标题','','','关键字1,关键字2','','0',0,0,'','2013-02-26 16:08:59','2012-10-07 00:00:00'),(53,26,1,'文章标题标题标题标题','','','关键字1,关键字2','','0',0,0,'','2013-02-26 16:08:59','2012-10-07 00:00:00');

/*Data for the table `cms_article_data` */

insert  into `cms_article_data`(`id`,`content`,`copyfrom`,`relation`,`allow_comment`) values (1,'文章内容内容内容内容','来源','1,2,3','1'),(2,'文章内容内容内容内容','来源','1,2,3','1'),(3,'文章内容内容内容内容','来源','1,2,3','1'),(4,'文章内容内容内容内容','来源','1,2,3','1'),(5,'文章内容内容内容内容','来源','1,2,3','1'),(6,'文章内容内容内容内容','来源','1,2,3','1'),(7,'文章内容内容内容内容','来源','1,2,3','1'),(8,'文章内容内容内容内容','来源','1,2,3','1'),(9,'文章内容内容内容内容','来源','1,2,3','1'),(10,'文章内容内容内容内容','来源','1,2,3','1'),(11,'文章内容内容内容内容','来源','1,2,3','1'),(12,'文章内容内容内容内容','来源','1,2,3','1'),(13,'文章内容内容内容内容','来源','1,2,3','1'),(14,'文章内容内容内容内容','来源','1,2,3','1'),(15,'文章内容内容内容内容','来源','1,2,3','1'),(16,'文章内容内容内容内容','来源','1,2,3','1'),(17,'文章内容内容内容内容','来源','1,2,3','1'),(18,'文章内容内容内容内容','来源','1,2,3','1'),(19,'文章内容内容内容内容','来源','1,2,3','1'),(20,'文章内容内容内容内容','来源','1,2,3','1'),(21,'文章内容内容内容内容','来源','1,2,3','1'),(22,'文章内容内容内容内容','来源','1,2,3','1'),(23,'文章内容内容内容内容','来源','1,2,3','1'),(24,'文章内容内容内容内容','来源','1,2,3','1'),(25,'文章内容内容内容内容','来源','1,2,3','1'),(26,'文章内容内容内容内容','来源','1,2,3','1'),(27,'文章内容内容内容内容','来源','1,2,3','1'),(28,'文章内容内容内容内容','来源','1,2,3','1'),(29,'文章内容内容内容内容','来源','1,2,3','1'),(30,'文章内容内容内容内容','来源','1,2,3','1'),(31,'文章内容内容内容内容','来源','1,2,3','1'),(32,'文章内容内容内容内容','来源','1,2,3','1'),(33,'文章内容内容内容内容','来源','1,2,3','1'),(34,'文章内容内容内容内容','来源','1,2,3','1'),(35,'文章内容内容内容内容','来源','1,2,3','1'),(36,'文章内容内容内容内容','来源','1,2,3','1'),(37,'文章内容内容内容内容','来源','1,2,3','1'),(38,'文章内容内容内容内容','来源','1,2,3','1'),(39,'文章内容内容内容内容','来源','1,2,3','1'),(40,'文章内容内容内容内容','来源','1,2,3','1'),(41,'文章内容内容内容内容','来源','1,2,3','1'),(42,'文章内容内容内容内容','来源','1,2,3','1'),(43,'文章内容内容内容内容','来源','1,2,3','1'),(44,'文章内容内容内容内容','来源','1,2,3','1'),(45,'文章内容内容内容内容','来源','1,2,3','1'),(46,'文章内容内容内容内容','来源','1,2,3','1'),(47,'文章内容内容内容内容','来源','1,2,3','1'),(48,'文章内容内容内容内容','来源','1,2,3','1'),(49,'文章内容内容内容内容','来源','1,2,3','1'),(50,'文章内容内容内容内容','来源','1,2,3','1'),(51,'文章内容内容内容内容','来源','1,2,3','1'),(52,'文章内容内容内容内容','来源','1,2,3','1'),(53,'文章内容内容内容内容','来源','1,2,3','1');

/*Data for the table `cms_category` */

insert  into `cms_category`(`id`,`site_id`,`parent_id`,`parent_ids`,`module`,`name`,`image`,`href`,`target`,`desciption`,`keywords`,`sort`,`in_menu`,`in_list`,`show_modes`,`allow_comment`,`del_flag`) values (1,0,0,'0,','','顶级栏目','','','','','',0,'1','1','0','0','0'),(2,1,1,'0,1,','article','组织机构','','','','','',10,'1','1','0','0','0'),(3,1,2,'0,1,2,','article','网站简介','','','','','',30,'1','1','0','0','0'),(4,1,2,'0,1,2,','article','内部机构','','','','','',40,'1','1','0','0','0'),(5,1,2,'0,1,2,','article','地方机构','','','','','',50,'1','1','0','0','0'),(6,1,1,'0,1,','article','质量检验','','','','','',20,'1','1','1','1','0'),(7,1,6,'0,1,6,','article','产品质量','','','','','',30,'1','1','0','1','0'),(8,1,6,'0,1,6,','article','技术质量','','','','','',40,'1','1','0','1','0'),(9,1,6,'0,1,6,','article','工程质量','','','','','',50,'1','1','0','1','0'),(10,1,1,'0,1,','article','软件介绍','','','','','',20,'1','1','0','1','0'),(11,1,10,'0,1,10,','article','网络工具','','','','','',30,'1','1','0','1','0'),(12,1,10,'0,1,10,','article','浏览工具','','','','','',40,'1','1','0','1','0'),(13,1,10,'0,1,10,','article','浏览辅助','','','','','',50,'1','1','0','1','0'),(14,1,10,'0,1,10,','article','网络优化','','','','','',50,'1','1','0','1','0'),(15,1,10,'0,1,10,','article','邮件处理','','','','','',50,'1','1','0','1','0'),(16,1,10,'0,1,10,','article','下载工具','','','','','',50,'1','1','0','1','0'),(17,1,10,'0,1,10,','article','搜索工具','','','','','',50,'1','1','2','1','0'),(18,1,1,'0,1,','link','友情链接','','','','','',90,'1','1','0','1','0'),(19,NULL,18,'0,1,18,','link','常用网站','','','','','',50,'1','1','0','1','0'),(20,1,18,'0,1,18,','link','门户网站','','','','','',50,'1','1','0','1','0'),(21,1,18,'0,1,18,','link','购物网站','','','','','',50,'1','1','0','1','0'),(22,1,18,'0,1,18,','link','交友社区','','','','','',50,'1','1','0','1','0'),(23,1,18,'0,1,18,','link','音乐视频','','','','','',50,'1','1','0','1','0'),(24,1,1,'0,1,','','百度一下','','http://www.baidu.com','_blank','','',90,'1','1','0','1','0'),(25,1,1,'0,1,','','全文检索','','/search','','','',90,'1','1','0','1','0'),(26,2,1,'0,1,','article','测试栏目','','','','','',90,'1','1','0','1','0'),(27,1,1,'0,1,','','公共留言','','/guestbook','','','',90,'1','1','0','1','0');

/*Data for the table `cms_comment` */

/*Data for the table `cms_guestbook` */

/*Data for the table `cms_link` */

insert  into `cms_link`(`id`,`category_id`,`user_id`,`title`,`color`,`image`,`href`,`remarks`,`status`,`weight`,`input_date`,`update_date`) values (1,19,1,'JeeSite','','','http://thinkgem.github.com/jeesite','','0',0,'2013-02-26 16:08:59','2012-10-07 00:00:00'),(2,19,1,'ThinkGem','','','http://thinkgem.iteye.com/','','0',0,'2013-02-26 16:08:59','2012-10-07 00:00:00'),(3,19,1,'百度一下','','','http://www.baidu.com','','0',0,'2013-02-26 16:08:59','2012-10-07 00:00:00'),(4,19,1,'谷歌搜索','','','http://www.google.com','','0',0,'2013-02-26 16:08:59','2012-10-07 00:00:00'),(5,20,1,'新浪网','','','http://www.sina.com.cn','','0',0,'2013-02-26 16:08:59','2012-10-07 00:00:00'),(6,20,1,'腾讯网','','','http://www.qq.com/','','0',0,'2013-02-26 16:08:59','2012-10-07 00:00:00'),(7,21,1,'淘宝网','','','http://www.taobao.com/','','0',0,'2013-02-26 16:08:59','2012-10-07 00:00:00'),(8,21,1,'新华网','','','http://www.xinhuanet.com/','','0',0,'2013-02-26 16:08:59','2012-10-07 00:00:00'),(9,22,1,'赶集网','','','http://www.ganji.com/','','0',0,'2013-02-26 16:08:59','2012-10-07 00:00:00'),(10,22,1,'58同城','','','http://www.58.com/','','0',0,'2013-02-26 16:08:59','2012-10-07 00:00:00'),(11,23,1,'视频大全','','','http://v.360.cn/','','0',0,'2013-02-26 16:08:59','2012-10-07 00:00:00'),(12,23,1,'凤凰网','','','http://www.ifeng.com/','','0',0,'2013-02-26 16:08:59','2012-10-07 00:00:00');

/*Data for the table `cms_site` */

insert  into `cms_site`(`id`,`name`,`title`,`desciption`,`keywords`,`theme`,`copyright`,`del_flag`) values (1,'默认站点','JeeSite','JeeSite','JeeSite','basic','Copyright &copy; 2012-2013 <a href=\'mailto:thinkgem@163.com\'>ThinkGem</a> - Powered By <a href=\'https://github.com/thinkgem/jeesite\'>JeeSite</a> V1.0','0'),(2,'子站点测试','JeeSite subsite','JeeSite subsite','JeeSite subsite','basic','Copyright &copy; 2012-2013 <a href=\'mailto:thinkgem@163.com\'>ThinkGem</a> - Powered By <a href=\'https://github.com/thinkgem/jeesite\'>JeeSite</a> V1.0','0');

/*Data for the table `sys_area` */

insert  into `sys_area`(`id`,`parent_id`,`parent_ids`,`code`,`name`,`remarks`,`del_flag`) values (1,0,'0,','','顶级区域','','0'),(2,1,'0,1,','370000','山东省分公司','','0'),(3,1,'0,1,','110000','北京市总公司','','0'),(4,2,'0,1,2,','370531','济南分公司','','0'),(5,2,'0,1,2,','370532','青岛分公司','','0');

/*Data for the table `sys_dict` */

insert  into `sys_dict`(`id`,`label`,`value`,`type`,`desciption`,`sort`,`del_flag`) values (1,'正常','0','del_flag','删除标记',10,'0'),(2,'删除','1','del_flag','删除标记',20,'0'),(3,'显示','1','show_hide','显示/隐藏',10,'0'),(4,'隐藏','0','show_hide','显示/隐藏',20,'0'),(5,'是','1','yes_no','是/否',10,'0'),(6,'否','0','yes_no','是/否',20,'0'),(7,'红色','red','color','颜色值',10,'0'),(8,'绿色','green','color','颜色值',20,'0'),(9,'蓝色','blue','color','颜色值',30,'0'),(10,'黄色','yellow','color','颜色值',40,'0'),(11,'橙色','orange','color','颜色值',50,'0'),(12,'系统管理','1','sys_user_type','用户类型',10,'0'),(13,'部门经理','2','sys_user_type','用户类型',20,'0'),(14,'普通用户','3','sys_user_type','用户类型',30,'0'),(15,'基础主题','basic','cms_theme','站点主题',10,'0'),(16,'蓝色主题','blue','cms_theme','站点主题',20,'0'),(17,'红色主题','red','cms_theme','站点主题',30,'0'),(18,'文章模型','article','cms_module','栏目模型',10,'0'),(19,'图片模型','picture','cms_module','栏目模型',20,'1'),(20,'下载模型','download','cms_module','栏目模型',30,'1'),(21,'链接模型','link','cms_module','栏目模型',40,'0'),(22,'专题模型','special','cms_module','栏目模型',50,'1'),(23,'默认展现方式','0','cms_show_modes','展现方式',20,'0'),(24,'首栏目内容列表','1','cms_show_modes','展现方式',20,'0'),(25,'栏目第一条内容','2','cms_show_modes','展现方式',30,'0'),(26,'发布','0','cms_status','内容状态',10,'0'),(27,'删除','1','cms_status','内容状态',20,'0'),(28,'审核','2','cms_status','内容状态',15,'0'),(29,'首页焦点图','1','cms_posid','推荐位',30,'0'),(30,'栏目页文章推荐','2','cms_posid','推荐位',30,'0'),(31,'咨询','1','cms_guestbook','留言板分类',30,'0'),(32,'建议','2','cms_guestbook','留言板分类',30,'0'),(33,'投诉','3','cms_guestbook','留言板分类',30,'0'),(34,'其它','4','cms_guestbook','留言板分类',30,'0');

/*Data for the table `sys_menu` */

insert  into `sys_menu`(`id`,`parent_id`,`parent_ids`,`name`,`href`,`target`,`icon`,`sort`,`is_show`,`permission`,`del_flag`) values (1,0,'0,','顶级菜单','','','',0,'1','','0'),(2,1,'0,1,','系统设置','','','',990,'1','','0'),(3,2,'0,1,2,','菜单管理','/sys/menu/','','list-alt',30,'1','','0'),(4,3,'0,1,2,3,','查看','','','',30,'0','sys:menu:view','0'),(5,3,'0,1,2,3,','修改','','','',30,'0','sys:menu:edit','0'),(6,2,'0,1,2,','角色管理','/sys/role/','','lock',50,'1','','0'),(7,6,'0,1,2,6,','查看','','','',30,'0','sys:role:view','0'),(8,6,'0,1,2,6,','修改','','','',30,'0','sys:role:edit','0'),(9,2,'0,1,2,','字典管理','/sys/dict/','','th-list',60,'1','','0'),(10,9,'0,1,2,9,','查看','','','',30,'0','sys:dict:view','0'),(11,9,'0,1,2,9,','修改','','','',30,'0','sys:dict:edit','0'),(12,1,'0,1,','机构用户','','','',980,'1','','0'),(13,12,'0,1,12,','区域管理','/sys/area/','','th',50,'1','','0'),(14,13,'0,1,12,13,','查看','','','',30,'0','sys:area:view','0'),(15,13,'0,1,12,13,','修改','','','',30,'0','sys:area:edit','0'),(16,12,'0,1,12,','部门管理','/sys/office/','','th-large',40,'1','','0'),(17,16,'0,1,12,16,','查看','','','',30,'0','sys:office:view','0'),(18,16,'0,1,12,16,','修改','','','',30,'0','sys:office:edit','0'),(19,12,'0,1,12,','用户管理','/sys/user/','','user',30,'1','','0'),(20,19,'0,1,12,19,','查看','','','',30,'0','sys:user:view','0'),(21,19,'0,1,12,19,','修改','','','',30,'0','sys:user:edit','0'),(22,1,'0,1,','内容管理','','','',900,'1','','0'),(23,22,'0,1,22,','栏目管理','/cms/category/','','align-justify',80,'1','','0'),(24,23,'0,1,22,23,','查看','','','',30,'0','cms:category:view','0'),(25,23,'0,1,22,23,','修改','','','',30,'0','cms:category:edit','0'),(26,36,'0,1,22,36,','文章模型','/cms/article/','','file',40,'0','','0'),(27,26,'0,1,22,36,26,','查看','','','',30,'0','cms:article:view','0'),(28,26,'0,1,22,36,26,','修改','','','',30,'0','cms:article:edit','0'),(29,22,'0,1,22','文件管理','/../static/ckfinder/ckfinder.html','','folder-open',90,'1','','0'),(30,29,'0,1,22,29,','查看','','','',30,'0','cms:ckfinder:view','0'),(31,29,'0,1,22,29,','上传','','','',30,'0','cms:ckfinder:upload','0'),(32,29,'0,1,22,29,','修改','','','',30,'0','cms:ckfinder:edit','0'),(33,36,'0,1,22,36,','链接模型','/cms/link/','','random',60,'0','','0'),(34,33,'0,1,22,36,33,','查看','','','',30,'0','cms:link:view','0'),(35,33,'0,1,22,36,33,','修改','','','',30,'0','cms:link:edit','0'),(36,22,'0,1,22,','内容管理','/cms/','','briefcase',30,'1','cms:view','0'),(37,22,'0,1,22,','站点设置','/cms/site/','','certificate',80,'1','','0'),(38,37,'0,1,22,37,','查看','','','',30,'0','cms:site:view','0'),(39,37,'0,1,22,37,','修改','','','',30,'0','cms:site:edit','0'),(40,26,'0,1,22,36,26,','审核','','','',30,'0','cms:article:audit','0'),(41,33,'0,1,22,36,33,','审核','','','',30,'0','cms:link:audit','0'),(42,22,'0,1,22,','公共留言','/cms/guestbook/?status=2','','glass',80,'1','','0'),(43,42,'0,1,22,42,','查看','','','',30,'0','cms:guestbook:view','0'),(44,42,'0,1,22,42,','审核','','','',30,'0','cms:guestbook:edit','0'),(45,22,'0,1,22,','评论管理','/cms/comment/?status=2','','comment',40,'1','','0'),(46,45,'0,1,22,45,','查看','','','',30,'0','cms:comment:view','0'),(47,45,'0,1,22,45,','审核','','','',30,'0','cms:comment:edit','0'),(48,1,'0,1,','关于JeeSite','','','',30000,'1','','0'),(49,48,'0,1,48','项目首页','https://github.com/thinkgem/jeesite','_blank','',30,'1','','0'),(50,48,'0,1,48','项目维基','https://github.com/thinkgem/jeesite/wiki','_blank','',50,'1','','0'),(51,48,'0,1,48','问题反馈','https://github.com/thinkgem/jeesite/issues/new','_blank','',80,'1','','0');

/*Data for the table `sys_office` */

insert  into `sys_office`(`id`,`parent_id`,`parent_ids`,`area_id`,`code`,`name`,`remarks`,`del_flag`) values (1,0,'0,',1,'','顶级部门','','0'),(2,1,'0,1,',1,'0001','系统管理','','0'),(3,1,'0,1,',1,'0002','系统维护','','0'),(4,2,'0,1,',1,'000101','系统管理1','','0'),(5,2,'0,1,',1,'000102','系统管理2','','0'),(6,2,'0,1,',1,'000201','系统维护1','','0'),(7,2,'0,1,',1,'000202','系统维护2','','0');

/*Data for the table `sys_role` */

insert  into `sys_role`(`id`,`name`,`del_flag`) values (1,'系统管理员','0'),(2,'普通用户','0');

/*Data for the table `sys_role_category` */

insert  into `sys_role_category`(`role_id`,`category_id`) values (1,1),(1,2),(1,3),(1,4),(1,5),(1,6),(1,7),(1,8),(1,9),(1,10),(1,11),(1,12),(1,13),(1,14),(1,15),(1,16),(1,17),(1,18),(1,19),(1,20),(1,21),(1,22),(1,23),(1,24),(1,25),(1,26),(1,27),(1,28),(1,29),(1,30),(1,31),(1,32),(1,33),(1,34),(1,35),(1,36),(1,37),(1,38),(1,39),(2,1),(2,2),(2,3),(2,4),(2,5),(2,6),(2,7),(2,8),(2,9),(2,10),(2,11),(2,12),(2,13),(2,14),(2,15),(2,16),(2,17),(2,18),(2,19),(2,20),(2,21),(2,22),(2,23),(2,24),(2,25),(2,26),(2,27),(2,28),(2,29),(2,30),(2,31),(2,32),(2,33),(2,34),(2,35),(2,36),(2,37),(2,38),(2,39);

/*Data for the table `sys_role_menu` */

insert  into `sys_role_menu`(`role_id`,`menu_id`) values (1,1),(1,2),(1,3),(1,4),(1,5),(1,6),(1,7),(1,8),(1,9),(1,10),(1,11),(1,12),(1,13),(1,14),(1,15),(1,16),(1,17),(1,18),(1,19),(1,20),(1,21),(1,22),(1,23),(1,24),(1,25),(1,26),(1,27),(1,28),(1,29),(1,30),(1,31),(1,32),(1,33),(1,34),(1,35),(1,36),(1,37),(1,38),(1,39),(2,1),(2,22),(2,23),(2,24),(2,25),(2,26),(2,27),(2,28),(2,29),(2,30),(2,31),(2,32),(2,33),(2,34),(2,35),(2,36),(2,37),(2,38),(2,39);

/*Data for the table `sys_user` */

insert  into `sys_user`(`id`,`area_id`,`office_id`,`login_name`,`password`,`name`,`email`,`phone`,`mobile`,`remarks`,`user_type`,`create_date`,`del_flag`,`login_ip`,`login_date`) values (1,1,1,'thinkgem','02a3f0772fcca9f415adc990734b45c6f059c7d33ee28362c4852032','Thinkgem','thinkgem@163.com','8675','8675','','','2013-02-26 16:08:59','0','127.0.0.1','2013-02-27 19:24:45'),(2,1,1,'admin','02a3f0772fcca9f415adc990734b45c6f059c7d33ee28362c4852032','Admin','thinkgem@163.com','8675','8675','','','2013-02-26 16:08:59','0',NULL,NULL),(3,2,2,'user','c483879feb6704d4780ad0d259cca93ffc173b02c48084f8b186a53c','User','thinkgem@163.com','8675','8675','','','2013-02-26 16:08:59','0',NULL,NULL),(4,3,3,'user2','c483879feb6704d4780ad0d259cca93ffc173b02c48084f8b186a53c','Use2','thinkgem@163.com','8675','8675','','','2013-02-26 16:08:59','0',NULL,NULL),(5,3,3,'user3','c483879feb6704d4780ad0d259cca93ffc173b02c48084f8b186a53c','User3','thinkgem@163.com','8675','8675','','','2013-02-26 16:08:59','0',NULL,NULL),(6,3,3,'user4','c483879feb6704d4780ad0d259cca93ffc173b02c48084f8b186a53c','User4','thinkgem@163.com','8675','8675','','','2013-02-26 16:08:59','0',NULL,NULL),(7,3,3,'user5','c483879feb6704d4780ad0d259cca93ffc173b02c48084f8b186a53c','User5','thinkgem@163.com','8675','8675','','','2013-02-26 16:08:59','0',NULL,NULL),(8,3,3,'user6','c483879feb6704d4780ad0d259cca93ffc173b02c48084f8b186a53c','User6','thinkgem@163.com','8675','8675','','','2013-02-26 16:08:59','0',NULL,NULL),(9,3,3,'user7','c483879feb6704d4780ad0d259cca93ffc173b02c48084f8b186a53c','User7','thinkgem@163.com','8675','8675','','','2013-02-26 16:08:59','0',NULL,NULL),(10,3,3,'user8','c483879feb6704d4780ad0d259cca93ffc173b02c48084f8b186a53c','User8','thinkgem@163.com','8675','8675','','','2013-02-26 16:08:59','0',NULL,NULL),(11,3,3,'user9','c483879feb6704d4780ad0d259cca93ffc173b02c48084f8b186a53c','User9','thinkgem@163.com','8675','8675','','','2013-02-26 16:08:59','0',NULL,NULL),(12,3,3,'user10','c483879feb6704d4780ad0d259cca93ffc173b02c48084f8b186a53c','User10','thinkgem@163.com','8675','8675','','','2013-02-26 16:08:59','0',NULL,NULL),(13,3,3,'user11','c483879feb6704d4780ad0d259cca93ffc173b02c48084f8b186a53c','User10','thinkgem@163.com','8675','8675','','','2013-02-26 16:08:59','0',NULL,NULL),(14,3,3,'user12','c483879feb6704d4780ad0d259cca93ffc173b02c48084f8b186a53c','User10','thinkgem@163.com','8675','8675','','','2013-02-26 16:08:59','0',NULL,NULL);

/*Data for the table `sys_user_role` */

insert  into `sys_user_role`(`user_id`,`role_id`) values (1,1),(1,2),(2,1),(2,2),(3,2),(4,2),(5,2),(6,2),(7,2),(8,2),(9,2),(10,2),(11,2),(12,2);
